{"info": {"team type": null, "cutoff": 1500.0, "cutoff deviation": 0, "metagame": "gen7letsgoou", "number of battles": 2}, "data": {"Charizard-Mega-X": {"Moves": {"dragontail": 0.41287570924554795, "earthquake": 0.41287570924554795, "flamethrower": 0.41287570924554795, "flareblitz": 0.41287570924554795}, "Checks and Counters": {}, "Abilities": {"toughclaws": 0.41287570924554795}, "Teammates": {"Pikachu-Starter": 0.41287570924554795, "Dragonite": 0.41287570924554795, "Melmetal": 0.41287570924554795, "Snorlax": 0.41287570924554795, "Zapdos": 0.41287570924554795}, "usage": 0.2001405, "Items": {"charizarditex": 0.41287570924554795}, "Raw count": 1, "Spreads": {"Naive:0/0/0/0/0/0": 0.41287570924554795}, "Happiness": {"70": 0.41287570924554795}, "Viability Ceiling": [1, 47, 47, 47]}, "Melmetal": {"Moves": {"doubleironbash": 2.0629293636003077, "icepunch": 2.0629293636003077, "acidarmor": 0.41287570924554795, "thunderwave": 0.755432333661022, "toxic": 0.41287570924554795, "earthquake": 1.6500536543547597, "thunderpunch": 0.8946213206937377}, "Checks and Counters": {}, "Abilities": {"noability": 2.0629293636003077}, "Teammates": {"Muk-Alola": 1.6500536543547597, "Starmie": 0.755432333661022, "Dragonite": 0.41287570924554795, "Dugtrio-Alola": 0.755432333661022, "Charizard-Mega-X": 0.41287570924554795, "Exeggutor-Alola": 0.8946213206937377, "Mew": 0.8946213206937377, "Snorlax": 0.41287570924554795, "Zapdos": 1.16830804290657, "Clefable": 0.755432333661022, "Nidoqueen": 0.8946213206937377, "Pikachu-Starter": 0.41287570924554795, "Beedrill-Mega": 0.8946213206937377}, "usage": 1.0, "Items": {"nothing": 2.0629293636003077}, "Raw count": 4, "Spreads": {"Adamant:0/0/0/0/0/0": 1.6500536543547597, "Careful:0/0/0/0/0/0": 0.41287570924554795}, "Happiness": {"70": 2.0629293636003077}, "Viability Ceiling": [3, 66, 66, 66]}, "Starmie": {"Moves": {"hydropump": 0.755432333661022, "psychic": 0.755432333661022, "recover": 0.755432333661022, "thunderbolt": 0.755432333661022}, "Checks and Counters": {}, "Abilities": {"noability": 0.755432333661022}, "Teammates": {"Clefable": 0.755432333661022, "Muk-Alola": 0.755432333661022, "Dugtrio-Alola": 0.755432333661022, "Zapdos": 0.755432333661022, "Melmetal": 0.755432333661022}, "usage": 0.36619399999999996, "Items": {"nothing": 0.755432333661022}, "Raw count": 2, "Spreads": {"Timid:0/0/0/0/0/0": 0.755432333661022}, "Happiness": {"70": 0.755432333661022}, "Viability Ceiling": [1, 48, 48, 48]}, "Dragonite": {"Moves": {"dragontail": 0.41287570924554795, "aquajet": 0.41287570924554795, "firepunch": 0.41287570924554795, "earthquake": 0.41287570924554795}, "Checks and Counters": {}, "Abilities": {"noability": 0.41287570924554795}, "Teammates": {"Charizard-Mega-X": 0.41287570924554795, "Pikachu-Starter": 0.41287570924554795, "Melmetal": 0.41287570924554795, "Snorlax": 0.41287570924554795, "Zapdos": 0.41287570924554795}, "usage": 0.2001405, "Items": {"nothing": 0.41287570924554795}, "Raw count": 1, "Spreads": {"Jolly:0/0/0/0/0/0": 0.41287570924554795}, "Happiness": {"70": 0.41287570924554795}, "Viability Ceiling": [1, 47, 47, 47]}, "Dugtrio-Alola": {"Moves": {"suckerpunch": 0.755432333661022, "earthquake": 0.755432333661022, "substitute": 0.755432333661022, "rockslide": 0.755432333661022}, "Checks and Counters": {}, "Abilities": {"noability": 0.755432333661022}, "Teammates": {"Starmie": 0.755432333661022, "Clefable": 0.755432333661022, "Muk-Alola": 0.755432333661022, "Zapdos": 0.755432333661022, "Melmetal": 0.755432333661022}, "usage": 0.36619399999999996, "Items": {"nothing": 0.755432333661022}, "Raw count": 2, "Spreads": {"Jolly:0/0/0/0/0/0": 0.755432333661022}, "Happiness": {"70": 0.755432333661022}, "Viability Ceiling": [1, 48, 48, 48]}, "Muk-Alola": {"Moves": {"crunch": 0.755432333661022, "darkpulse": 0.8946213206937377, "foulplay": 0.8946213206937377, "icepunch": 0.755432333661022, "toxic": 1.6500536543547597, "fireblast": 1.6500536543547597}, "Checks and Counters": {}, "Abilities": {"noability": 1.6500536543547597}, "Teammates": {"Melmetal": 1.6500536543547597, "Starmie": 0.755432333661022, "Dugtrio-Alola": 0.755432333661022, "Exeggutor-Alola": 0.8946213206937377, "Mew": 0.8946213206937377, "Zapdos": 0.755432333661022, "Clefable": 0.755432333661022, "Nidoqueen": 0.8946213206937377, "Beedrill-Mega": 0.8946213206937377}, "usage": 0.7998595000000001, "Items": {"nothing": 1.6500536543547597}, "Raw count": 3, "Spreads": {"Sassy:0/0/0/0/0/0": 0.755432333661022, "Calm:0/0/0/0/0/0": 0.8946213206937377}, "Happiness": {"70": 1.6500536543547597}, "Viability Ceiling": [2, 66, 66, 66]}, "Exeggutor-Alola": {"Moves": {"teleport": 0.8946213206937377, "megadrain": 0.8946213206937377, "flamethrower": 0.8946213206937377, "dragonpulse": 0.8946213206937377}, "Checks and Counters": {}, "Abilities": {"noability": 0.8946213206937377}, "Teammates": {"Muk-Alola": 0.8946213206937377, "Mew": 0.8946213206937377, "Melmetal": 0.8946213206937377, "Beedrill-Mega": 0.8946213206937377, "Nidoqueen": 0.8946213206937377}, "usage": 0.4336655, "Items": {"nothing": 0.8946213206937377}, "Raw count": 1, "Spreads": {"Modest:0/0/0/0/0/0": 0.8946213206937377}, "Happiness": {"70": 0.8946213206937377}, "Viability Ceiling": [1, 66, 66, 66]}, "Mew": {"Moves": {"uturn": 0.8946213206937377, "psychic": 0.8946213206937377, "roost": 0.8946213206937377, "willowisp": 0.8946213206937377}, "Checks and Counters": {}, "Abilities": {"noability": 0.8946213206937377}, "Teammates": {"Muk-Alola": 0.8946213206937377, "Exeggutor-Alola": 0.8946213206937377, "Melmetal": 0.8946213206937377, "Beedrill-Mega": 0.8946213206937377, "Nidoqueen": 0.8946213206937377}, "usage": 0.4336655, "Items": {"nothing": 0.8946213206937377}, "Raw count": 1, "Spreads": {"Bold:0/0/0/0/0/0": 0.8946213206937377}, "Happiness": {"70": 0.8946213206937377}, "Viability Ceiling": [1, 66, 66, 66]}, "Snorlax": {"Moves": {"substitute": 0.41287570924554795, "earthquake": 0.41287570924554795, "rest": 0.41287570924554795, "shadowball": 0.41287570924554795}, "Checks and Counters": {}, "Abilities": {"noability": 0.41287570924554795}, "Teammates": {"Charizard-Mega-X": 0.41287570924554795, "Dragonite": 0.41287570924554795, "Melmetal": 0.41287570924554795, "Pikachu-Starter": 0.41287570924554795, "Zapdos": 0.41287570924554795}, "usage": 0.2001405, "Items": {"nothing": 0.41287570924554795}, "Raw count": 1, "Spreads": {"Sassy:0/0/0/0/0/0": 0.41287570924554795}, "Happiness": {"70": 0.41287570924554795}, "Viability Ceiling": [1, 47, 47, 47]}, "Zapdos": {"Moves": {"uturn": 0.755432333661022, "thunderbolt": 1.16830804290657, "drillpeck": 0.41287570924554795, "roost": 1.16830804290657, "reflect": 0.755432333661022, "thunderwave": 0.41287570924554795}, "Checks and Counters": {}, "Abilities": {"noability": 1.16830804290657}, "Teammates": {"Muk-Alola": 0.755432333661022, "Melmetal": 1.16830804290657, "Starmie": 0.755432333661022, "Dragonite": 0.41287570924554795, "Dugtrio-Alola": 0.755432333661022, "Charizard-Mega-X": 0.41287570924554795, "Snorlax": 0.41287570924554795, "Clefable": 0.755432333661022, "Pikachu-Starter": 0.41287570924554795}, "usage": 0.5663345000000001, "Items": {"nothing": 1.16830804290657}, "Raw count": 3, "Spreads": {"Gentle:0/0/0/0/0/0": 0.41287570924554795, "Timid:0/0/0/0/0/0": 0.755432333661022}, "Happiness": {"70": 1.16830804290657}, "Viability Ceiling": [2, 48, 48, 48]}, "Clefable": {"Moves": {"stealthrock": 0.755432333661022, "thunderwave": 0.755432333661022, "fireblast": 0.755432333661022, "moonblast": 0.755432333661022}, "Checks and Counters": {}, "Abilities": {"noability": 0.755432333661022}, "Teammates": {"Starmie": 0.755432333661022, "Muk-Alola": 0.755432333661022, "Dugtrio-Alola": 0.755432333661022, "Zapdos": 0.755432333661022, "Melmetal": 0.755432333661022}, "usage": 0.36619399999999996, "Items": {"nothing": 0.755432333661022}, "Raw count": 2, "Spreads": {"Modest:0/0/0/0/0/0": 0.755432333661022}, "Happiness": {"70": 0.755432333661022}, "Viability Ceiling": [1, 48, 48, 48]}, "Nidoqueen": {"Moves": {"toxic": 0.8946213206937377,