{"info": {"team type": null, "cutoff": 1760.0, "cutoff deviation": 0, "metagame": "gen9350cup", "number of battles": 4}, "data": {"Salandit": {"Moves": {"sludgebomb": 1.8278079588207596e-06, "protect": 0.00015138876248238509, "terablast": 1.8278079588207596e-06, "dragonpulse": 1.8278079588207596e-06, "substitute": 0.00015138876248238509, "toxic": 0.00015138876248238509, "fireblast": 1.8278079588207596e-06, "flamethrower": 0.00015138876248238509}, "Checks and Counters": {}, "Abilities": {"corrosion": 0.00015321657044120585}, "Teammates": {"Crabrawler": 0.00015138876248238509, "Delibird": 0.00015138876248238509, "Pikachu": 1.8278079588207596e-06, "Staravia": 1.8278079588207596e-06, "Pawniard": 0.00015138876248238509, "Cacnea": 0.00015138876248238509, "Maschiff": 1.8278079588207596e-06, "Sprigatito": 1.8278079588207596e-06, "Sobble": 1.8278079588207596e-06, "Clauncher": 0.00015138876248238509}, "usage": 0.0009193, "Items": {"leftovers": 0.00015138876248238509, "choicespecs": 1.8278079588207596e-06}, "Raw count": 3, "Spreads": {"Timid:0/0/0/252/4/252": 1.8278079588207596e-06, "Timid:248/0/0/8/0/252": 0.00015138876248238509}, "Happiness": {"255": 0.00015321657044120585}, "Viability Ceiling": [2, 45, 45, 45]}, "Delibird": {"Moves": {"drillrun": 0.00015138876248238509, "icepunch": 0.00015138876248238509, "bravebird": 0.00015138876248238509, "fakeout": 0.00015138876248238509, "rapidspin": 0.0}, "Checks and Counters": {}, "Abilities": {"vitalspirit": 0.0, "hustle": 0.00015138876248238509}, "Teammates": {"Salandit": 0.00015138876248238509, "Crabrawler": 0.00015138876248238509, "Tinkatink": 0.0, "Grookey": 0.0, "Drowzee": 0.0, "Arrokuda": 0.0, "Pawniard": 0.00015138876248238509, "Cacnea": 0.00015138876248238509, "Axew": 0.0, "Clauncher": 0.00015138876248238509}, "usage": 0.0009082999999999999, "Items": {"lifeorb": 0.00015138876248238509, "heavydutyboots": 0.0}, "Raw count": 3, "Spreads": {"Jolly:0/252/0/0/4/252": 0.00015138876248238509}, "Happiness": {"255": 0.00015138876248238509}, "Viability Ceiling": [2, 45, 45, 45]}, "Crabrawler": {"Moves": {"drainpunch": 0.00015138876248238509, "crabhammer": 0.00015138876248238509, "icepunch": 0.00015138876248238509, "thunderpunch": 0.00015138876248238509}, "Checks and Counters": {}, "Abilities": {"ironfist": 0.00015138876248238509}, "Teammates": {"Salandit": 0.00015138876248238509, "Clauncher": 0.00015138876248238509, "Delibird": 0.00015138876248238509, "Pawniard": 0.00015138876248238509, "Cacnea": 0.00015138876248238509}, "usage": 0.0009082999999999999, "Items": {"punchingglove": 0.00015138876248238509}, "Raw count": 2, "Spreads": {"Adamant:252/252/0/0/4/0": 0.00015138876248238509}, "Happiness": {"255": 0.00015138876248238509}, "Viability Ceiling": [1, 45, 45, 45]}, "Pawniard": {"Moves": {"ironhead": 0.00015138876248238509, "thunderwave": 0.00015138876248238509, "brickbreak": 0.00015138876248238509, "irondefense": 0.00015138876248238509}, "Checks and Counters": {}, "Abilities": {"defiant": 0.00015138876248238509}, "Teammates": {"Salandit": 0.00015138876248238509, "Crabrawler": 0.00015138876248238509, "Delibird": 0.00015138876248238509, "Clauncher": 0.00015138876248238509, "Cacnea": 0.00015138876248238509}, "usage": 0.0009082999999999999, "Items": {"leftovers": 0.00015138876248238509}, "Raw count": 2, "Spreads": {"Adamant:252/252/0/0/4/0": 0.00015138876248238509}, "Happiness": {"255": 0.00015138876248238509}, "Viability Ceiling": [1, 45, 45, 45]}, "Cacnea": {"Moves": {"seedbomb": 0.00015138876248238509, "leechseed": 0.0, "poisonjab": 0.00015138876248238509, "drainpunch": 0.00015138876248238509, "suckerpunch": 0.00015138876248238509, "spikes": 0.0}, "Checks and Counters": {}, "Abilities": {"waterabsorb": 0.00015138876248238509}, "Teammates": {"Salandit": 0.00015138876248238509, "Delibird": 0.00015138876248238509, "Crabrawler": 0.00015138876248238509, "Pawniard": 0.00015138876248238509, "Axew": 0.0, "Cufant": 0.0, "Numel": 0.0, "Buizel": 0.0, "Clauncher": 0.00015138876248238509, "Pelipper": 0.0}, "usage": 0.0009082999999999999, "Items": {"rockyhelmet": 0.0, "choiceband": 0.00015138876248238509}, "Raw count": 3, "Spreads": {"Adamant:248/252/0/0/8/0": 0.00015138876248238509, "Careful:248/8/0/0/252/0": 0.0}, "Happiness": {"255": 0.00015138876248238509}, "Viability Ceiling": [2, 55, 55, 55]}, "Clauncher": {"Moves": {"aurasphere": 0.00015138876248238509, "waterpulse": 0.00015138876248238509, "aquajet": 0.00015138876248238509, "dragonpulse": 0.00015138876248238509}, "Checks and Counters": {}, "Abilities": {"megalauncher": 0.00015138876248238509}, "Teammates": {"Salandit": 0.00015138876248238509, "Crabrawler": 0.00015138876248238509, "Delibird": 0.00015138876248238509, "Pawniard": 0.00015138876248238509, "Cacnea": 0.00015138876248238509}, "usage": 0.0009082999999999999, "Items": {"choicespecs": 0.00015138876248238509}, "Raw count": 2, "Spreads": {"Quiet:248/8/0/252/0/0": 0.00015138876248238509}, "Happiness": {"255": 0.00015138876248238509}, "Viability Ceiling": [1, 45, 45, 45]}}}