{"info": {"team type": null, "cutoff": 1760.0, "cutoff deviation": 0, "metagame": "gen2nu", "number of battles": 7}, "data": {"Tentacool": {"Moves": {"toxic": 0.6348014133908864, "sludgebomb": 0.6348014133908864, "hydropump": 0.6348014133908864, "rapidspin": 0.6348014133908864}, "Checks and Counters": {}, "Abilities": {"noability": 0.6348014133908864}, "Teammates": {"Stantler": 0.24807552139311256, "Dewgong": 0.24807552139311256, "Wigglytuff": 0.24807552139311256, "Weezing": 0.24807552139311256, "Porygon": 0.24807552139311256}, "usage": 0.6038932, "Items": {"leftovers": 0.6348014133908864}, "Raw count": 3, "Spreads": {"Serious:252/252/252/252/252/252": 0.6348014133908864}, "Happiness": {"255": 0.6348014133908864}, "Viability Ceiling": [1, 77, 77, 77]}, "Primeape": {"Moves": {"hiddenpowerbug": 0.0917523992280132, "detect": 0.0, "reversal": 0.0917523992280132, "rockslide": 0.0921146981779129, "counter": 1.1601830607332886e-14, "lowkick": 0.0, "icepunch": 0.0, "meditate": 0.0003622989498996976, "firepunch": 0.0, "doubleedge": 0.00036229894988809574, "endure": 0.0917523992280132, "crosschop": 0.0003622989498996976}, "Checks and Counters": {}, "Abilities": {"noability": 0.0921146981779129}, "Teammates": {"Octillery": 1.1601830607332886e-14, "Weezing": 1.1601830607332886e-14, "Dugtrio": 0.0917523992280248, "Gastly": 0.0917523992280132, "Corsola": 0.0917523992280132, "Dragonair": 0.0, "Persian": 1.1601830607332886e-14, "Dewgong": 1.1601830607332886e-14, "Beedrill": 0.0, "Arbok": 0.0, "Parasect": 0.0917523992280132, "Mantine": 0.0, "Murkrow": 0.0917523992280132}, "usage": 0.223354, "Items": {"leftovers": 0.00036229894988809574, "berserkgene": 0.0, "miracleberry": 0.0917523992280248}, "Raw count": 4, "Spreads": {"Serious:252/252/252/252/252/252": 0.0921146981779129}, "Happiness": {"255": 0.0921146981779129}, "Viability Ceiling": [4, 69, 69, 69]}, "Wigglytuff": {"Moves": {"curse": 0.6349901481937934, "thunderbolt": 0.0, "thunder": 0.1280584187697777, "psychic": 0.0, "rest": 0.7630485669635712, "sleeptalk": 0.7630485669635712, "bodyslam": 0.7628598321606641, "doubleedge": 0.00018873480290698685, "icebeam": 0.0, "return": 0.0, "flamethrower": 0.0}, "Checks and Counters": {}, "Abilities": {"noability": 0.7630485669635712}, "Teammates": {"Octillery": 0.00018873480290698685, "Weezing": 0.24807552139311256, "Dugtrio": 0.00018873480290698685, "Sudowoodo": 0.07076977083965086, "Flareon": 0.0, "Skiploom": 0.07076977083965086, "Persian": 0.0, "Tentacool": 0.24807552139311256, "Kingler": 0.0, "Hitmonlee": 0.0, "Porygon": 0.24807552139311256, "Dewgong": 0.3188452922327634, "Murkrow": 0.07076977083965086, "Ninetales": 0.00018873480290698685, "Cubone": 0.07076977083965086, "Stantler": 0.24807552139311256, "Arbok": 0.0, "Xatu": 0.00018873480290698685, "Mantine": 0.0, "Pineco": 0.00018873480290698685}, "usage": 0.7766284, "Items": {"leftovers": 0.7630485669635712}, "Raw count": 10, "Spreads": {"Serious:252/252/252/252/252/252": 0.7630485669635712}, "Happiness": {"255": 0.7630485669635712}, "Viability Ceiling": [5, 77, 77, 77]}, "Dugtrio": {"Moves": {"sludgebomb": 7.2487108702112835e-06, "rockslide": 0.091948382741802, "screech": 0.09194113403093179, "hiddenpowerflying": 7.2487108702112835e-06, "earthquake": 0.091948382741802, "substitute": 0.09194113403093179}, "Checks and Counters": {}, "Abilities": {"noability": 0.091948382741802}, "Teammates": {"Octillery": 0.00018873480291858868, "Primeape": 0.0917523992280248, "Weezing": 1.1601830607332886e-14, "Graveler": 7.2487108702112835e-06, "Gastly": 0.0917523992280132, "Corsola": 0.0917523992280132, "Fearow": 7.2487108702112835e-06, "Persian": 1.1601830607332886e-14, "Dewgong": 1.1601830607332886e-14, "Pineco": 0.00018873480290698685, "Ninetales": 0.00019598351377719814, "Cubone": 7.2487108702112835e-06, "Wigglytuff": 0.00018873480290698685, "Hitmonlee": 7.2487108702112835e-06, "Parasect": 0.0917523992280132, "Xatu": 0.00018873480290698685, "Murkrow": 0.0917523992280132}, "usage": 0.22383109999999998, "Items": {"leftovers": 0.09194113403093179, "berserkgene": 7.2487108702112835e-06}, "Raw count": 4, "Spreads": {"Serious:252/252/252/252/252/252": 0.091948382741802}, "Happiness": {"255": 0.091948382741802}, "Viability Ceiling": [4, 69, 69, 69]}, "Sudowoodo": {"Moves": {"earthquake": 0.1280584187697777, "curse": 0.0, "selfdestruct": 0.1280584187697777, "psychup": 0.1280584187697777, "rockslide": 0.1280584187697777}, "Checks and Counters": {}, "Abilities": {"noability": 0.1280584187697777}, "Teammates": {"Octillery": 0.0, "Wigglytuff": 0.07076977083965086, "Skiploom": 0.07076977083965086, "Kingler": 0.0, "Dewgong": 0.07076977083965086, "Cubone": 0.07076977083965086, "Weezing": 0.0, "Xatu": 0.0, "Murkrow": 0.07076977083965086}, "usage": 0.1722757, "Items": {"leftovers": 0.1280584187697777}, "Raw count": 3, "Spreads": {"Serious:252/252/252/252/252/252": 0.1280584187697777}, "Happiness": {"255": 0.1280584187697777}, "Viability Ceiling": [2, 68, 68, 68]}, "Gastly": {"Moves": {"hypnosis": 0.0917523992280132, "psychic": 0.0917523992280132, "explosion": 0.0917523992280132, "thunder": 0.0917523992280132}, "Checks and Counters": {}, "Abilities": {"noability": 0.0917523992280132}, "Teammates": {"Murkrow": 0.0917523992280132, "Parasect": 0.0917523992280132, "Corsola": 0.0917523992280132, "Dugtrio": 0.0917523992280132, "Primeape": 0.0917523992280132}, "usage": 0.223354, "Items": {"leftovers": 0.0917523992280132}, "Raw count": 1, "Spreads": {"Serious:252/252/252/252/252/252": 0.0917523992280132}, "Happiness": {"255": 0.0917523992280132}, "Viability Ceiling": [1, 69, 69, 69]}, "Corsola": {"Moves": {"surf": 0.0917523992280132, "recover": 0.0917523992280132, "mirrorcoat": 0.0917523992280132, "earthquake": 0.0, "ancientpower": 0.0917523992280132, "psychic": 0.0}, "Checks and Counters": {}, "Abilities": {"noability": 0.0917523992280132}, "Teammates": {"Primeape": 0.0917523992280132, "Dugtrio": 0.0917523992280132, "Gastly": 0.0917523992280132, "Dragonair": 0.0, "Beedrill": 0.0, "Arbok": 0.0, "Parasect": 0.0917523992280132, "Mantine": 0.0, "Murkrow": 0.0917523992280132}, "usage": 0.223354, "Items": {"leftovers": 0.0917523992280132}, "Raw count": 2, "Spreads": {"Serious:252/252/252/252/252/252": 0.0917523992280132}, "Happiness": {"255": 0.0917523992280132}, "Viability Ceiling": [2, 69, 69, 69]}, "Octillery": {"Moves": {"surf": 0.00018873480291858868, "hiddenpowergrass": 0.0, "rest": 0.00018873480291858868, "hiddenpowerelectric": 1.1601830607332886e-14, "sleeptalk": 0.00018873480291858868, "icebeam": 0.00018873480290698685, "flamethrower": 0.0}, "Checks and Counters": {}, "Abilities": {"noability": 0.00018873480291858868}, "Teammates": {"Primeape": 1.1601830607332886e-14, "Weezing": 1.1601830607332886e-14, "Dugtrio": 0.00018873480291858868, "Sudowoodo": 0.0, "Flareon": 0.0, "Kingler": 0.0, "Persian": 1.1601830607332886e-14, "Dewgong": 1.1601830607332886e-14, "Ninetales": 0.00018873480290698685, "Wigglytuff": 0.00018873480290698685, "Hitmonlee": 0.0, "Xatu": 0.00018873480290698685, "Arbok": 0.0, "Pineco": 0.00018873480290698685}, "usage": 0.0004594, "Items": {"leftovers": 0.00018873480291858868}, "Raw count": 4, "Spreads": {"Serious:252/252/252/252/252/252": 0.00018873480291858868, "Serious:252/0/252/252/252/252": 0.0}, "Happiness": {"255": 0.00018873480291858868}, "Viability Ceiling": [4, 59, 59, 59]}, "Porygon": {"Moves": {"thunderwave": 0.6348014133908864, "recover": 0.6348014133908864, "return": 0.6348014133908864, "curse": 0.6348014133908864}, "Checks and Counters": {}, "Abilities": {"noability": 0.6348014133908864}, "Teammates": {"Stantler": 0.24807552139311256, "Tentacool": 0.24807552139311256, "Dewgong": 0.24807552139311256, "Wigglytuff": 0.24807552139311256, "Weezing": 0.24807552139311256}, "usage": 0.6038932, "Items": {"leftovers": 0.6348014133908864}, "Raw count": 3, "Spreads": {"Serious:252/252/252/252/252/252": 0.6348014133908864}, "Happiness": {"255": 0.6348014133908864}, "Viability Ceiling": [1, 77, 77, 77]},