{"info": {"team type": null, "cutoff": 1760.0, "cutoff deviation": 0, "metagame": "gen1pu", "number of battles": 23}, "data": {"Machamp": {"Moves": {"submission": 2.4209816724388222, "rockslide": 0.000148366485701934, "bodyslam": 2.42740316875208, "lowkick": 0.006569862798959769, "earthquake": 2.4275515352377823, "hyperbeam": 2.4275515352377823}, "Checks and Counters": {}, "Abilities": {"noability": 2.4275515352377823}, "Teammates": {"Magneton": 0.000148366485701934, "Pinsir": 1.6514674133874558, "Arcanine": 0.7153183112604757, "Omanyte": 0.8306509613950651, "Scyther": 0.583189581351129, "Graveler": 0.4777477992552837, "Fearow": 0.00020472512177188706, "Machoke": 0.0, "Primeape": 0.0, "Hitmonchan": 0.0, "Mankey": 0.0, "Staryu": 1.3083987606503489, "Hitmonlee": 0.0, "Vileplume": 1.3083424020142789, "Seaking": 2.1293072204923718, "Rapidash": 0.8210211771141627, "Nidoqueen": 0.8210211771141627}, "usage": 0.9160751, "Items": {"nothing": 2.4275515352377823}, "Raw count": 15, "Spreads": {"Serious:252/252/252/252/252/252": 2.4275515352377823}, "Happiness": {"255": 2.4275515352377823}, "Viability Ceiling": [6, 79, 79, 78]}, "Porygon": {"Moves": {"thunderbolt": 0.045863756843598835, "blizzard": 0.04694153559272307, "psychic": 0.0, "thunderwave": 0.04694153559272307, "doubleedge": 0.0010777787491242363, "icebeam": 0.0, "recover": 0.04694153559272307, "hyperbeam": 0.0}, "Checks and Counters": {}, "Abilities": {"noability": 0.04694153559272307}, "Teammates": {"Magneton": 0.0, "Pinsir": 2.2409327898764708e-05, "Ditto": 0.0, "Magmar": 0.0007340249344739425, "Flareon": 0.0, "Pidgeot": 0.0, "Drowzee": 0.04657537245017401, "Graveler": 0.004516965858605504, "Dragonair": 0.00268394709182157, "Vileplume": 0.0431574004238785, "Arcanine": 2.2409327898764708e-05, "Seaking": 0.04132438165709457, "Sandslash": 2.2409327898764708e-05, "Fearow": 0.002589453029156641, "Farfetch'd": 0.0, "Onix": 0.0, "Lickitung": 0.0, "Rapidash": 0.04474235368339008, "Nidoqueen": 0.04659778177807278}, "usage": 0.0200469, "Items": {"nothing": 0.04694153559272307}, "Raw count": 12, "Spreads": {"Serious:252/252/252/252/252/252": 0.04694153559272307}, "Happiness": {"255": 0.04694153559272307}, "Viability Ceiling": [6, 70, 70, 69]}, "Pinsir": {"Moves": {"submission": 0.6060389993399097, "bind": 1.3827677526633875, "swordsdance": 0.0036281333928585013, "bodyslam": 0.0036057240649597366, "substitute": 1.9430855066978368, "slash": 1.9659573340145162, "seismictoss": 1.9695406487515772, "hyperbeam": 0.0036281333928585013}, "Checks and Counters": {}, "Abilities": {"noability": 1.9695630580794758}, "Teammates": {"Machamp": 1.6514674133874558, "Arcanine": 0.24125500403412042, "Omanyte": 0.8535003793838458, "Scyther": 0.583189581351129, "Drowzee": 0.0264551420537405, "Fearow": 0.022871827316679527, "Magmar": 0.022849417988780762, "Porygon": 2.2409327898764708e-05, "Sandslash": 2.2409327898764708e-05, "Staryu": 0.8306509613950651, "Vileplume": 0.8306509613950651, "Seaking": 1.6550731374524155, "Rapidash": 0.8244221760573505, "Nidoqueen": 0.8472940033740302}, "usage": 0.72187, "Items": {"nothing": 1.9695630580794758}, "Raw count": 12, "Spreads": {"Serious:252/252/252/252/252/252": 1.9695630580794758}, "Happiness": {"255": 1.9695630580794758}, "Viability Ceiling": [4, 78, 78, 78]}, "Magmar": {"Moves": {"confuseray": 0.023927196737905, "psychic": 0.023927196737905, "fireblast": 0.023927196737905, "seismictoss": 0.0010777787491242363, "bodyslam": 0.022849417988780762}, "Checks and Counters": {}, "Abilities": {"noability": 0.023927196737905}, "Teammates": {"Charmeleon": 0.0, "Pinsir": 0.022849417988780762, "Arcanine": 0.0, "Omanyte": 0.022849417988780762, "Drowzee": 0.023583442923254705, "Fearow": 0.023583442923254705, "Flareon": 0.0, "Porygon": 0.0007340249344739425, "Ponyta": 0.0, "Rapidash": 0.0007340249344739425, "Nidoqueen": 0.023583442923254705}, "usage": 0.010145900000000001, "Items": {"nothing": 0.023927196737905}, "Raw count": 5, "Spreads": {"Serious:252/252/252/252/252/252": 0.023927196737905}, "Happiness": {"255": 0.023927196737905}, "Viability Ceiling": [3, 60, 60, 60]}, "Omanyte": {"Moves": {"surf": 0.8600702421828057, "blizzard": 0.28316619712063895, "rest": 0.8600702436535896, "bodyslam": 0.022849419459564757, "icebeam": 0.5769040465329507, "hydropump": 0.006569864269743764, "substitute": 0.8306509613950651}, "Checks and Counters": {}, "Abilities": {"noability": 0.8600702436535896}, "Teammates": {"Machamp": 0.8306509613950651, "Pinsir": 0.8535003793838458, "Arcanine": 1.470783994594882e-09, "Graveler": 1.470783994594882e-09, "Drowzee": 0.022849417988780762, "Slowpoke": 1.470783994594882e-09, "Fearow": 0.022849417988780762, "Magmar": 0.022849417988780762, "Weepinbell": 1.470783994594882e-09, "Wartortle": 0.0, "Staryu": 0.8306509613950651, "Vileplume": 0.8306509613950651, "Seaking": 0.8306509613950651, "Poliwag": 0.0, "Nidoqueen": 0.022849419459564757}, "usage": 0.367185, "Items": {"nothing": 0.8600702436535896}, "Raw count": 9, "Spreads": {"Serious:252/252/252/252/252/252": 0.8600702436535896}, "Happiness": {"255": 0.8600702436535896}, "Viability Ceiling": [5, 78, 78, 78]}, "Scyther": {"Moves": {"agility": 0.0, "swordsdance": 0.583189581351129, "hyperbeam": 0.583189581351129, "slash": 0.583189581351129, "wingattack": 0.0, "substitute": 0.583189581351129}, "Checks and Counters": {}, "Abilities": {"noability": 0.583189581351129}, "Teammates": {"Machamp": 0.583189581351129, "Primeape": 0.0, "Flareon": 0.0, "Fearow": 0.0, "Pinsir": 0.583189581351129, "Muk": 0.0, "Abra": 0.0, "Arbok": 0.0, "Onix": 0.0, "Seaking": 0.583189581351129, "Rapidash": 0.583189581351129, "Nidoqueen": 0.583189581351129}, "usage": 0.2508944, "Items": {"nothing": 0.583189581351129}, "Raw count": 4, "Spreads": {"Serious:252/252/252/252/252/252": 0.583189581351129}, "Happiness": {"255": 0.583189581351129}, "Viability Ceiling": [3, 78, 78, 78]}, "Drowzee": {"Moves": {"psychic": 0.2581367828911524, "rest": 0.04132438165709457, "hypnosis": 0.2581367828911524, "thunderwave": 0.258099972978164, "bodyslam": 3.68099129883781e-05, "seismictoss": 0.21681240123405782}, "Checks and Counters": {}, "Abilities": {"noability": 0.2581367828911524}, "Teammates": {"Magneton": 3.68099129883781e-05, "Pinsir": 0.0264551420537405, "Rapidash": 0.04911043418227118, "Arcanine": 0.0036057240649597366, "Omanyte": 0.022849417988780762, "Graveler": 0.005279322292526867, "Fearow": 0.14741068461358636, "Magmar": 0.023583442923254705, "Porygon": 0.04657537245017401, "Sandslash": 0.12123186648962636, "Dragonair": 0.00268394709182157, "Staryu": 0.12119505657663798, "Vileplume": 0.0431574004238785, "Seaking": 0.16688751873261365, "Muk": 3.68099129883781e-05, "Nidoqueen": 0.19502473742746224}, "usage": 0.0839017, "Items": {"nothing": 0.2581367828911524}, "Raw count": 24, "Spreads": {"Serious:252/252/252/252/252/252": 0.2581367828911524}, "Happiness": {"255": 0.2581367828911524}, "Viability Ceiling": [7, 71, 71, 70]}, "Graveler": {"Moves": {"explosion": 0.4830271215478106, "rockslide": 0.4830271230185946, "counter": 5.6360106853947656e-05, "bodyslam": 0.005279323763310861, "earthquake": 0.4830271230185946, "substitute": 0.47769144061921376}, "Checks and Counters": {}, "Abilities": {"noability": 0.4830271230185946}, "Teammates": {"Machamp": 0.4777477992552837, "Omanyte": 1.470783994594882e-09, "Porygon": 0.004516965858605504, "Drowzee": 0.005279322292526867, "Slowpoke": 1.470783994594882e-09, "Dragonair": 0.00268394709182157, "Arcanine": 0.47769144208999775, "Weepinbell": 1.470783994594882e-09, "Fearow": 0.0026517338367752497, "Staryu": 0.4777477992552837, "Vileplume": 0.4795244593859977, "Seaking": 0.4784537970531351, "Rapidash": 0.003502662161812886, "Nidoqueen": 0.0053356823993808145}, "usage": 0.20780349999999997, "Items": {"nothing": 0.4830271230185946}, "Raw count": 11, "Spreads": {"Serious:252/252/252/252/252/252": 0.4830271230185946}, "Happiness": {"255": 0.4830271230185946}, "Viability Ceiling": [4, 79, 79, 79]},