{"info": {"team type": null, "cutoff": 1630.0, "cutoff deviation": 0, "metagame": "gen1rbycap", "number of battles": 9}, "data": {"Starmie": {"Items": {"nothing": 0.3616376712967012}, "Raw count": 5, "Spreads": {"Serious:252/252/252/252/252/252": 0.3616376712967012, "Serious:252/0/252/252/252/252": 0.0}, "Tera Types": {"nothing": 0.3616376712967012}, "Teammates": {"Dragonite": 0.0, "Tauros": 0.15041798949713836, "Slowbro": 0.0, "Chansey": 0.15041798949713836, "Exeggutor": 0.15041798949713836, "Snorlax": 0.0, "Gengar": 0.15041798949713836, "Alakazam": 0.15041798949713836}, "Viability Ceiling": [3, 57, 57, 57], "Abilities": {"noability": 0.3616376712967012}, "Checks and Counters": {}, "usage": 0.9025078999999999, "Moves": {"surf": 0.0, "lightscreen": 0.3616376712967012, "thunderbolt": 0.0, "psychic": 0.3616376712967012, "thunderwave": 0.0, "icebeam": 0.3616376712967012, "hydropump": 0.0, "recover": 0.3616376712967012}, "Happiness": {"255": 0.3616376712967012}}, "Tauros": {"Items": {"nothing": 0.3616376712967012}, "Raw count": 7, "Spreads": {"Serious:252/252/252/252/252/252": 0.3616376712967012}, "Tera Types": {"nothing": 0.3616376712967012}, "Teammates": {"Starmie": 0.15041798949713836, "Dragonite": 0.0, "Chansey": 0.15041798949713836, "Exeggutor": 0.15041798949713836, "Snorlax": 0.0, "Gengar": 0.15041798949713836, "Alakazam": 0.15041798949713836}, "Viability Ceiling": [2, 62, 62, 62], "Abilities": {"noability": 0.3616376712967012}, "Checks and Counters": {}, "usage": 0.9025078999999999, "Moves": {"blizzard": 0.0, "bodyslam": 0.3616376712967012, "hyperbeam": 0.3616376712967012, "icebeam": 0.3616376712967012, "earthquake": 0.3616376712967012, "substitute": 0.0}, "Happiness": {"255": 0.3616376712967012}}, "Chansey": {"Items": {"nothing": 0.3616376712967012}, "Raw count": 10, "Spreads": {"Serious:252/252/252/252/252/252": 0.3616376712967012}, "Tera Types": {"nothing": 0.3616376712967012}, "Teammates": {"Moltres": 0.0, "Starmie": 0.15041798949713836, "Dragonite": 0.0, "Tauros": 0.15041798949713836, "Exeggutor": 0.15041798949713836, "Alakazam": 0.15041798949713836, "Gengar": 0.15041798949713836, "Zapdos": 0.0, "Snorlax": 0.0}, "Viability Ceiling": [4, 62, 62, 62], "Abilities": {"noability": 0.3616376712967012}, "Checks and Counters": {}, "usage": 0.9025078999999999, "Moves": {"fireblast": 0.0, "thunderbolt": 0.0, "submission": 0.0, "blizzard": 0.0, "softboiled": 0.3616376712967012, "counter": 0.0, "reflect": 0.3616376712967012, "thunderwave": 0.3616376712967012, "bodyslam": 0.0, "icebeam": 0.0, "defensecurl": 0.0, "seismictoss": 0.3616376712967012, "substitute": 0.0}, "Happiness": {"255": 0.3616376712967012}}, "Exeggutor": {"Items": {"nothing": 0.3616376712967012}, "Raw count": 10, "Spreads": {"Serious:252/252/252/252/252/252": 0.3616376712967012}, "Tera Types": {"nothing": 0.3616376712967012}, "Teammates": {"Gengar": 0.15041798949713836, "Starmie": 0.15041798949713836, "Cloyster": 0.0, "Tauros": 0.15041798949713836, "Chansey": 0.15041798949713836, "Alakazam": 0.15041798949713836, "Jolteon": 0.0, "Snorlax": 0.0}, "Viability Ceiling": [8, 57, 57, 50], "Abilities": {"noability": 0.3616376712967012}, "Checks and Counters": {}, "usage": 0.9025078999999999, "Moves": {"explosion": 0.3616376712967012, "poisonpowder": 0.0, "leechseed": 0.3616376712967012, "psychic": 0.3616376712967012, "stunspore": 0.0, "reflect": 0.0, "solarbeam": 0.0, "eggbomb": 0.0, "hyperbeam": 0.0, "doubleedge": 0.0, "megadrain": 0.0, "substitute": 0.0, "sleeppowder": 0.3616376712967012}, "Happiness": {"255": 0.3616376712967012}}, "Alakazam": {"Items": {"nothing": 0.3616376712967012}, "Raw count": 20, "Spreads": {"Serious:252/252/252/252/252/252": 0.0, "Serious:252/0/252/252/252/252": 0.3616376712967012}, "Tera Types": {"nothing": 0.3616376712967012}, "Teammates": {"Moltres": 0.0, "Wigglytuff": 0.0, "Jolteon": 0.0, "Starmie": 0.15041798949713836, "Cloyster": 0.0, "Dragonite": 0.0, "Zapdos": 0.0, "Tauros": 0.15041798949713836, "Slowbro": 0.0, "Hypno": 0.0, "Lapras": 0.0, "Chansey": 0.15041798949713836, "Exeggutor": 0.15041798949713836, "Snorlax": 0.0, "Ninetales": 0.0, "Kangaskhan": 0.0, "Charizard": 0.0, "Articuno": 0.0, "Gengar": 0.15041798949713836}, "Viability Ceiling": [13, 62, 62, 56], "Abilities": {"noability": 0.3616376712967012}, "Checks and Counters": {}, "usage": 0.9025078999999999, "Moves": {"seismictoss": 0.0, "submission": 0.0, "confusion": 0.0, "psychic": 0.3616376712967012, "counter": 0.0, "triattack": 0.0, "rest": 0.0, "reflect": 0.3616376712967012, "thunderwave": 0.3616376712967012, "bodyslam": 0.0, "hyperbeam": 0.0, "doubleedge": 0.0, "megakick": 0.0, "recover": 0.3616376712967012, "substitute": 0.0}, "Happiness": {"255": 0.3616376712967012}}, "Gengar": {"Items": {"nothing": 0.3616376712967012}, "Raw count": 20, "Spreads": {"Serious:252/252/252/252/252/252": 0.0, "Serious:252/0/252/252/252/252": 0.3616376712967012}, "Tera Types": {"nothing": 0.3616376712967012}, "Teammates": {"Ninetales": 0.0, "Cloyster": 0.0, "Dragonite": 0.0, "Tauros": 0.15041798949713836, "Snorlax": 0.0, "Kangaskhan": 0.0, "Wigglytuff": 0.0, "Charizard": 0.0, "Pikachu": 0.0, "Jynx": 0.0, "Hypno": 0.0, "Rhydon": 0.0, "Chansey": 0.15041798949713836, "Exeggutor": 0.15041798949713836, "empty": 0.0, "Starmie": 0.15041798949713836, "Lapras": 0.0, "Jolteon": 0.0, "Slowbro": 0.0, "Alakazam": 0.15041798949713836, "Zapdos": 0.0, "Venusaur": 0.0, "Articuno": 0.0, "Blastoise": 0.0}, "Viability Ceiling": [14, 62, 62, 56], "Abilities": {"noability": 0.3616376712967012}, "Checks and Counters": {}, "usage": 0.9025078999999999, "Moves": {"seismictoss": 0.0, "explosion": 0.0, "submission": 0.0, "nightshade": 0.0, "rage": 0.0, "skullbash": 0.0, "psychic": 0.3616376712967012, "megapunch": 0.0, "hypnosis": 0.3616376712967012, "bodyslam": 0.0, "substitute": 0.0, "dreameater": 0.0, "toxic": 0.0, "thunderbolt": 0.0, "confuseray": 0.3616376712967012, "lick": 0.0, "megadrain": 0.3616376712967012, "hyperbeam": 0.0, "counter": 0.0}, "Happiness": {"255": 0.3616376712967012}}}}