{"info": {"team type": null, "cutoff": 1760.0, "cutoff deviation": 0, "metagame": "gen9nationaldexbh", "number of battles": 9}, "data": {"Meloetta": {"Items": {"leftovers": 0.0004242141523913001}, "Raw count": 1, "Spreads": {"Adamant:252/252/252/252/252/252": 0.0004242141523913001}, "Tera Types": {"normal": 0.0004242141523913001}, "Teammates": {"Regirock": 0.0004242141523913001, "Regieleki": 0.0004242141523913001, "Nihilego": 0.0004242141523913001, "Lopunny-Mega": 0.0004242141523913001, "Hatterene": 0.0004242141523913001}, "Viability Ceiling": [1, 44, 44, 44], "Abilities": {"adaptability": 0.0004242141523913001}, "Checks and Counters": {}, "usage": 0.0025453, "Moves": {"drainpunch": 0.0004242141523913001, "swordsdance": 0.0004242141523913001, "direclaw": 0.0004242141523913001, "relicsong": 0.0004242141523913001}, "Happiness": {"255": 0.0004242141523913001}}, "Regieleki": {"Items": {"razorclaw": 0.0004242141523913001, "airballoon": 0.0, "choicespecs": 0.10265497741379948}, "Raw count": 6, "Spreads": {"Timid:252/0/252/252/252/252": 0.10265497741379948, "Hardy:252/252/252/252/252/252": 0.0004242141523913001}, "Tera Types": {"electric": 0.10307919156619078}, "Teammates": {"Hatterene": 0.0004242141523913001, "Meloetta": 0.0004242141523913001, "Koraidon": 0.0, "Shuckle": 0.0, "Nihilego": 0.0004242141523913001, "Regirock": 0.0004242141523913001, "Arceus-Steel": 0.0, "Kyogre-Primal": 0.10265497741379948, "Lopunny-Mega": 0.0004242141523913001, "Kartana": 0.10265497741379948, "Gengar-Mega": 0.0, "Necrozma-Ultra": 0.0, "Heracross-Mega": 0.10265497741379948, "Zacian-Crowned": 0.10265497741379948, "Mewtwo-Mega-Y": 0.10265497741379948}, "Viability Ceiling": [3, 67, 67, 67], "Abilities": {"simple": 0.0, "hadronengine": 0.10265497741379948, "serenegrace": 0.0004242141523913001}, "Checks and Counters": {}, "usage": 0.6184750999999999, "Moves": {"aeroblast": 0.0004242141523913001, "astralbarrage": 0.10265497741379948, "risingvoltage": 0.10265497741379948, "aquacutter": 0.0004242141523913001, "tailglow": 0.0, "voltswitch": 0.10265497741379948, "icebeam": 0.10265497741379948, "electrodrift": 0.0, "drillrun": 0.0004242141523913001, "spacialrend": 0.0004242141523913001, "moongeistbeam": 0.0}, "Happiness": {"255": 0.10307919156619078}}, "Hatterene": {"Items": {"fairyfeather": 0.0004242141523913001}, "Raw count": 1, "Spreads": {"Modest:252/252/252/252/252/252": 0.0004242141523913001}, "Tera Types": {"psychic": 0.0004242141523913001}, "Teammates": {"Regirock": 0.0004242141523913001, "Meloetta": 0.0004242141523913001, "Regieleki": 0.0004242141523913001, "Nihilego": 0.0004242141523913001, "Lopunny-Mega": 0.0004242141523913001}, "Viability Ceiling": [1, 44, 44, 44], "Abilities": {"pixilate": 0.0004242141523913001}, "Checks and Counters": {}, "usage": 0.0025453, "Moves": {"freezingglare": 0.0004242141523913001, "bloodmoon": 0.0004242141523913001, "boomburst": 0.0004242141523913001, "photongeyser": 0.0004242141523913001}, "Happiness": {"255": 0.0004242141523913001}}, "Pikachu": {"Items": {"lightball": 0.0006397991994299135}, "Raw count": 1, "Spreads": {"Timid:252/0/252/0/252/252": 0.0006397991994299135}, "Tera Types": {"electric": 0.0006397991994299135}, "Teammates": {"Rayquaza": 0.0006397991994299135, "Solgaleo": 0.0006397991994299135, "Necrozma-Dawn-Wings": 0.0006397991994299135, "Eternatus": 0.0006397991994299135, "Kangaskhan": 0.0006397991994299135}, "Viability Ceiling": [1, 42, 42, 42], "Abilities": {"imposter": 0.0006397991994299135}, "Checks and Counters": {}, "usage": 0.0038388, "Moves": {"lunardance": 0.0006397991994299135, "spikes": 0.0006397991994299135, "batonpass": 0.0006397991994299135, "whirlwind": 0.0006397991994299135}, "Happiness": {"255": 0.0006397991994299135}}, "Kangaskhan": {"Items": {"nothing": 0.0006397991994299135}, "Raw count": 1, "Spreads": {"Hasty:252/252/252/252/252/252": 0.0006397991994299135}, "Tera Types": {"normal": 0.0006397991994299135}, "Teammates": {"Rayquaza": 0.0006397991994299135, "Pikachu": 0.0006397991994299135, "Necrozma-Dawn-Wings": 0.0006397991994299135, "Solgaleo": 0.0006397991994299135, "Eternatus": 0.0006397991994299135}, "Viability Ceiling": [1, 42, 42, 42], "Abilities": {"intrepidsword": 0.0006397991994299135}, "Checks and Counters": {}, "usage": 0.0038388, "Moves": {"ruination": 0.0006397991994299135, "populationbomb": 0.0006397991994299135, "extremespeed": 0.0006397991994299135, "shadowsneak": 0.0006397991994299135}, "Happiness": {"255": 0.0006397991994299135}}, "Rayquaza": {"Items": {"nothing": 0.0, "rockyhelmet": 0.0, "choiceband": 0.0006397991994299135, "lumberry": 0.0}, "Raw count": 6, "Spreads": {"Adamant:252/252/252/0/252/252": 0.0, "Jolly:252/252/252/0/252/252": 0.0006397991994299135}, "Tera Types": {"dragon": 0.0006397991994299135}, "Teammates": {"Groudon-Primal": 0.0, "Kangaskhan-Mega": 0.0, "Pikachu": 0.0006397991994299135, "Kartana": 0.0, "Kyogre-Primal": 0.0, "Eternatus": 0.0006397991994299135, "Kangaskhan": 0.0006397991994299135, "Necrozma-Dawn-Wings": 0.0006397991994299135, "Solgaleo": 0.0006397991994299135, "Zacian-Crowned": 0.0, "empty": 0.0, "Mewtwo-Mega-Y": 0.0}, "Viability Ceiling": [1, 45, 45, 45], "Abilities": {"speedboost": 0.0, "imposter": 0.0006397991994299135, "protean": 0.0}, "Checks and Counters": {}, "usage": 0.0038388, "Moves": {"uturn": 0.0006397991994299135, "populationbomb": 0.0, "sacredfire": 0.0006397991994299135, "extremespeed": 0.0, "swordsdance": 0.0, "crabhammer": 0.0006397991994299135, "vcreate": 0.0, "thousandarrows": 0.0, "dragonascent": 0.0006397991994299135}, "Happiness": {"255": 0.0006397991994299135}}, "Nihilego": {"Items": {"rockyhelmet": 0.0004242141523913001}, "Raw count": 1, "Spreads": {"Bold:252/252/252/252/252/252": 0.0004242141523913001}, "Tera Types": {"flying": 0.0004242141523913001}, "Teammates": {"Regirock": 0.0004242141523913001, "Meloetta": 0.0004242141523913001, "Regieleki": 0.0004242141523913001, "Lopunny-Mega": 0.0004242141523913001, "Hatterene": 0.0004242141523913001}, "Viability Ceiling": [1, 44, 44, 44], "Abilities": {"furcoat": 0.0004242141523913001}, "Checks and Counters": {}, "usage": 0.0025453, "Moves": {"powergem": 0.0004242141523913001, "snipeshot": 0.0004242141523913001, "malignantchain": 0.0004242141523913001, "irondefense": 0.0004242141523913001}, "Happiness": {"255": 0.0004242141523913001}}, "Kyogre-Primal": {"Items": {"toxicorb": 0.0, "assaultvest": 0.10265497741379948}, "Raw count": 4, "Spreads": {"Relaxed:252/252/252/252/252/0": 0.10265497741379948, "Bold:252/0/252/252/252/252": 0.0}, "Tera Types": {"water": 0.0, "dragon": 0.10265497741379948}, "Teammates": {"Regieleki": 0.10265497741379948, "Kangaskhan-Mega": 0.0, "Rayquaza": 0.0, "Kartana": 0.10265497741379948, "Mewtwo-Mega-Y": 0.10265497741379948, "Zacian-Crowned": 0.10265497741379948, "Groudon-Primal": 0.0, "Heracross-Mega": 0.10265497741379948}, "Viability Ceiling": [2, 67, 67, 67], "Abilities": {"regenerator": 0.10265497741379948, "poisonheal": 0.0}, "Checks and Counters": {}, "usage": 0.6159299, "Moves": {"steameruption": 0.10265497741379948, "scald": 0.0, "firespin": 0.0, "flipturn": 0.10265497741379948, "mortalspin": 0.10265497741379948, "hydrosteam": 0.10265497741379948, "burningbulwark": 0.0, "quiverdance": 0.0}, "Happiness": {"255": 0.10265497741379948}}, "Lopunny-Mega": {"Items": {"lifeorb": 0.0004242141523913001}, "Raw count": 1, "Spreads": {"Adamant:252/252/252/252/252/252": 0.0004242141523913001}, "Tera Types": {"normal": 0.0004242141523913001}, "Teammates": {"Regirock": 0.0004242141523913001, "Meloetta": 0.0004242141523913001, "Regieleki": 0.0004242141523913001, "Nihilego": 0.0004242141523913001, "Hatterene": 0.0004242141523913001}, "Viability Ceiling": [1, 44, 44, 44], "Abilities": {"sheerforce": 0.0004242141523913001}, "Checks and Counters": {}, "usage": 0.0025453, "Moves": {"boltstrike": 0.0004242141523913001, "bodyslam": 0.0004242141523913001, "combattorque": 0.0004242141523913001, "magicaltorque": 0.0004242141523913001}, "Happiness": {"255": 0.0004242141523913001}},