{"info": {"team type": null, "cutoff": 1760.0, "cutoff deviation": 0, "metagame": "gen1rbycap", "number of battles": 49}, "data": {"Machamp": {"Items": {"nothing": 0.04187062957068072}, "Raw count": 3, "Spreads": {"Serious:252/252/252/252/252/252": 0.04187062957068072}, "Tera Types": {"nothing": 0.04187062957068072}, "Teammates": {"Alakazam": 0.029296240411446406, "Chansey": 0.029296240411446406, "Exeggutor": 0.029296240411446406, "Snorlax": 0.029296240411446406, "Jynx": 0.029296240411446406}, "Viability Ceiling": [1, 59, 59, 59], "Abilities": {"noability": 0.04187062957068072}, "Checks and Counters": {}, "usage": 0.0372638, "Moves": {"bodyslam": 0.04187062957068072, "fireblast": 0.04187062957068072, "lowkick": 0.04187062957068072, "hyperbeam": 0.04187062957068072}, "Happiness": {"255": 0.04187062957068072}}, "Raichu": {"Items": {"nothing": 0.10201953695306232}, "Raw count": 6, "Spreads": {"Serious:252/252/252/252/252/252": 0.10201953695306232}, "Tera Types": {"nothing": 0.10201953695306232}, "Teammates": {"Cloyster": 0.02054192002126265, "Chansey": 0.05620754756759627, "Exeggutor": 0.03566562754633362, "Snorlax": 0.05620754756759627, "Gengar": 0.05620754756759627, "Alakazam": 0.05620754756759627}, "Viability Ceiling": [1, 64, 64, 64], "Abilities": {"noability": 0.10201953695306232}, "Checks and Counters": {}, "usage": 0.07149409999999999, "Moves": {"surf": 0.10201953695306232, "lightscreen": 0.10201953695306232, "thunderbolt": 0.10201953695306232, "hyperbeam": 0.10201953695306232}, "Happiness": {"255": 0.10201953695306232}}, "Charizard": {"Items": {"nothing": 0.12754254208171817}, "Raw count": 11, "Spreads": {"Serious:252/252/252/252/252/252": 0.12754254208171817}, "Tera Types": {"nothing": 0.12754254208171817}, "Teammates": {"Gengar": 0.07873202145010028, "Venusaur": 0.0, "Onix": 0.0, "Jynx": 0.002781282955996167, "Vaporeon": 0.0, "Lapras": 0.07873202145010028, "Chansey": 0.08151330440609644, "Exeggutor": 0.08151330440609644, "Snorlax": 0.08151330440609644, "Nidoking": 0.002781282955996167, "Jolteon": 0.0, "Zapdos": 0.0, "Alakazam": 0.0, "Parasect": 0.0, "Electrode": 0.0, "Articuno": 0.0, "Blastoise": 0.0}, "Viability Ceiling": [7, 65, 65, 57], "Abilities": {"noability": 0.12754254208171817}, "Checks and Counters": {}, "usage": 0.1036822, "Moves": {"reflect": 0.124761259125722, "firespin": 0.0, "counter": 0.0, "substitute": 0.002781282955996167, "swordsdance": 0.124761259125722, "mimic": 0.0, "dragonrage": 0.0, "hyperbeam": 0.07873202145010028, "slash": 0.002781282955996167, "megakick": 0.0, "fireblast": 0.04881052063161789, "earthquake": 0.12754254208171817, "flamethrower": 0.0}, "Happiness": {"255": 0.12754254208171817}}, "Kadabra": {"Items": {"nothing": 0.07016167595537032}, "Raw count": 3, "Spreads": {"Serious:252/252/252/252/252/252": 0.07016167595537032}, "Tera Types": {"nothing": 0.07016167595537032}, "Teammates": {"Starmie": 0.07016167595537032, "Alakazam": 0.07016167595537032, "Chansey": 0.07016167595537032, "Snorlax": 0.07016167595537032, "Gengar": 0.07016167595537032}, "Viability Ceiling": [1, 66, 66, 66], "Abilities": {"noability": 0.07016167595537032}, "Checks and Counters": {}, "usage": 0.0892433, "Moves": {"psychic": 0.07016167595537032, "recover": 0.07016167595537032, "thunderwave": 0.07016167595537032, "substitute": 0.07016167595537032}, "Happiness": {"255": 0.07016167595537032}}, "Starmie": {"Items": {"nothing": 0.4197318322581319}, "Raw count": 21, "Spreads": {"Serious:252/252/252/252/252/252": 0.4197318322581319, "Serious:252/0/252/252/252/252": 0.0}, "Tera Types": {"nothing": 0.4197318322581319}, "Teammates": {"Jolteon": 0.0, "Aerodactyl": 0.0, "Kangaskhan": 0.0, "Tauros": 0.0, "Jynx": 0.20913101597207467, "Kadabra": 0.07016167595537032, "Chansey": 0.279292691927445, "Persian": 0.0, "Alakazam": 0.279292691927445, "Gengar": 0.279292691927445, "Zapdos": 0.0, "Snorlax": 0.279292691927445, "Ditto": 0.0}, "Viability Ceiling": [5, 71, 71, 71], "Abilities": {"noability": 0.4197318322581319}, "Checks and Counters": {}, "usage": 0.35525100000000004, "Moves": {"surf": 0.0, "lightscreen": 0.0, "thunderbolt": 0.4197318322581319, "blizzard": 0.4197318322581319, "psychic": 0.4197318322581319, "reflect": 0.0, "triattack": 0.0, "icebeam": 0.0, "hydropump": 0.0, "recover": 0.4197318322581319, "substitute": 0.0}, "Happiness": {"255": 0.4197318322581319}}, "Gyarados": {"Items": {"nothing": 0.034765466737361916}, "Raw count": 4, "Spreads": {"Serious:252/252/252/252/252/252": 0.034765466737361916}, "Tera Types": {"nothing": 0.034765466737361916}, "Teammates": {"Gengar": 0.034765466737361916, "Chansey": 0.034765466737361916, "Alakazam": 0.034765466737361916, "Nidoking": 0.034765466737361916, "Ninetales": 0.0, "Venusaur": 0.0, "Snorlax": 0.034765466737361916}, "Viability Ceiling": [3, 65, 65, 65], "Abilities": {"noability": 0.034765466737361916}, "Checks and Counters": {}, "usage": 0.044220499999999996, "Moves": {"surf": 0.034765466737361916, "thunderbolt": 0.034765466737361916, "blizzard": 0.034765466737361916, "thunder": 0.0, "hydropump": 0.0, "fireblast": 0.034765466737361916, "hyperbeam": 0.0}, "Happiness": {"255": 0.034765466737361916}}, "Zapdos": {"Items": {"nothing": 0.013809403373119922}, "Raw count": 11, "Spreads": {"Serious:184/100/144/192/192/176": 0.0, "Serious:252/252/252/252/252/252": 0.013809403373119922}, "Tera Types": {"nothing": 0.013809403373119922}, "Teammates": {"Moltres": 0.0, "Electabuzz": 0.0, "Charizard": 0.0, "Starmie": 0.0, "Dragonite": 0.0, "Tauros": 0.0, "Jynx": 0.013809403373119922, "Slowbro": 0.0, "Lapras": 0.0, "Chansey": 0.013809403373119922, "Exeggutor": 0.013809403373119922, "Snorlax": 0.013809403373119922, "Nidoking": 0.013809403373119922, "Gengar": 0.0, "Alakazam": 0.0, "Venusaur": 0.0, "Dugtrio": 0.0}, "Viability Ceiling": [7, 56, 56, 55], "Abilities": {"noability": 0.013809403373119922}, "Checks and Counters": {}, "usage": 0.0175651, "Moves": {"agility": 0.0, "thunderbolt": 0.013809403373119922, "drillpeck": 0.0, "skyattack": 0.010025712935783193, "thunderwave": 0.0037836904373367286, "substitute": 0.0037836904373367286, "doubleedge": 0.0, "thunder": 0.010025712935783193, "lightscreen": 0.0, "hyperbeam": 0.013809403373119922}, "Happiness": {"255": 0.013809403373119922}}, "Tauros": {"Items": {"nothing": 0.3283836170038959}, "Raw count": 58, "Spreads": {"Serious:252/252/252/252/252/252": 0.3283836170038959}, "Tera Types": {"nothing": 0.3283836170038959}, "Teammates": {"Electabuzz": 0.0, "Dugtrio": 0.0, "Exeggutor": 0.26917387704888535, "Starmie": 0.0, "Cloyster": 0.0, "Dragonite": 0.0, "Jynx": 0.0, "Slowbro": 0.0, "Rhydon": 0.0, "Lapras": 0.26917387704888535, "Chansey": 0.26917387704888535, "Persian": 0.0, "Alakazam": 0.0, "Gengar": 0.26917387704888535, "Zapdos": 0.0, "Snorlax": 0.26917387704888535}, "Viability Ceiling": [17, 67, 67, 62], "Abilities": {"noability": 0.3283836170038959}, "Checks and Counters": {}, "usage": 0.34238019999999997, "Moves": {"blizzard": 0.3283836170038959, "stomp": 0.0, "rest": 0.0, "bodyslam": 0.3283836170038959, "hyperbeam": 0.3283836170038959, "icebeam": 0.0, "earthquake": 0.3283836170038959, "substitute": 0.0}, "Happiness": {"255": 0.3283836170038959}}, "Jynx": {"Items": {"nothing": 0.4301570016187412}, "Raw count": 23, "Spreads": {"Serious:252/252/252/252/252/252": 0.4301570016187412}, "Tera Types": {"nothing": 0.4301570016187412}, "Teammates": {"Machamp": 0.029296240411446406, "Charizard": 0.002781282955996167, "Starmie": 0.20913101597207467, "Tauros": 0.0, "Slowbro": 0.0, "Rhydon": 0.0, "Lapras": 0.0, "Chansey": 0.27714347212882, "Exeggutor": 0.06801245615674534, "Snorlax": 0.27714347212882, "Nidoking": 0.03871621574529893, "Gengar": 0.20913101597207467, "Zapdos": 0.013809403373119922, "Alakazam": 0.23842725638352108, "Venomoth": 0.022125529416182843}, "Viability Ceiling": [4, 71, 71, 71], "Abilities": {"noability": 0.4301570016187412}, "Checks and Counters": {}, "usage": 0.35251730000000003, "Moves": {"bubblebeam": 0.0, "lick": 0.0, "submission": 0.34957015630276156,