{"info": {"team type": null, "cutoff": 1760.0, "cutoff deviation": 0, "metagame": "gen2moderngen2", "number of battles": 38}, "data": {"Latios": {"Moves": {"calmmind": 0.0021707374315891315, "psychoshift": 0.0, "psychicnoise": 0.0021707374315891315, "psyshock": 0.0, "recover": 0.0021707374315891315, "dracometeor": 0.0021707374315891315}, "Checks and Counters": {}, "Abilities": {"noability": 0.0021707374315891315}, "Teammates": {"Volcanion": 0.0, "Gliscor": 0.0021707374315891315, "Melmetal": 0.0021707374315891315, "Suicune": 0.0021707374315891315, "Mew": 0.0, "Chi-Yu": 0.0021707374315891315, "Froslass": 0.0021707374315891315, "Walking Wake": 0.0, "Shaymin-Sky": 0.0}, "usage": 0.0052751000000000004, "Items": {"leftovers": 0.0, "mirrorherb": 0.0021707374315891315}, "Raw count": 11, "Spreads": {"Serious:252/252/252/252/252/252": 0.0021707374315891315}, "Happiness": {"255": 0.0021707374315891315}, "Viability Ceiling": [4, 55, 55, 55]}, "Gholdengo": {"Moves": {"nightshade": 0.009993630532604991, "thunder": 0.009993630532604991, "thunderwave": 0.009993630532604991, "psyshock": 0.0, "nastyplot": 0.0, "recover": 0.009993630532604991}, "Checks and Counters": {}, "Abilities": {"noability": 0.009993630532604991}, "Teammates": {"Gliscor": 0.009993630532604991, "Aerodactyl": 0.0, "Starmie": 0.009993630532604991, "Iron Boulder": 0.0, "Tapu Fini": 0.009993630532604991, "Chi-Yu": 0.009993630532604991, "Tyrantrum": 0.009993630532604991, "Shaymin-Sky": 0.0}, "usage": 0.0242853, "Items": {"airballoon": 0.009993630532604991}, "Raw count": 3, "Spreads": {"Serious:252/252/252/252/252/252": 0.0, "Serious:252/0/252/252/252/252": 0.009993630532604991}, "Happiness": {"255": 0.009993630532604991}, "Viability Ceiling": [2, 55, 55, 55]}, "Gliscor": {"Moves": {"uturn": 0.0, "protect": 0.0, "spikes": 0.0, "roost": 0.012164367964194123, "thief": 0.0, "swordsdance": 0.0, "stealthrock": 0.012164367964194123, "knockoff": 0.012164367964194123, "toxic": 0.0, "earthquake": 0.012164367964194123}, "Checks and Counters": {}, "Abilities": {"noability": 0.012164367964194123}, "Teammates": {"Latios": 0.0021707374315891315, "Gholdengo": 0.009993630532604991, "Meowscarada": 0.0, "Aerodactyl": 0.0, "Melmetal": 0.0021707374315891315, "Starmie": 0.009993630532604991, "Iron Boulder": 0.0, "Slowking": 0.0, "Suicune": 0.0021707374315891315, "Tapu Fini": 0.009993630532604991, "Slither Wing": 0.0, "Chi-Yu": 0.012164367964194123, "Froslass": 0.0021707374315891315, "Walking Wake": 0.0, "Tyrantrum": 0.009993630532604991, "Shaymin-Sky": 0.0}, "usage": 0.029560399999999997, "Items": {"nothing": 0.0, "leftovers": 0.012164367964194123}, "Raw count": 12, "Spreads": {"Serious:252/252/252/252/252/252": 0.012164367964194123, "Serious:252/252/252/252/252/0": 0.0}, "Happiness": {"255": 0.012164367964194123}, "Viability Ceiling": [4, 55, 55, 55]}, "Talonflame": {"Moves": {"uturn": 0.39934509421598474, "fireblast": 0.39934509421598474, "roost": 0.39934509421598474, "willowisp": 0.39934509421598474}, "Checks and Counters": {}, "Abilities": {"noability": 0.39934509421598474}, "Teammates": {"Starmie": 0.39934509421598474, "Iron Boulder": 0.39934509421598474, "Slither Wing": 0.39934509421598474, "Garchomp": 0.39934509421598474, "Empoleon": 0.39934509421598474}, "usage": 0.9704396, "Items": {"heavydutyboots": 0.39934509421598474}, "Raw count": 9, "Spreads": {"Serious:252/252/252/252/252/252": 0.39934509421598474}, "Happiness": {"255": 0.39934509421598474}, "Viability Ceiling": [2, 72, 72, 72]}, "Starmie": {"Moves": {"surf": 0.009993630532604991, "scald": 0.4013622944739208, "thunderbolt": 0.4013622944739208, "blizzard": 0.0, "thunder": 0.009993630532604991, "psychic": 0.0, "icebeam": 0.0, "thunderwave": 0.0, "rapidspin": 0.4113559250065258, "toxic": 0.0, "hydropump": 0.0, "recover": 0.4113559250065258}, "Checks and Counters": {}, "Abilities": {"noability": 0.4113559250065258}, "Teammates": {"Tyranitar": 0.0, "Snorlax": 0.0, "Tyrantrum": 0.009993630532604991, "Gholdengo": 0.009993630532604991, "Gliscor": 0.009993630532604991, "Charizard": 0.0, "Melmetal": 0.0, "Diancie-Mega": 0.0, "Mew": 0.0, "Exeggutor": 0.0, "Garchomp": 0.39934509421598474, "Shaymin-Sky": 0.0, "Aerodactyl": 0.0, "Latias": 0.0, "Slither Wing": 0.39934509421598474, "Tapu Fini": 0.009993630532604991, "Blacephalon": 0.0, "Talonflame": 0.39934509421598474, "Iron Boulder": 0.39934509421598474, "Suicune": 0.0, "Empoleon": 0.39934509421598474, "Chi-Yu": 0.009993630532604991, "Walking Wake": 0.0}, "usage": 0.9947248999999999, "Items": {"leftovers": 0.009993630532604991, "miracleberry": 0.0, "airballoon": 0.4013622944739208, "przcureberry": 0.0}, "Raw count": 22, "Spreads": {"Serious:252/252/252/252/252/252": 0.4013622944739208, "Serious:252/0/252/252/252/252": 0.009993630532604991}, "Happiness": {"255": 0.4113559250065258}, "Viability Ceiling": [8, 72, 72, 55]}, "Iron Boulder": {"Moves": {"swordsdance": 0.39934509421598474, "earthquake": 0.0, "mightycleave": 0.39934509421598474, "psychic": 0.39934509421598474, "closecombat": 0.39934509421598474}, "Checks and Counters": {}, "Abilities": {"noability": 0.39934509421598474}, "Teammates": {"Gholdengo": 0.0, "Gliscor": 0.0, "Aerodactyl": 0.0, "Talonflame": 0.39934509421598474, "Starmie": 0.39934509421598474, "Suicune": 0.0, "Latias": 0.0, "Empoleon": 0.39934509421598474, "Slither Wing": 0.39934509421598474, "Mew": 0.0, "Garchomp": 0.39934509421598474, "Shaymin-Sky": 0.0}, "usage": 0.9704396, "Items": {"airballoon": 0.39934509421598474}, "Raw count": 14, "Spreads": {"Serious:252/252/252/252/252/252": 0.39934509421598474}, "Happiness": {"255": 0.39934509421598474}, "Viability Ceiling": [4, 72, 72, 72]}, "Melmetal": {"Moves": {"thunder": 0.0, "thunderwave": 0.00418793768952519, "rest": 0.00418793768952519, "sleeptalk": 0.00418793768952519, "doubleironbash": 0.00418793768952519, "earthquake": 0.0}, "Checks and Counters": {}, "Abilities": {"noability": 0.00418793768952519}, "Teammates": {"Blacephalon": 0.0, "Latios": 0.0021707374315891315, "Gliscor": 0.0021707374315891315, "Meowscarada": 0.0, "Garchomp": 0.0, "Starmie": 0.0, "Volcanion": 0.0, "Slowking": 0.0, "Terapagos": 0.0, "Suicune": 0.0021707374315891315, "Diancie-Mega": 0.0, "Terrakion": 0.0, "Mew": 0.0, "Chi-Yu": 0.0021707374315891315, "Slither Wing": 0.0, "Kyurem": 0.0, "Heatran": 0.0, "Walking Wake": 0.0, "Shaymin-Sky": 0.0, "Froslass": 0.0021707374315891315}, "usage": 0.0052751000000000004, "Items": {"leftovers": 0.0, "airballoon": 0.002017200257936058, "marangaberry": 0.0021707374315891315}, "Raw count": 17, "Spreads": {"Serious:252/252/252/252/252/252": 0.00418793768952519}, "Happiness": {"255": 0.00418793768952519}, "Viability Ceiling": [8, 55, 55, 55]}, "Suicune": {"Moves": {"surf": 0.0, "scald": 0.0021707374315891315, "blizzard": 0.0, "hiddenpowerpsychic": 0.0, "roar": 0.0021707374315891315, "calmmind": 0.0, "rest": 0.0021707374315891315, "sleeptalk": 0.0021707374315891315, "hiddenpowerfire": 0.0, "icebeam": 0.0, "toxic": 0.0, "hydropump": 0.0}, "Checks and Counters": {}, "Abilities": {"noability": 0.0021707374315891315}, "Teammates": {"Latios": 0.0021707374315891315, "Machamp": 0.0, "Gliscor": 0.0021707374315891315, "Ditto": 0.0, "Melmetal": 0.0021707374315891315, "Starmie": 0.0, "Iron Boulder": 0.0, "Latias": 0.0, "Mew": 0.0, "Chi-Yu": 0.0021707374315891315, "Froslass": 0.0021707374315891315, "Heracross": 0.0, "Marowak": 0.0, "Blissey": 0.0, "Shaymin-Sky": 0.0}, "usage": 0.0052751000000000004, "Items": {"leftovers": 0.0, "throatspray": 0.0021707374315891315, "mysticwater": 0.0}, "Raw count": 15, "Spreads": {"Serious:252/252/252/252/252/252": 0.0021707374315891315}, "Happiness": {"255": 0.0021707374315891315}, "Viability Ceiling": [6, 55, 55, 55]}, "Empoleon": {"Moves": {"knockoff": 0.0, "flipturn": 0.0, "roost": 0.39934509421598474, "roar": 0.39934509421598474, "stealthrock": 0.39934509421598474, "hydropump": 0.39934509421598474}, "Checks and Counters": {}, "Abilities": {"noability": 0.39934509421598474}, "Teammates": {"Talonflame": 0.39934509421598474,