{"info": {"team type": null, "cutoff": 1630.0, "cutoff deviation": 0, "metagame": "gen1pu", "number of battles": 12}, "data": {"Magneton": {"Items": {"nothing": 0.30761158373542175}, "Raw count": 1, "Spreads": {"Serious:252/252/252/252/252/252": 0.30761158373542175}, "Tera Types": {"nothing": 0.30761158373542175}, "Teammates": {"Arcanine": 0.30761158373542175, "Porygon": 0.30761158373542175, "Pinsir": 0.30761158373542175, "Seaking": 0.30761158373542175, "Nidoqueen": 0.30761158373542175}, "Viability Ceiling": [1, 62, 62, 62], "Abilities": {"noability": 0.30761158373542175}, "Checks and Counters": {}, "usage": 0.0339455, "Moves": {"thunderwave": 0.30761158373542175, "thunderbolt": 0.30761158373542175, "rest": 0.30761158373542175, "doubleedge": 0.30761158373542175}, "Happiness": {"255": 0.30761158373542175}}, "Pinsir": {"Items": {"nothing": 1.4931999360161758}, "Raw count": 6, "Spreads": {"Serious:252/252/252/252/252/252": 1.4931999360161758}, "Tera Types": {"nothing": 1.4931999360161758}, "Teammates": {"Machamp": 0.0, "Magneton": 0.30761158373542175, "Charmeleon": 0.0, "Omanyte": 0.0008594248780732228, "Porygon": 0.30847100861349497, "Drowzee": 0.0008594248780732228, "Dragonair": 0.9119781741598159, "Arcanine": 0.30761158373542175, "Weepinbell": 0.9119781741598159, "Vileplume": 0.27361017812093835, "Fearow": 0.27361017812093835, "Staryu": 1.184728927402681, "Arbok": 0.9111187492817426, "Onix": 0.0, "Seaking": 0.5812217618563601, "Nidoqueen": 1.4923405111381027}, "Viability Ceiling": [5, 76, 76, 76], "Abilities": {"noability": 1.4931999360161758}, "Checks and Counters": {}, "usage": 0.1647772, "Moves": {"strength": 0.0, "doubleedge": 0.0, "submission": 1.1855883522807542, "bind": 0.30847100861349497, "swordsdance": 1.1855883522807542, "bodyslam": 1.4923405111381027, "slash": 0.30761158373542175, "takedown": 0.0, "hyperbeam": 1.4931999360161758}, "Happiness": {"255": 1.4931999360161758}}, "Weepinbell": {"Items": {"nothing": 0.9119781741598159}, "Raw count": 3, "Spreads": {"Serious:252/252/252/252/252/252": 0.9119781741598159}, "Tera Types": {"nothing": 0.9119781741598159}, "Teammates": {"Pinsir": 0.9119781741598159, "Omanyte": 0.0008594248780732228, "Drowzee": 0.0008594248780732228, "Dragonair": 0.9119781741598159, "Porygon": 0.0008594248780732228, "Staryu": 0.9111187492817426, "Arbok": 0.9111187492817426, "Nidoqueen": 0.9111187492817426}, "Viability Ceiling": [2, 76, 76, 76], "Abilities": {"noability": 0.9119781741598159}, "Checks and Counters": {}, "usage": 0.1006384, "Moves": {"wrap": 0.0008594248780732228, "acid": 0.9111187492817426, "razorleaf": 0.9119781741598159, "stunspore": 0.9119781741598159, "sleeppowder": 0.9119781741598159}, "Happiness": {"255": 0.9119781741598159}}, "Drowzee": {"Items": {"nothing": 0.0015183211227084437}, "Raw count": 4, "Spreads": {"Serious:252/252/252/252/252/252": 0.0015183211227084437}, "Tera Types": {"nothing": 0.0015183211227084437}, "Teammates": {"Pinsir": 0.0008594248780732228, "Arcanine": 0.0006588962446352209, "Omanyte": 0.0008594248780732228, "Porygon": 0.0008594248780732228, "Graveler": 0.0006588962446352209, "Fearow": 0.0, "Magmar": 0.0, "Weepinbell": 0.0008594248780732228, "Dragonair": 0.0008594248780732228, "Scyther": 0.0006588962446352209, "Staryu": 0.0006588962446352209, "Vileplume": 0.0006588962446352209, "Seaking": 0.0, "Nidoqueen": 0.0}, "Viability Ceiling": [2, 54, 54, 54], "Abilities": {"noability": 0.0015183211227084437}, "Checks and Counters": {}, "usage": 0.0001675, "Moves": {"hypnosis": 0.0015183211227084437, "psychic": 0.0015183211227084437, "seismictoss": 0.0015183211227084437, "psywave": 0.0, "thunderwave": 0.0015183211227084437}, "Happiness": {"255": 0.0015183211227084437}}, "Graveler": {"Items": {"nothing": 4.657865700527185}, "Raw count": 10, "Spreads": {"Serious:252/252/252/252/252/252": 4.657865700527185}, "Tera Types": {"nothing": 4.657865700527185}, "Teammates": {"Machamp": 0.0, "Scyther": 0.0006588962446352209, "Drowzee": 0.0006588962446352209, "Fearow": 1.0080489085631794, "Arcanine": 3.779936423764481, "Porygon": 4.527087172482074, "Dragonair": 0.8779292767627037, "Abra": 0.0, "Staryu": 1.0087078048078144, "Vileplume": 3.779936423764481, "Seaking": 4.527087172482074, "Nidoqueen": 3.7792775275198465}, "Viability Ceiling": [5, 74, 74, 74], "Abilities": {"noability": 4.657865700527185}, "Checks and Counters": {}, "usage": 0.5140036, "Moves": {"bodyslam": 0.0006588962446352209, "explosion": 4.657865700527185, "earthquake": 4.657865700527185, "substitute": 4.657206804282549, "rockslide": 4.657865700527185}, "Happiness": {"255": 4.657865700527185}}, "Fearow": {"Items": {"nothing": 4.1925251509349675}, "Raw count": 9, "Spreads": {"Serious:252/252/252/252/252/252": 4.1925251509349675}, "Tera Types": {"nothing": 4.1925251509349675}, "Teammates": {"Machamp": 0.0, "Pinsir": 0.27361017812093835, "Arcanine": 3.0409856960513255, "Drowzee": 0.0, "Graveler": 1.0080489085631794, "Dragonair": 0.8779292767627037, "Magmar": 0.0, "Porygon": 3.7887953410135538, "Staryu": 3.22827679874313, "Arbok": 0.0, "Vileplume": 1.3679781621132514, "Seaking": 4.062405519134492, "Nidoqueen": 3.3145958741722636}, "Viability Ceiling": [7, 79, 79, 76], "Abilities": {"noability": 4.1925251509349675}, "Checks and Counters": {}, "usage": 0.4626525, "Moves": {"drillpeck": 4.1925251509349675, "agility": 4.1925251509349675, "hyperbeam": 4.1925251509349675, "doubleedge": 4.1925251509349675, "substitute": 0.0}, "Happiness": {"255": 4.1925251509349675}}, "Arcanine": {"Items": {"nothing": 6.998414071750753}, "Raw count": 16, "Spreads": {"Serious:252/252/252/252/252/252": 6.998414071750753}, "Tera Types": {"nothing": 6.998414071750753}, "Teammates": {"Machamp": 0.0, "Magneton": 0.30761158373542175, "Pinsir": 0.30761158373542175, "Weezing": 0.0, "Pidgeot": 0.0, "Scyther": 0.0006588962446352209, "Drowzee": 0.0006588962446352209, "Graveler": 3.779936423764481, "Fearow": 3.0409856960513255, "Magmar": 0.0, "Porygon": 6.867635543705642, "Onix": 0.0, "Dragonair": 0.0, "Abra": 0.0, "Beedrill": 0.0, "Staryu": 2.077396240104123, "Arbok": 0.0, "Vileplume": 4.7441847759563185, "Seaking": 6.867635543705642, "Nidoqueen": 6.997755175506118}, "Viability Ceiling": [10, 79, 79, 76], "Abilities": {"noability": 6.998414071750753}, "Checks and Counters": {}, "usage": 0.7722872, "Moves": {"substitute": 0.0, "agility": 0.9642483521918375, "rest": 3.9567694794547923, "reflect": 3.7792775275198465, "bodyslam": 6.998414071750753, "hyperbeam": 3.3492561760313824, "fireblast": 6.998414071750753, "flamethrower": 1.9472766083036475}, "Happiness": {"255": 6.998414071750753}}, "Porygon": {"Items": {"nothing": 7.746424245346418}, "Raw count": 14, "Spreads": {"Serious:252/252/252/252/252/252": 7.746424245346418}, "Tera Types": {"nothing": 7.746424245346418}, "Teammates": {"Machamp": 0.0, "Magneton": 0.30761158373542175, "Pinsir": 0.30847100861349497, "Omanyte": 0.0008594248780732228, "Drowzee": 0.0008594248780732228, "Graveler": 4.527087172482074, "Dragonair": 0.8787887016407769, "Arcanine": 6.867635543705642, "Weepinbell": 0.0008594248780732228, "Fearow": 3.7887953410135538, "Abra": 0.0, "Staryu": 2.8245469888217163, "Vileplume": 4.613406247911208, "Seaking": 7.745564820468346, "Nidoqueen": 6.867635543705642}, "Viability Ceiling": [7, 79, 79, 76], "Abilities": {"noability": 7.746424245346418}, "Checks and Counters": {}, "usage": 0.8548315, "Moves": {"thunderbolt": 3.218477647986272, "blizzard": 1.9474771369370856, "psychic": 5.492194949551985, "reflect": 4.527087172482074, "thunderwave": 7.746424245346418, "icebeam": 0.30761158373542175, "recover": 7.746424245346418}, "Happiness": {"255": 7.746424245346418}}, "Dragonair": {"Items": {"nothing": 1.7899074509225195}, "Raw count": 9, "Spreads": {"Serious:252/252/252/252/252/252": 1.7899074509225195}, "Tera Types": {"nothing": 1.7899074509225195}, "Teammates": {"Machamp": 0.0, "Marowak": 0.0, "Charmeleon": 0.0, "Pinsir": 0.9119781741598159, "Omanyte": 0.0008594248780732228, "Onix": 0.0, "Weepinbell": 0.9119781741598159,