{"info": {"team type": null, "cutoff": 1760.0, "cutoff deviation": 0, "metagame": "gen9categoryswap", "number of battles": 7}, "data": {"Moltres-Galar": {"Items": {"weaknesspolicy": 0.0, "sitrusberry": 0.10592922802836802}, "Raw count": 4, "Spreads": {"Modest:0/0/0/252/4/252": 0.0, "Timid:0/0/0/252/4/252": 0.10592922802836802}, "Tera Types": {"dark": 0.10592922802836802}, "Teammates": {"Glimmora": 0.0, "Iron Treads": 0.10592922802836802, "Gouging Fire": 0.10592922802836802, "Grimmsnarl": 0.10592922802836802, "Clodsire": 0.0, "Dragonite": 0.0, "Zoroark-Hisui": 0.10592922802836802, "Lucario": 0.10592922802836802, "Corviknight": 0.0}, "Viability Ceiling": [2, 67, 67, 67], "Abilities": {"berserk": 0.10592922802836802}, "Checks and Counters": {}, "usage": 0.6355754, "Moves": {"agility": 0.0, "acrobatics": 0.10592922802836802, "suckerpunch": 0.10592922802836802, "lashout": 0.10592922802836802, "nastyplot": 0.10592922802836802}, "Happiness": {"255": 0.10592922802836802}}, "Gouging Fire": {"Items": {"boosterenergy": 0.10592922802836802}, "Raw count": 1, "Spreads": {"Jolly:0/252/4/0/0/252": 0.10592922802836802}, "Tera Types": {"fire": 0.10592922802836802}, "Teammates": {"Zoroark-Hisui": 0.10592922802836802, "Iron Treads": 0.10592922802836802, "Lucario": 0.10592922802836802, "Moltres-Galar": 0.10592922802836802, "Grimmsnarl": 0.10592922802836802}, "Viability Ceiling": [1, 67, 67, 67], "Abilities": {"protosynthesis": 0.10592922802836802}, "Checks and Counters": {}, "usage": 0.6355754, "Moves": {"morningsun": 0.10592922802836802, "dragondance": 0.10592922802836802, "fireblast": 0.10592922802836802, "dragonpulse": 0.10592922802836802}, "Happiness": {"255": 0.10592922802836802}}, "Gyarados": {"Items": {"leftovers": 9.235954602537788e-05, "choicescarf": 0.0}, "Raw count": 3, "Spreads": {"Jolly:0/252/0/0/4/252": 9.235954602537788e-05, "Adamant:4/252/0/0/0/252": 0.0}, "Tera Types": {"electric": 9.235954602537788e-05, "ground": 0.0}, "Teammates": {"Pelipper": 9.235954602537788e-05, "Clodsire": 0.0, "Zoroark": 9.235954602537788e-05, "Glimmora": 9.235954602537788e-05, "Keldeo": 0.0, "Palafin": 9.235954602537788e-05, "Mimikyu": 0.0, "Archaludon": 9.235954602537788e-05, "Probopass": 0.0}, "Viability Ceiling": [2, 56, 56, 56], "Abilities": {"moxie": 9.235954602537788e-05}, "Checks and Counters": {}, "usage": 0.0005541999999999999, "Moves": {"scald": 9.235954602537788e-05, "thunderbolt": 0.0, "thunder": 9.235954602537788e-05, "hurricane": 9.235954602537788e-05, "icebeam": 0.0, "dragondance": 9.235954602537788e-05}, "Happiness": {"255": 9.235954602537788e-05}}, "Zoroark-Hisui": {"Items": {"lifeorb": 0.0, "choicespecs": 0.10592922802836802}, "Raw count": 2, "Spreads": {"Modest:0/0/0/252/4/252": 0.0, "Timid:0/0/0/252/4/252": 0.10592922802836802}, "Tera Types": {"ghost": 0.10592922802836802}, "Teammates": {"Iron Treads": 0.10592922802836802, "Drifblim": 0.0, "Moltres-Galar": 0.10592922802836802, "Grimmsnarl": 0.10592922802836802, "Dudunsparce": 0.0, "Sylveon": 0.0, "Gouging Fire": 0.10592922802836802, "Lucario": 0.10592922802836802, "Azumarill": 0.0, "Mimikyu": 0.0}, "Viability Ceiling": [2, 67, 67, 67], "Abilities": {"illusion": 0.10592922802836802}, "Checks and Counters": {}, "usage": 0.6355754, "Moves": {"shadowsneak": 0.10592922802836802, "poltergeist": 0.10592922802836802, "bodyslam": 0.10592922802836802, "uturn": 0.10592922802836802, "nastyplot": 0.0}, "Happiness": {"255": 0.10592922802836802}}, "Zoroark": {"Items": {"focussash": 9.235954602537788e-05}, "Raw count": 1, "Spreads": {"Timid:0/0/0/252/4/252": 9.235954602537788e-05}, "Tera Types": {"fighting": 9.235954602537788e-05}, "Teammates": {"Glimmora": 9.235954602537788e-05, "Palafin": 9.235954602537788e-05, "Gyarados": 9.235954602537788e-05, "Pelipper": 9.235954602537788e-05, "Archaludon": 9.235954602537788e-05}, "Viability Ceiling": [1, 56, 56, 56], "Abilities": {"illusion": 9.235954602537788e-05}, "Checks and Counters": {}, "usage": 0.0005541999999999999, "Moves": {"lowkick": 9.235954602537788e-05, "suckerpunch": 9.235954602537788e-05, "knockoff": 9.235954602537788e-05, "uturn": 9.235954602537788e-05}, "Happiness": {"255": 9.235954602537788e-05}}, "Palafin": {"Items": {"choicescarf": 9.235954602537788e-05}, "Raw count": 1, "Spreads": {"Adamant:0/252/0/0/4/252": 9.235954602537788e-05}, "Tera Types": {"water": 9.235954602537788e-05}, "Teammates": {"Glimmora": 9.235954602537788e-05, "Zoroark": 9.235954602537788e-05, "Gyarados": 9.235954602537788e-05, "Pelipper": 9.235954602537788e-05, "Archaludon": 9.235954602537788e-05}, "Viability Ceiling": [1, 56, 56, 56], "Abilities": {"zerotohero": 9.235954602537788e-05}, "Checks and Counters": {}, "usage": 0.0005541999999999999, "Moves": {"surf": 9.235954602537788e-05, "flipturn": 9.235954602537788e-05, "boomburst": 9.235954602537788e-05, "icebeam": 9.235954602537788e-05}, "Happiness": {"255": 9.235954602537788e-05}}, "Iron Bundle": {"Items": {"boosterenergy": 1.8479059382403573e-05}, "Raw count": 1, "Spreads": {"Hardy:180/104/0/100/52/72": 1.8479059382403573e-05}, "Tera Types": {"ice": 1.8479059382403573e-05}, "Teammates": {"Raging Bolt": 1.8479059382403573e-05, "Glastrier": 1.8479059382403573e-05, "Blissey": 1.8479059382403573e-05, "Slowking-Galar": 1.8479059382403573e-05, "Kingambit": 1.8479059382403573e-05}, "Viability Ceiling": [1, 35, 35, 35], "Abilities": {"quarkdrive": 1.8479059382403573e-05}, "Checks and Counters": {}, "usage": 0.00011089999999999999, "Moves": {"uturn": 1.8479059382403573e-05, "chillingwater": 1.8479059382403573e-05, "acrobatics": 1.8479059382403573e-05, "freezedry": 1.8479059382403573e-05}, "Happiness": {"255": 1.8479059382403573e-05}}, "Blissey": {"Items": {"punchingglove": 1.8479059382403573e-05}, "Raw count": 1, "Spreads": {"Bold:252/0/4/252/0/0": 1.8479059382403573e-05}, "Tera Types": {"normal": 1.8479059382403573e-05}, "Teammates": {"Raging Bolt": 1.8479059382403573e-05, "Kingambit": 1.8479059382403573e-05, "Glastrier": 1.8479059382403573e-05, "Iron Bundle": 1.8479059382403573e-05, "Slowking-Galar": 1.8479059382403573e-05}, "Viability Ceiling": [1, 35, 35, 35], "Abilities": {"serenegrace": 1.8479059382403573e-05}, "Checks and Counters": {}, "usage": 0.00011089999999999999, "Moves": {"bodyslam": 1.8479059382403573e-05, "icepunch": 1.8479059382403573e-05, "trailblaze": 1.8479059382403573e-05, "rockslide": 1.8479059382403573e-05}, "Happiness": {"255": 1.8479059382403573e-05}}, "Pecharunt": {"Items": {"blacksludge": 4.198867875981893e-05}, "Raw count": 1, "Spreads": {"Bold:252/0/32/152/8/64": 4.198867875981893e-05}, "Tera Types": {"poison": 4.198867875981893e-05}, "Teammates": {"Enamorus-Therian": 4.198867875981893e-05, "Skarmory": 4.198867875981893e-05, "Pelipper": 4.198867875981893e-05, "Iron Hands": 4.198867875981893e-05, "Krookodile": 4.198867875981893e-05}, "Viability Ceiling": [1, 52, 52, 52], "Abilities": {"poisonpuppeteer": 4.198867875981893e-05}, "Checks and Counters": {}, "usage": 0.0002519, "Moves": {"poltergeist": 4.198867875981893e-05, "gunkshot": 4.198867875981893e-05, "recover": 4.198867875981893e-05, "nastyplot": 4.198867875981893e-05}, "Happiness": {"255": 4.198867875981893e-05}}, "Grimmsnarl": {"Items": {"lightclay": 0.10592922802836802}, "Raw count": 1, "Spreads": {"Calm:252/0/4/0/252/0": 0.10592922802836802}, "Tera Types": {"ghost": 0.10592922802836802}, "Teammates": {"Zoroark-Hisui": 0.10592922802836802, "Iron Treads": 0.10592922802836802, "Lucario": 0.10592922802836802, "Moltres-Galar": 0.10592922802836802, "Gouging Fire": 0.10592922802836802}, "Viability Ceiling": [1, 67, 67, 67], "Abilities": {"prankster": 0.10592922802836802}, "Checks and Counters": {}, "usage": 0.6355754, "Moves": {"reflect": 0.10592922802836802, "partingshot": 0.10592922802836802, "lightscreen": 0.10592922802836802, "drainingkiss": 0.10592922802836802}, "Happiness": {"255": 0.10592922802836802}}, "Raging Bolt": {"Items": {"sitrusberry": 1.8479059382403573e-05}, "Raw count": 1, "Spreads": {"Quiet:252/0/0/252/4/0": 1.8479059382403573e-05},