{"info": {"metagame": "gen8bdspou", "cutoff": 1630.0, "cutoff deviation": 0, "team type": null, "number of battles": 8}, "data": {"Lucario": {"Raw count": 6, "Viability Ceiling": [4, 69, 69, 69], "Abilities": {"justified": 0.7295475712496104, "steadfast": 0.0}, "Items": {"lifeorb": 0.7295475712496104, "wiseglasses": 0.0}, "Spreads": {"Adamant:0/252/0/0/4/252": 0.6571345592773313, "Timid:0/0/0/252/4/252": 0.0, "Jolly:0/252/0/0/4/252": 0.07241301197227906}, "Moves": {"swordsdance": 0.7295475712496104, "closecombat": 0.7295475712496104, "meteormash": 0.7295475712496104, "extremespeed": 0.7295475712496104, "aurasphere": 0.0, "dragonpulse": 0.0, "flashcannon": 0.0, "psychic": 0.0}, "Tera Types": {"nothing": 0.7295475712496104}, "Happiness": {"255": 0.7295475712496104}, "Teammates": {"Gliscor": 0.0, "Heatran": 0.0, "Alakazam": 0.03989903916943499, "Scizor": 0.6571345592773313, "Feraligatr": 0.03989903916943499, "Spiritomb": 0.0, "Roserade": 0.0, "Togekiss": 0.0, "Milotic": 0.0, "Garchomp": 0.6970335984467664, "Azelf": 0.6571345592773313, "Celebi": 0.6571345592773313, "Azumarill": 0.6571345592773313, "Starmie": 0.03989903916943499, "Dragonite": 0.03989903916943499}, "Checks and Counters": {}, "usage": 0.969853}, "Garchomp": {"Raw count": 9, "Viability Ceiling": [6, 69, 69, 55], "Abilities": {"roughskin": 0.7295475712496104}, "Items": {"softsand": 0.0, "yacheberry": 0.0, "lifeorb": 0.6571345592773313, "focussash": 0.07241301197227906, "choicescarf": 0.0, "salacberry": 0.0}, "Spreads": {"Adamant:4/252/0/0/0/252": 0.0, "Jolly:0/252/0/0/4/252": 0.7295475712496104, "Jolly:0/252/0/0/0/252": 0.0}, "Moves": {"earthquake": 0.7295475712496104, "dragonclaw": 0.0, "swordsdance": 0.7295475712496104, "rockslide": 0.0, "poisonjab": 0.0, "outrage": 0.7295475712496104, "fireblast": 0.6571345592773313, "stealthrock": 0.07241301197227906, "doubleedge": 0.0, "stoneedge": 0.0}, "Tera Types": {"nothing": 0.7295475712496104}, "Happiness": {"255": 0.7295475712496104}, "Teammates": {"Feraligatr": 0.03989903916943499, "Celebi": 0.6571345592773313, "Heatran": 0.0, "Magnezone": 0.0, "Alakazam": 0.03989903916943499, "Spiritomb": 0.0, "Roserade": 0.0, "Togekiss": 0.0, "Lucario": 0.6970335984467664, "Milotic": 0.0, "Azelf": 0.6571345592773313, "Scizor": 0.6571345592773313, "Azumarill": 0.6571345592773313, "Starmie": 0.03989903916943499, "Dragonite": 0.03989903916943499, "Blissey": 0.0, "Rotom-Wash": 0.0, "Skarmory": 0.0, "Infernape": 0.0, "Mew": 0.0, "Tangrowth": 0.0, "Cloyster": 0.0, "Weavile": 0.0}, "Checks and Counters": {}, "usage": 0.969853}, "Scizor": {"Raw count": 11, "Viability Ceiling": [6, 69, 69, 59], "Abilities": {"technician": 0.6917601524984482}, "Items": {"lifeorb": 0.0, "leftovers": 0.6897302170663158, "sitrusberry": 0.0020299354321324237, "choiceband": 0.0}, "Spreads": {"Adamant:32/252/8/0/0/216": 0.0, "Impish:252/0/16/0/240/0": 0.6571345592773313, "Adamant:248/252/4/0/4/0": 0.0020299354321324237, "Careful:252/44/36/0/176/0": 0.032595657788984544, "Adamant:128/252/128/0/0/0": 0.0, "Impish:248/0/132/0/124/4": 0.0, "Adamant:248/252/0/0/8/0": 0.0}, "Moves": {"bulletpunch": 0.6917601524984482, "quickattack": 0.0, "brickbreak": 0.0, "swordsdance": 0.6917601524984482, "uturn": 0.6917601524984482, "roost": 0.6897302170663158, "thief": 0.0020299354321324237, "aerialace": 0.0}, "Tera Types": {"nothing": 0.6917601524984482}, "Happiness": {"255": 0.6917601524984482}, "Teammates": {"Gliscor": 0.0, "Heatran": 0.0, "Alakazam": 0.0, "Lucario": 0.6571345592773313, "Feraligatr": 0.0, "Azelf": 0.6571345592773313, "Celebi": 0.6571345592773313, "Garchomp": 0.6571345592773313, "Azumarill": 0.6571345592773313, "Aggron": 0.0020299354321324237, "Magmortar": 0.0020299354321324237, "Mamoswine": 0.0216666751156529, "Quagsire": 0.0020299354321324237, "Gardevoir": 0.0020299354321324237, "Roserade": 0.019636739683520477, "Latias": 0.019636739683520477, "Sharpedo": 0.019636739683520477, "Zapdos": 0.019636739683520477, "Togekiss": 0.0, "Blissey": 0.0, "Rotom-Wash": 0.0, "Skarmory": 0.0, "Infernape": 0.0, "Mew": 0.0, "Tangrowth": 0.0, "Cloyster": 0.0, "Weavile": 0.0}, "Checks and Counters": {}, "usage": 0.9444845}, "Celebi": {"Raw count": 2, "Viability Ceiling": [2, 69, 69, 69], "Abilities": {"naturalcure": 0.6571345592773313}, "Items": {"miracleseed": 0.0, "choicescarf": 0.6571345592773313}, "Spreads": {"Modest:0/0/0/252/0/252": 0.0, "Timid:0/0/0/252/4/252": 0.6571345592773313}, "Moves": {"psychic": 0.6571345592773313, "nastyplot": 0.0, "dazzlinggleam": 0.0, "gigadrain": 0.0, "leafstorm": 0.6571345592773313, "uturn": 0.6571345592773313, "healingwish": 0.6571345592773313}, "Tera Types": {"nothing": 0.6571345592773313}, "Happiness": {"255": 0.6571345592773313}, "Teammates": {"Feraligatr": 0.0, "Garchomp": 0.6571345592773313, "Heatran": 0.0, "Magnezone": 0.0, "Alakazam": 0.0, "Azelf": 0.6571345592773313, "Lucario": 0.6571345592773313, "Scizor": 0.6571345592773313, "Azumarill": 0.6571345592773313}, "Checks and Counters": {}, "usage": 0.9143374}, "Azelf": {"Raw count": 2, "Viability Ceiling": [2, 69, 69, 69], "Abilities": {"levitate": 0.6571345592773313}, "Items": {"focussash": 0.6571345592773313, "lightclay": 0.0}, "Spreads": {"Hasty:252/4/0/0/0/252": 0.6571345592773313, "Jolly:252/0/0/0/4/252": 0.0}, "Moves": {"explosion": 0.6571345592773313, "stealthrock": 0.6571345592773313, "taunt": 0.6571345592773313, "fireblast": 0.6571345592773313, "reflect": 0.0, "lightscreen": 0.0, "uturn": 0.0}, "Tera Types": {"nothing": 0.6571345592773313}, "Happiness": {"255": 0.6571345592773313}, "Teammates": {"Celebi": 0.6571345592773313, "Garchomp": 0.6571345592773313, "Lucario": 0.6571345592773313, "Scizor": 0.6571345592773313, "Azumarill": 0.6571345592773313, "Cloyster": 0.0, "Weavile": 0.0, "Togekiss": 0.0}, "Checks and Counters": {}, "usage": 0.9143374}, "Azumarill": {"Raw count": 1, "Viability Ceiling": [1, 69, 69, 69], "Abilities": {"hugepower": 0.6571345592773313}, "Items": {"sitrusberry": 0.6571345592773313}, "Spreads": {"Adamant:252/252/4/0/0/0": 0.6571345592773313}, "Moves": {"bellydrum": 0.6571345592773313, "aquajet": 0.6571345592773313, "playrough": 0.6571345592773313, "waterfall": 0.6571345592773313}, "Tera Types": {"nothing": 0.6571345592773313}, "Happiness": {"255": 0.6571345592773313}, "Teammates": {"Azelf": 0.6571345592773313, "Celebi": 0.6571345592773313, "Garchomp": 0.6571345592773313, "Lucario": 0.6571345592773313, "Scizor": 0.6571345592773313}, "Checks and Counters": {}, "usage": 0.9143374}, "Alakazam": {"Raw count": 7, "Viability Ceiling": [5, 65, 65, 65], "Abilities": {"magicguard": 0.07241301197227906, "synchronize": 0.0}, "Items": {"lifeorb": 0.0, "twistedspoon": 0.0, "focussash": 0.07241301197227906, "choicespecs": 0.0}, "Spreads": {"Timid:0/0/0/252/4/252": 0.07241301197227906, "Timid:0/0/0/252/0/252": 0.0}, "Moves": {"nastyplot": 0.07241301197227906, "psyshock": 0.0, "dazzlinggleam": 0.0, "energyball": 0.0, "psychic": 0.07241301197227906, "recover": 0.0, "shadowball": 0.07241301197227906, "focusblast": 0.07241301197227906}, "Tera Types": {"nothing": 0.07241301197227906}, "Happiness": {"255": 0.07241301197227906}, "Teammates": {"Gliscor": 0.0, "Heatran": 0.0, "Scizor": 0.0, "Lucario": 0.03989903916943499, "Feraligatr": 0.03989903916943499, "Celebi": 0.0, "Garchomp": 0.03989903916943499, "Magnezone": 0.0, "Infernape": 0.0, "Crawdaunt": 0.0, "Clefable": 0.0, "Tangrowth": 0.0, "Salamence": 0.0, "Starmie": 0.03989903916943499, "Dragonite": 0.03989903916943499, "Roserade": 0.0, "Milotic": 0.0, "Togekiss": 0.0}, "Checks and Counters": {}, "usage": 0.055515499999999995}, "Feraligatr": {"Raw count": 6, "Viability Ceiling": [4, 48, 48, 48], "Abilities": {"sheerforce": 0.07241301197227906}, "Items": {"lifeorb": 0.07241301197227906}, "Spreads": {"Jolly:0/252/4/0/0/252": 0.0, "Adamant:128/252/0/0/76/52": 0.0, "Adamant:144/252/0/0/0/112": 0.0, "Jolly:0/252/0/0/4/252": 0.07241301197227906}, "Moves": {"dragondance": 0.07241301197227906, "waterfall": 0.07241301197227906, "rockslide": 0.0,