{"info": {"team type": null, "cutoff": 1760.0, "cutoff deviation": 0, "metagame": "gen8uu", "number of battles": 18}, "data": {"Jirachi": {"Items": {"leftovers": 0.0007301801049098833, "lifeorb": 9.082734564458406e-12, "choicescarf": 0.00174034944521001}, "Raw count": 11, "Spreads": {"Jolly:0/252/0/0/4/252": 0.00174034944521001, "Jolly:4/252/0/0/0/252": 9.082734564458406e-12, "Timid:0/0/0/252/0/252": 0.0007301801049098833, "Careful:252/0/0/0/252/4": 0.0, "Brave:224/252/0/0/0/32": 0.0}, "Tera Types": {"nothing": 0.0024705295592026277}, "Teammates": {"Quagsire": 0.0006504105377256875, "Gastrodon": 0.00174034944521001, "Mandibuzz": 0.00174034944521001, "Swampert": 9.082734564458406e-12, "Zygarde-10%": 0.0, "Stoutland": 9.082734564458406e-12, "Keldeo": 0.0007301801049098833, "Salamence": 0.0, "Nihilego": 9.082734564458406e-12, "Cresselia": 0.00174034944521001, "Slowking": 0.0, "Goodra": 0.00047635740035506524, "Chansey": 0.0007301801049098833, "Celesteela": 0.0017403494542927445, "Hippowdon": 7.976957626693038e-05, "Cobalion": 0.0, "Hatterene": 0.0, "Dhelmise": 0.0007301801049098833, "Lycanroc-Dusk": 0.0, "Amoonguss": 0.0, "Zarude": 0.0, "Primarina": 0.0, "Suicune": 0.00174034944521001, "Scizor": 0.0, "Skarmory": 0.00025382270455481803}, "Viability Ceiling": [5, 75, 75, 75], "Abilities": {"serenegrace": 0.0024705295592026277}, "Checks and Counters": {}, "usage": 0.014823200000000002, "Moves": {"uturn": 0.00174034944521001, "protect": 9.082734564458406e-12, "aurasphere": 0.0007301801049098833, "healingwish": 0.00174034944521001, "zenheadbutt": 9.082734564458406e-12, "trickroom": 0.0, "storedpower": 0.0007301801049098833, "wish": 0.0007301801049098833, "trick": 0.00174034944521001, "thunderwave": 9.082734564458406e-12, "bodyslam": 0.0, "ironhead": 0.0017403494542927445, "ancientpower": 0.0007301801049098833, "drainpunch": 0.0}, "Happiness": {"255": 0.0024705295592026277}}, "Gastrodon": {"Items": {"heavydutyboots": 0.00174034944521001}, "Raw count": 1, "Spreads": {"Sassy:252/0/84/0/172/0": 0.00174034944521001}, "Tera Types": {"nothing": 0.00174034944521001}, "Teammates": {"Jirachi": 0.00174034944521001, "Mandibuzz": 0.00174034944521001, "Suicune": 0.00174034944521001, "Cresselia": 0.00174034944521001, "Celesteela": 0.00174034944521001}, "Viability Ceiling": [1, 64, 64, 64], "Abilities": {"stormdrain": 0.00174034944521001}, "Checks and Counters": {}, "usage": 0.010442100000000001, "Moves": {"toxic": 0.00174034944521001, "scald": 0.00174034944521001, "recover": 0.00174034944521001, "earthquake": 0.00174034944521001}, "Happiness": {"255": 0.00174034944521001}}, "Mandibuzz": {"Items": {"heavydutyboots": 0.00174034944521001}, "Raw count": 1, "Spreads": {"Impish:248/0/176/0/68/16": 0.00174034944521001}, "Tera Types": {"nothing": 0.00174034944521001}, "Teammates": {"Jirachi": 0.00174034944521001, "Gastrodon": 0.00174034944521001, "Suicune": 0.00174034944521001, "Cresselia": 0.00174034944521001, "Celesteela": 0.00174034944521001}, "Viability Ceiling": [1, 64, 64, 64], "Abilities": {"overcoat": 0.00174034944521001}, "Checks and Counters": {}, "usage": 0.010442100000000001, "Moves": {"foulplay": 0.00174034944521001, "uturn": 0.00174034944521001, "defog": 0.00174034944521001, "roost": 0.00174034944521001}, "Happiness": {"255": 0.00174034944521001}}, "Goodra": {"Items": {"expertbelt": 0.00047635740035506524, "assaultvest": 1.668815044764127e-06}, "Raw count": 2, "Spreads": {"Modest:252/0/0/0/252/4": 1.668815044764127e-06, "Timid:0/0/0/252/0/252": 0.00047635740035506524}, "Tera Types": {"nothing": 0.00047802621539982937}, "Teammates": {"Jirachi": 0.00047635740035506524, "Chansey": 0.00047635740035506524, "Dhelmise": 0.00047635740035506524, "Keldeo": 0.00047635740035506524, "Quagsire": 0.00047635740035506524}, "Viability Ceiling": [2, 54, 54, 54], "Abilities": {"sapsipper": 0.00047635740035506524, "gooey": 1.668815044764127e-06}, "Checks and Counters": {}, "usage": 0.0028581, "Moves": {"sludgebomb": 1.668815044764127e-06, "thunderbolt": 0.00047802621539982937, "dracometeor": 0.00047802621539982937, "hydropump": 0.00047635740035506524, "fireblast": 0.00047635740035506524, "flamethrower": 1.668815044764127e-06}, "Happiness": {"255": 0.00047802621539982937}}, "Lucario": {"Items": {"lifeorb": 4.1772858706268234e-05}, "Raw count": 5, "Spreads": {"Jolly:0/252/4/0/0/252": 4.1772858706268234e-05}, "Tera Types": {"nothing": 4.1772858706268234e-05}, "Teammates": {"Rotom-Heat": 3.476685259035106e-05, "Swampert": 3.476685259035106e-05, "Mamoswine": 3.476685259035106e-05, "Tentacruel": 3.476685259035106e-05, "Togekiss": 3.476685259035106e-05}, "Viability Ceiling": [1, 62, 62, 62], "Abilities": {"justified": 4.1772858706268234e-05}, "Checks and Counters": {}, "usage": 0.0002086, "Moves": {"swordsdance": 4.1772858706268234e-05, "meteormash": 4.1772858706268234e-05, "extremespeed": 4.1772858706268234e-05, "closecombat": 4.1772858706268234e-05}, "Happiness": {"255": 4.1772858706268234e-05}}, "Cresselia": {"Items": {"choicescarf": 0.00174034944521001}, "Raw count": 1, "Spreads": {"Calm:252/0/84/0/16/156": 0.00174034944521001}, "Tera Types": {"nothing": 0.00174034944521001}, "Teammates": {"Jirachi": 0.00174034944521001, "Gastrodon": 0.00174034944521001, "Mandibuzz": 0.00174034944521001, "Suicune": 0.00174034944521001, "Celesteela": 0.00174034944521001}, "Viability Ceiling": [1, 64, 64, 64], "Abilities": {"levitate": 0.00174034944521001}, "Checks and Counters": {}, "usage": 0.010442100000000001, "Moves": {"trick": 0.00174034944521001, "thunderwave": 0.00174034944521001, "lunardance": 0.00174034944521001, "icebeam": 0.00174034944521001}, "Happiness": {"255": 0.00174034944521001}}, "Chansey": {"Items": {"eviolite": 0.001946311372620524}, "Raw count": 6, "Spreads": {"Bold:252/0/252/0/4/0": 0.0012161312677106406, "Calm:252/0/4/0/252/0": 0.0, "Impish:248/8/252/0/0/0": 0.0, "Bold:252/0/0/0/252/0": 0.0007301801049098833}, "Tera Types": {"nothing": 0.001946311372620524}, "Teammates": {"Jirachi": 0.0007301801049098833, "Thundurus-Therian": 0.0, "Slowking": 0.0, "Tangrowth": 0.0, "Dhelmise": 0.0007301801049098833, "Goodra": 0.00047635740035506524, "Skarmory": 0.00025382270455481803, "Hippowdon": 7.976956718419581e-05, "Quagsire": 0.0006504105377256875, "Keldeo": 0.0007301801049098833, "Excadrill": 0.0}, "Viability Ceiling": [3, 57, 57, 57], "Abilities": {"naturalcure": 0.001946311372620524}, "Checks and Counters": {}, "usage": 0.0043811, "Moves": {"teleport": 0.0012161312677106406, "softboiled": 0.001946311372620524, "covet": 0.0, "aromatherapy": 0.0007301801049098833, "thunderwave": 0.0012161312677106406, "toxic": 0.0007301801049098833, "seismictoss": 0.001946311372620524}, "Happiness": {"255": 0.001946311372620524}}, "Rotom-Heat": {"Items": {"choicescarf": 4.1772858706268234e-05}, "Raw count": 5, "Spreads": {"Timid:0/0/4/252/0/252": 4.1772858706268234e-05}, "Tera Types": {"nothing": 4.1772858706268234e-05}, "Teammates": {"Swampert": 3.476685259035106e-05, "Mamoswine": 3.476685259035106e-05, "Tentacruel": 3.476685259035106e-05, "Lucario": 3.476685259035106e-05, "Togekiss": 3.476685259035106e-05}, "Viability Ceiling": [1, 62, 62, 62], "Abilities": {"levitate": 4.1772858706268234e-05}, "Checks and Counters": {}, "usage": 0.0002086, "Moves": {"trick": 4.1772858706268234e-05, "painsplit": 4.1772858706268234e-05, "overheat": 4.1772858706268234e-05, "voltswitch": 4.1772858706268234e-05}, "Happiness": {"255": 4.1772858706268234e-05}}, "Mamoswine": {"Items": {"expertbelt": 4.1772858706268234e-05, "leftovers": 0.0, "nevermeltice": 0.0}, "Raw count": 9, "Spreads": {"Jolly:0/252/0/0/4/252": 4.1772858706268234e-05, "Adamant:0/252/0/0/4/252": 0.0, "Adamant:0/252/236/0/0/20": 0.0}, "Tera Types": {"nothing": 4.1772858706268234e-05}, "Teammates": {"Quagsire": 0.0, "Lucario": 3.476685259035106e-05, "Celesteela": 0.0, "Nidoking": 0.0, "Rotom-Heat": 3.476685259035106e-05, "Tentacruel": 3.476685259035106e-05, "Togekiss": 3.476685259035106e-05, "Primarina": 0.0, "Raikou": 0.0, "Salamence": 0.0,