{"info": {"team type": null, "cutoff": 1630.0, "cutoff deviation": 0, "metagame": "gen1rbycap", "number of battles": 49}, "data": {"Machamp": {"Items": {"nothing": 0.6238491860077162}, "Raw count": 3, "Spreads": {"Serious:252/252/252/252/252/252": 0.6238491860077162}, "Tera Types": {"nothing": 0.6238491860077162}, "Teammates": {"Alakazam": 0.4366426431502878, "Chansey": 0.4366426431502878, "Exeggutor": 0.4366426431502878, "Snorlax": 0.4366426431502878, "Jynx": 0.4366426431502878}, "Viability Ceiling": [1, 59, 59, 59], "Abilities": {"noability": 0.6238491860077162}, "Checks and Counters": {}, "usage": 0.0367835, "Moves": {"bodyslam": 0.6238491860077162, "fireblast": 0.6238491860077162, "lowkick": 0.6238491860077162, "hyperbeam": 0.6238491860077162}, "Happiness": {"255": 0.6238491860077162}}, "Raichu": {"Items": {"nothing": 1.9660457516527878}, "Raw count": 6, "Spreads": {"Serious:252/252/252/252/252/252": 1.9660457516527878}, "Tera Types": {"nothing": 1.9660457516527878}, "Teammates": {"Cloyster": 0.5756488759158778, "Chansey": 1.2187407593542021, "Exeggutor": 0.6430918834383242, "Snorlax": 1.2187407593542021, "Gengar": 1.2187407593542021, "Alakazam": 1.2187407593542021}, "Viability Ceiling": [1, 64, 64, 64], "Abilities": {"noability": 1.9660457516527878}, "Checks and Counters": {}, "usage": 0.1026688, "Moves": {"surf": 1.9660457516527878, "lightscreen": 1.9660457516527878, "thunderbolt": 1.9660457516527878, "hyperbeam": 1.9660457516527878}, "Happiness": {"255": 1.9660457516527878}}, "Charizard": {"Items": {"nothing": 1.3949832007867942}, "Raw count": 11, "Spreads": {"Serious:252/252/252/252/252/252": 1.3949832007867942}, "Tera Types": {"nothing": 1.3949832007867942}, "Teammates": {"Gengar": 0.8430782058731316, "Venusaur": 0.0, "Onix": 0.0, "Jynx": 0.1527870581904111, "Vaporeon": 0.0, "Lapras": 0.8430782058731316, "Chansey": 0.9958652640635428, "Exeggutor": 0.9958652640635428, "Snorlax": 0.9958652640635428, "Nidoking": 0.1527870581904111, "Jolteon": 0.0, "Zapdos": 0.0, "Alakazam": 0.0, "Parasect": 0.0, "Electrode": 0.0, "Articuno": 0.0, "Blastoise": 0.0}, "Viability Ceiling": [7, 65, 65, 57], "Abilities": {"noability": 1.3949832007867942}, "Checks and Counters": {}, "usage": 0.0838934, "Moves": {"reflect": 1.242196142596383, "firespin": 0.0, "counter": 0.0, "substitute": 0.1527870581904111, "swordsdance": 1.242196142596383, "mimic": 0.0, "dragonrage": 0.0, "hyperbeam": 0.8430782058731316, "slash": 0.1527870581904111, "megakick": 0.0, "fireblast": 0.5519049949136625, "earthquake": 1.3949832007867942, "flamethrower": 0.0}, "Happiness": {"255": 1.3949832007867942}}, "Kadabra": {"Items": {"nothing": 1.3734685764736625}, "Raw count": 3, "Spreads": {"Serious:252/252/252/252/252/252": 1.3734685764736625}, "Tera Types": {"nothing": 1.3734685764736625}, "Teammates": {"Starmie": 1.3734685764736625, "Alakazam": 1.3734685764736625, "Chansey": 1.3734685764736625, "Snorlax": 1.3734685764736625, "Gengar": 1.3734685764736625}, "Viability Ceiling": [1, 66, 66, 66], "Abilities": {"noability": 1.3734685764736625}, "Checks and Counters": {}, "usage": 0.11570330000000001, "Moves": {"psychic": 1.3734685764736625, "recover": 1.3734685764736625, "thunderwave": 1.3734685764736625, "substitute": 1.3734685764736625}, "Happiness": {"255": 1.3734685764736625}}, "Starmie": {"Items": {"nothing": 7.289348189768507}, "Raw count": 21, "Spreads": {"Serious:252/252/252/252/252/252": 7.289348189768507, "Serious:252/0/252/252/252/252": 0.0}, "Tera Types": {"nothing": 7.289348189768507}, "Teammates": {"Jolteon": 0.0, "Aerodactyl": 0.0, "Kangaskhan": 0.0, "Tauros": 0.0, "Jynx": 3.5073782535824343, "Kadabra": 1.3734685764736625, "Chansey": 4.880846830056097, "Persian": 0.0, "Alakazam": 4.880846830056097, "Gengar": 4.880846830056097, "Zapdos": 0.0, "Snorlax": 4.880846830056097, "Ditto": 0.0}, "Viability Ceiling": [5, 71, 71, 71], "Abilities": {"noability": 7.289348189768507}, "Checks and Counters": {}, "usage": 0.4111707, "Moves": {"surf": 0.0, "lightscreen": 0.0, "thunderbolt": 7.289348189768507, "blizzard": 7.289348189768507, "psychic": 7.289348189768507, "reflect": 0.0, "triattack": 0.0, "icebeam": 0.0, "hydropump": 0.0, "recover": 7.289348189768507, "substitute": 0.0}, "Happiness": {"255": 7.289348189768507}}, "Gyarados": {"Items": {"nothing": 0.7679921780273484}, "Raw count": 4, "Spreads": {"Serious:252/252/252/252/252/252": 0.7679921780273484}, "Tera Types": {"nothing": 0.7679921780273484}, "Teammates": {"Gengar": 0.7679921780273484, "Chansey": 0.7679921780273484, "Alakazam": 0.7679921780273484, "Nidoking": 0.7679921780273484, "Ninetales": 0.0, "Venusaur": 0.0, "Snorlax": 0.7679921780273484}, "Viability Ceiling": [3, 65, 65, 65], "Abilities": {"noability": 0.7679921780273484}, "Checks and Counters": {}, "usage": 0.06469699999999999, "Moves": {"surf": 0.7679921780273484, "thunderbolt": 0.7679921780273484, "blizzard": 0.7679921780273484, "thunder": 0.0, "hydropump": 0.0, "fireblast": 0.7679921780273484, "hyperbeam": 0.0}, "Happiness": {"255": 0.7679921780273484}}, "Zapdos": {"Items": {"nothing": 0.4247834355534895}, "Raw count": 11, "Spreads": {"Serious:184/100/144/192/192/176": 0.0, "Serious:252/252/252/252/252/252": 0.4247834355534895}, "Tera Types": {"nothing": 0.4247834355534895}, "Teammates": {"Moltres": 0.0, "Electabuzz": 0.0, "Charizard": 0.0, "Starmie": 0.0, "Dragonite": 0.0, "Tauros": 0.0, "Jynx": 0.4247834355534895, "Slowbro": 0.0, "Lapras": 0.0, "Chansey": 0.4247834355534895, "Exeggutor": 0.4247834355534895, "Snorlax": 0.4247834355534895, "Nidoking": 0.4247834355534895, "Gengar": 0.0, "Alakazam": 0.0, "Venusaur": 0.0, "Dugtrio": 0.0}, "Viability Ceiling": [7, 56, 56, 55], "Abilities": {"noability": 0.4247834355534895}, "Checks and Counters": {}, "usage": 0.035784500000000004, "Moves": {"agility": 0.0, "thunderbolt": 0.4247834355534895, "drillpeck": 0.0, "skyattack": 0.3079180661202783, "thunderwave": 0.11686536943321124, "substitute": 0.11686536943321124, "doubleedge": 0.0, "thunder": 0.3079180661202783, "lightscreen": 0.0, "hyperbeam": 0.4247834355534895}, "Happiness": {"255": 0.4247834355534895}}, "Tauros": {"Items": {"nothing": 2.9537954475374066}, "Raw count": 58, "Spreads": {"Serious:252/252/252/252/252/252": 2.9537954475374066}, "Tera Types": {"nothing": 2.9537954475374066}, "Teammates": {"Electabuzz": 0.0, "Dugtrio": 0.0, "Exeggutor": 2.4884110902986256, "Starmie": 0.0, "Cloyster": 0.0, "Dragonite": 0.0, "Jynx": 0.0, "Slowbro": 0.0, "Rhydon": 0.0, "Lapras": 2.4884110902986256, "Chansey": 2.4884110902986256, "Persian": 0.0, "Alakazam": 0.0, "Gengar": 2.4884110902986256, "Zapdos": 0.0, "Snorlax": 2.4884110902986256}, "Viability Ceiling": [17, 67, 67, 62], "Abilities": {"noability": 2.9537954475374066}, "Checks and Counters": {}, "usage": 0.20962789999999998, "Moves": {"blizzard": 2.9537954475374066, "stomp": 0.0, "rest": 0.0, "bodyslam": 2.9537954475374066, "hyperbeam": 2.9537954475374066, "icebeam": 0.0, "earthquake": 2.9537954475374066, "substitute": 0.0}, "Happiness": {"255": 2.9537954475374066}}, "Jynx": {"Items": {"nothing": 7.774625264369895}, "Raw count": 23, "Spreads": {"Serious:252/252/252/252/252/252": 7.774625264369895}, "Tera Types": {"nothing": 7.774625264369895}, "Teammates": {"Machamp": 0.4366426431502878, "Charizard": 0.1527870581904111, "Starmie": 3.5073782535824343, "Tauros": 0.0, "Slowbro": 0.0, "Rhydon": 0.0, "Lapras": 0.0, "Chansey": 5.178917361800056, "Exeggutor": 1.671539108217622, "Snorlax": 5.178917361800056, "Nidoking": 1.2348964650673344, "Gengar": 3.5073782535824343, "Zapdos": 0.4247834355534895, "Alakazam": 3.944020896732722, "Venomoth": 0.6573259713234338}, "Viability Ceiling": [4, 71, 71, 71], "Abilities": {"noability": 7.774625264369895}, "Checks and Counters": {}, "usage": 0.4362807, "Moves": {"bubblebeam": 0.0, "lick": 0.0, "submission": 5.915879613294844, "blizzard": 6.068666671485255, "psychic": 7.774625264369895, "substitute": 0.2020084035110613, "bodyslam": 0.26230725392963344, "lovelykiss": 7.774625264369895,