{"info": {"team type": null, "cutoff": 1760.0, "cutoff deviation": 0, "metagame": "gen9sharingiscaring", "number of battles": 5}, "data": {"Gholdengo": {"Moves": {"recover": 0.003347147580474108, "shadowball": 0.003347147580474108, "flashcannon": 0.0, "hex": 0.0, "makeitrain": 0.003347147580474108, "trick": 2.8554801517755024e-07, "thunderwave": 0.0, "lowkick": 0.0, "nastyplot": 0.0033468620324589304, "lightscreen": 0.0}, "Checks and Counters": {}, "Abilities": {"goodasgold": 0.003347147580474108}, "Teammates": {"Maushold": 2.8554801517755024e-07, "Breloom": 2.8554801517755024e-07, "Gouging Fire": 0.0, "Iron Valiant": 0.0033468620324589304, "Raging Bolt": 0.0, "Cinderace": 0.0, "Dragonite": 0.0, "Great Tusk": 0.0033468620324589304, "Enamorus": 0.0033468620324589304, "Baxcalibur": 2.8554801517755024e-07, "Pecharunt": 0.0, "Infernape": 2.8554801517755024e-07, "Clefable": 0.0, "Kingambit": 0.0033468620324589304, "Skeledirge": 0.0, "Torterra": 2.8554801517755024e-07, "Heatran": 0.0, "Iron Boulder": 0.0033468620324589304}, "usage": 0.0200829, "Items": {"lifeorb": 0.0, "airballoon": 0.0033468620324589304, "toxicorb": 2.8554801517755024e-07}, "Raw count": 4, "Spreads": {"Hardy:0/0/0/0/252/232": 0.0, "Modest:104/0/124/156/124/0": 0.0, "Timid:0/0/0/252/4/252": 0.003347147580474108}, "Happiness": {"255": 0.003347147580474108}, "Viability Ceiling": [4, 62, 62, 62]}, "Iron Valiant": {"Moves": {"taunt": 0.0033468620324589304, "spiritbreak": 0.0033468620324589304, "knockoff": 0.0033468620324589304, "closecombat": 0.0033468620324589304}, "Checks and Counters": {}, "Abilities": {"quarkdrive": 0.0033468620324589304}, "Teammates": {"Enamorus": 0.0033468620324589304, "Kingambit": 0.0033468620324589304, "Gholdengo": 0.0033468620324589304, "Great Tusk": 0.0033468620324589304, "Iron Boulder": 0.0033468620324589304}, "usage": 0.0200812, "Items": {"lifeorb": 0.0033468620324589304}, "Raw count": 1, "Spreads": {"Jolly:0/252/0/0/4/252": 0.0033468620324589304}, "Happiness": {"255": 0.0033468620324589304}, "Viability Ceiling": [1, 62, 62, 62]}, "Iron Boulder": {"Moves": {"earthquake": 0.0033468620324589304, "mightycleave": 0.0033468620324589304, "zenheadbutt": 0.0033468620324589304, "closecombat": 0.0033468620324589304}, "Checks and Counters": {}, "Abilities": {"quarkdrive": 0.0033468620324589304}, "Teammates": {"Enamorus": 0.0033468620324589304, "Kingambit": 0.0033468620324589304, "Gholdengo": 0.0033468620324589304, "Great Tusk": 0.0033468620324589304, "Iron Valiant": 0.0033468620324589304}, "usage": 0.0200812, "Items": {"stoneplate": 0.0033468620324589304}, "Raw count": 1, "Spreads": {"Jolly:0/252/0/0/4/252": 0.0033468620324589304}, "Happiness": {"255": 0.0033468620324589304}, "Viability Ceiling": [1, 62, 62, 62]}, "Great Tusk": {"Moves": {"bodypress": 0.0033468620324589304, "knockoff": 0.0033468620324589304, "earthquake": 0.0033468620324589304, "rapidspin": 0.0033468620324589304}, "Checks and Counters": {}, "Abilities": {"protosynthesis": 0.0033468620324589304}, "Teammates": {"Kingambit": 0.0033468620324589304, "Gholdengo": 0.0033468620324589304, "Iron Boulder": 0.0033468620324589304, "Enamorus": 0.0033468620324589304, "Iron Valiant": 0.0033468620324589304}, "usage": 0.0200812, "Items": {"sitrusberry": 0.0033468620324589304}, "Raw count": 1, "Spreads": {"Impish:252/0/252/0/4/0": 0.0033468620324589304}, "Happiness": {"255": 0.0033468620324589304}, "Viability Ceiling": [1, 62, 62, 62]}, "Enamorus": {"Moves": {"agility": 0.0, "healingwish": 0.0033468620324589304, "terablast": 0.0033468620324589304, "calmmind": 0.0, "playrough": 0.0033468620324589304, "bodyslam": 0.0, "alluringvoice": 0.0, "superpower": 0.0033468620324589304}, "Checks and Counters": {}, "Abilities": {"contrary": 0.0033468620324589304}, "Teammates": {"Gholdengo": 0.0033468620324589304, "Iron Valiant": 0.0033468620324589304, "Cinderace": 0.0, "Great Tusk": 0.0033468620324589304, "Pecharunt": 0.0, "Iron Boulder": 0.0033468620324589304, "Kingambit": 0.0033468620324589304, "Heatran": 0.0}, "usage": 0.0200812, "Items": {"leftovers": 0.0, "shellbell": 0.0033468620324589304}, "Raw count": 2, "Spreads": {"Jolly:0/252/4/0/0/252": 0.0033468620324589304, "Hardy:0/248/0/244/0/0": 0.0}, "Happiness": {"255": 0.0033468620324589304}, "Viability Ceiling": [2, 62, 62, 62]}, "Kingambit": {"Moves": {"darkpulse": 0.0, "brickbreak": 0.0, "suckerpunch": 0.0033468620324589304, "lowkick": 0.0033468620324589304, "kowtowcleave": 0.0033468620324589304, "airslash": 0.0, "ironhead": 0.0033468620324589304, "flashcannon": 0.0}, "Checks and Counters": {}, "Abilities": {"supremeoverlord": 0.0033468620324589304}, "Teammates": {"Great Tusk": 0.0033468620324589304, "Gholdengo": 0.0033468620324589304, "Iron Valiant": 0.0033468620324589304, "Cinderace": 0.0, "Enamorus": 0.0033468620324589304, "Pecharunt": 0.0, "Iron Boulder": 0.0033468620324589304, "Heatran": 0.0}, "usage": 0.0200812, "Items": {"boosterenergy": 0.0033468620324589304, "metronome": 0.0}, "Raw count": 2, "Spreads": {"Adamant:252/252/0/0/0/4": 0.0033468620324589304, "Hardy:0/0/0/0/240/248": 0.0}, "Happiness": {"255": 0.0033468620324589304}, "Viability Ceiling": [2, 62, 62, 62]}}}