{"info": {"metagame": "gen9passiveaggressive", "cutoff": 1760.0, "cutoff deviation": 0, "team type": null, "number of battles": 6}, "data": {"Samurott-Hisui": {"Raw count": 5, "Viability Ceiling": [4, 51, 51, 51], "Abilities": {"sharpness": 0.008175164516438571}, "Items": {"choicescarf": 0.004039710561149934, "assaultvest": 3.3731562332217635e-07, "choiceband": 0.004135116639665315}, "Spreads": {"Jolly:0/252/0/0/4/252": 0.008175164516438571}, "Moves": {"ceaselessedge": 0.008175164516438571, "flipturn": 0.004040047876773256, "sacredsword": 0.008175164516438571, "aquacutter": 0.004135116639665315, "megahorn": 3.3731562332217635e-07, "razorshell": 0.004039710561149934, "aquajet": 0.004135116639665315}, "Tera Types": {"nothing": 0.008175164516438571}, "Happiness": {"255": 0.008175164516438571}, "Teammates": {"Glimmora": 0.004135116639665315, "Talonflame": 0.0, "Dragapult": 0.0, "Enamorus": 0.0, "Scizor": 0.0, "Ceruledge": 3.3731562332217635e-07, "Zoroark-Hisui": 3.3731562332217635e-07, "Tinkaton": 3.3731562332217635e-07, "Hatterene": 3.3731562332217635e-07, "Heatran": 3.3731562332217635e-07, "Tyranitar": 0.004039710561149934, "Excadrill": 0.004039710561149934, "Magnezone": 0.004039710561149934, "Iron Valiant": 0.004039710561149934, "Moltres": 0.004039710561149934, "Iron Moth": 0.004135116639665315, "Chesnaught": 0.004135116639665315, "Ting-Lu": 0.004135116639665315, "Gliscor": 0.004135116639665315}, "Checks and Counters": {}, "usage": 0.049051}, "Glimmora": {"Raw count": 3, "Viability Ceiling": [3, 51, 51, 51], "Abilities": {"toxicdebris": 0.004135224267707627}, "Items": {"focussash": 1.0762804231179146e-07, "blacksludge": 0.004135116639665315}, "Spreads": {"Naive:0/4/0/252/0/252": 0.0, "Naive:252/4/0/0/0/252": 1.0762804231179146e-07, "Naive:252/0/0/4/0/252": 0.004135116639665315}, "Moves": {"stealthrock": 0.004135224267707627, "earthpower": 0.0, "sludgewave": 1.0762804231179146e-07, "mortalspin": 0.004135224267707627, "spikyshield": 0.004135224267707627, "powergem": 0.004135116639665315}, "Tera Types": {"nothing": 0.004135224267707627}, "Happiness": {"255": 0.004135224267707627}, "Teammates": {"Samurott-Hisui": 0.004135116639665315, "Talonflame": 0.0, "Dragapult": 1.0762804231179146e-07, "Enamorus": 0.0, "Scizor": 0.0, "Archaludon": 1.0762804231179146e-07, "Hydrapple": 1.0762804231179146e-07, "Araquanid": 1.0762804231179146e-07, "Iron Treads": 1.0762804231179146e-07, "Iron Moth": 0.004135116639665315, "Chesnaught": 0.004135116639665315, "Ting-Lu": 0.004135116639665315, "Gliscor": 0.004135116639665315}, "Checks and Counters": {}, "usage": 0.024811299999999998}, "Gliscor": {"Raw count": 3, "Viability Ceiling": [3, 53, 53, 53], "Abilities": {"hypercutter": 0.0, "poisonheal": 0.004136693994014173}, "Items": {"toxicorb": 0.004136693994014173}, "Spreads": {"Impish:252/0/252/0/0/4": 0.0, "Impish:252/0/184/0/0/72": 0.004136693994014173}, "Moves": {"toxic": 0.004135116639665315, "spikes": 1.5773543488584174e-06, "knockoff": 1.5773543488584174e-06, "earthquake": 0.004135116639665315, "protect": 0.004136693994014173, "substitute": 1.5773543488584174e-06, "stealthrock": 0.004135116639665315}, "Tera Types": {"nothing": 0.004136693994014173}, "Happiness": {"255": 0.004136693994014173}, "Teammates": {"Zoroark-Hisui": 0.0, "Reuniclus": 0.0, "Mamoswine": 0.0, "Whimsicott": 0.0, "Cyclizar": 0.0, "Glimmora": 0.004135116639665315, "Iron Moth": 0.004135116639665315, "Chesnaught": 0.004135116639665315, "Ting-Lu": 0.004135116639665315, "Samurott-Hisui": 0.004135116639665315}, "Checks and Counters": {}, "usage": 0.024810699999999998}, "Iron Moth": {"Raw count": 2, "Viability Ceiling": [2, 51, 51, 51], "Abilities": {"quarkdrive": 0.004135116639665315}, "Items": {"boosterenergy": 0.0, "assaultvest": 0.004135116639665315}, "Spreads": {"Timid:0/0/0/252/4/252": 0.004135116639665315}, "Moves": {"toxicspikes": 0.0, "fierydance": 0.004135116639665315, "sludgewave": 0.0, "energyball": 0.004135116639665315, "venoshock": 0.004135116639665315, "discharge": 0.004135116639665315}, "Tera Types": {"nothing": 0.004135116639665315}, "Happiness": {"255": 0.004135116639665315}, "Teammates": {"Revavroom": 0.0, "Mamoswine": 0.0, "Corviknight": 0.0, "Clefable": 0.0, "Sandy Shocks": 0.0, "Glimmora": 0.004135116639665315, "Chesnaught": 0.004135116639665315, "Ting-Lu": 0.004135116639665315, "Samurott-Hisui": 0.004135116639665315, "Gliscor": 0.004135116639665315}, "Checks and Counters": {}, "usage": 0.024810699999999998}, "Chesnaught": {"Raw count": 1, "Viability Ceiling": [1, 51, 51, 51], "Abilities": {"overgrow": 0.004135116639665315}, "Items": {"leftovers": 0.004135116639665315}, "Spreads": {"Bold:252/0/252/0/4/0": 0.004135116639665315}, "Moves": {"irondefense": 0.004135116639665315, "spikyshield": 0.004135116639665315, "leechseed": 0.004135116639665315, "bodypress": 0.004135116639665315}, "Tera Types": {"nothing": 0.004135116639665315}, "Happiness": {"255": 0.004135116639665315}, "Teammates": {"Glimmora": 0.004135116639665315, "Iron Moth": 0.004135116639665315, "Ting-Lu": 0.004135116639665315, "Samurott-Hisui": 0.004135116639665315, "Gliscor": 0.004135116639665315}, "Checks and Counters": {}, "usage": 0.024810699999999998}, "Ting-Lu": {"Raw count": 1, "Viability Ceiling": [1, 51, 51, 51], "Abilities": {"vesselofruin": 0.004135116639665315}, "Items": {"rockyhelmet": 0.004135116639665315}, "Spreads": {"Bold:252/0/252/0/4/0": 0.004135116639665315}, "Moves": {"taunt": 0.004135116639665315, "spikes": 0.004135116639665315, "whirlwind": 0.004135116639665315, "ruination": 0.004135116639665315}, "Tera Types": {"nothing": 0.004135116639665315}, "Happiness": {"255": 0.004135116639665315}, "Teammates": {"Glimmora": 0.004135116639665315, "Iron Moth": 0.004135116639665315, "Chesnaught": 0.004135116639665315, "Samurott-Hisui": 0.004135116639665315, "Gliscor": 0.004135116639665315}, "Checks and Counters": {}, "usage": 0.024810699999999998}, "Moltres": {"Raw count": 2, "Viability Ceiling": [2, 50, 50, 50], "Abilities": {"pressure": 0.0, "flamebody": 0.004039710561149934}, "Items": {"choicespecs": 0.0, "heavydutyboots": 0.004039710561149934}, "Spreads": {"Hardy:76/68/76/92/100/96": 0.0, "Impish:204/0/220/0/20/64": 0.004039710561149934}, "Moves": {"flareblitz": 0.0, "bravebird": 0.004039710561149934, "agility": 0.0, "scorchingsands": 0.0, "willowisp": 0.004039710561149934, "uturn": 0.004039710561149934, "roost": 0.004039710561149934}, "Tera Types": {"nothing": 0.004039710561149934}, "Happiness": {"255": 0.004039710561149934}, "Teammates": {"Scizor": 0.0, "Zamazenta": 0.0, "Swampert": 0.0, "Leafeon": 0.0, "Krookodile": 0.0, "Tyranitar": 0.004039710561149934, "Excadrill": 0.004039710561149934, "Magnezone": 0.004039710561149934, "Samurott-Hisui": 0.004039710561149934, "Iron Valiant": 0.004039710561149934}, "Checks and Counters": {}, "usage": 0.0242383}, "Tyranitar": {"Raw count": 2, "Viability Ceiling": [2, 49, 49, 49], "Abilities": {"sandstream": 0.004039710561149934}, "Items": {"focussash": 0.0, "smoothrock": 0.004039710561149934}, "Spreads": {"Adamant:0/252/0/0/4/252": 0.0, "Adamant:252/156/100/0/0/0": 0.004039710561149934}, "Moves": {"dragondance": 0.0, "stealthrock": 0.004039710561149934, "knockoff": 0.004039710561149934, "rockslide": 0.0, "earthquake": 0.004039710561149934, "icepunch": 0.004039710561149934}, "Tera Types": {"nothing": 0.004039710561149934}, "Happiness": {"255": 0.004039710561149934}, "Teammates": {"Excadrill": 0.004039710561149934, "Zamazenta": 0.0, "Emboar": 0.0, "Dragapult": 0.0, "Ogerpon-Wellspring": 0.0, "Magnezone": 0.004039710561149934, "Samurott-Hisui": 0.004039710561149934, "Iron Valiant": 0.004039710561149934, "Moltres": 0.004039710561149934}, "Checks and Counters": {}, "usage": 0.0242383}, "Excadrill": {"Raw count": 2, "Viability Ceiling": [2, 49, 49, 49], "Abilities": {"sandrush": 0.004039710561149934}, "Items": {"focussash": 0.0, "heavydutyboots": 0.004039710561149934}, "Spreads": {"Adamant:0/252/0/0/4/252": 0.0, "Jolly:0/252/0/0/4/252": 0.004039710561149934},