{"info": {"team type": null, "cutoff": 1760.0, "cutoff deviation": 0, "metagame": "gen9donotuse", "number of battles": 14}, "data": {"Rockruff": {"Moves": {"crunch": 0.0, "taunt": 0.7893617147426446, "swordsdance": 0.0, "stealthrock": 0.7893617147426446, "suckerpunch": 0.06552279018827178, "trailblaze": 0.0, "stompingtantrum": 0.0, "endeavor": 0.7893617147426446, "stoneedge": 0.7238389245543728}, "Checks and Counters": {}, "Abilities": {"vitalspirit": 0.0, "steadfast": 0.7893617147426446}, "Teammates": {"Swinub": 0.0, "Tadbulb": 0.0, "Cottonee": 0.0, "Mareep": 0.3429256878958114, "Yungoos": 0.0, "Shedinja": 0.7238389245543728, "Wiglett": 0.0, "Wattrel": 0.4084484780840832, "Arrokuda": 0.3429256878958114, "Hatenna": 0.38091323665856147, "Jigglypuff": 0.06552279018827178, "Bramblin": 0.7893617147426446, "NidoranF": 0.0, "Litwick": 0.38091323665856147, "Budew": 0.38091323665856147, "Kirlia": 0.06552279018827178, "Diglett": 0.06552279018827178, "Taillow": 0.0}, "usage": 0.9224135, "Items": {"focussash": 0.7893617147426446, "lifeorb": 0.0, "eviolite": 0.0}, "Raw count": 6, "Spreads": {"Jolly:0/252/0/4/0/252": 0.3429256878958114, "Jolly:4/252/0/0/0/252": 0.0, "Jolly:0/252/4/0/0/252": 0.0, "Jolly:0/252/0/0/4/252": 0.06552279018827178, "Hasty:0/252/0/4/0/252": 0.38091323665856147}, "Happiness": {"255": 0.7893617147426446}, "Viability Ceiling": [5, 77, 77, 77]}, "Budew": {"Moves": {"sludgebomb": 0.3989936979590199, "spikes": 0.3989936979590199, "extrasensory": 0.0, "gigadrain": 0.3989936979590199, "sleeppowder": 0.0, "energyball": 0.0, "dazzlinggleam": 0.0, "synthesis": 0.3989936979590199}, "Checks and Counters": {}, "Abilities": {"poisonpoint": 0.0, "naturalcure": 0.3989936979590199}, "Teammates": {"Rockruff": 0.38091323665856147, "Nacli": 0.018080461300458428, "Swinub": 0.0, "Togepi": 0.0, "Rolycoly": 0.0, "Shedinja": 0.38091323665856147, "Arrokuda": 0.018080461300458428, "Hatenna": 0.3989936979590199, "Makuhita": 0.0, "Bramblin": 0.3989936979590199, "NidoranF": 0.0, "Litwick": 0.38091323665856147, "Impidimp": 0.0, "Kirlia": 0.0, "Taillow": 0.018080461300458428}, "usage": 0.4662465, "Items": {"nothing": 0.38091323665856147, "eviolite": 0.018080461300458428}, "Raw count": 5, "Spreads": {"Modest:252/0/0/252/4/0": 0.38091323665856147, "Modest:40/0/0/252/0/216": 0.0, "Calm:252/0/0/0/212/44": 0.018080461300458428}, "Happiness": {"255": 0.3989936979590199}, "Viability Ceiling": [5, 77, 77, 77]}, "Gossifleur": {"Moves": {"aromatherapy": 0.06214785771718051, "leechseed": 0.06214785771718051, "pollenpuff": 0.06214785771718051, "sleeppowder": 0.0, "rapidspin": 0.06214785771718051, "leafstorm": 0.0}, "Checks and Counters": {}, "Abilities": {"regenerator": 0.06214785771718051}, "Teammates": {"Snorunt": 0.04831474037252925, "Yungoos": 0.0, "Roggenrola": 0.04831474037252925, "Yamper": 0.0, "Marill": 0.04831474037252925, "Wooper": 0.04831474037252925, "Hatenna": 0.0, "Impidimp": 0.0, "Taillow": 0.04831474037252925, "Swinub": 0.0}, "usage": 0.0564585, "Items": {"eviolite": 0.06214785771718051}, "Raw count": 4, "Spreads": {"Bold:252/0/252/4/0/0": 0.06214785771718051, "Bold:252/0/184/0/72/0": 0.0}, "Happiness": {"255": 0.06214785771718051}, "Viability Ceiling": [2, 61, 61, 61]}, "Mareep": {"Moves": {"cottonguard": 0.0, "thunderbolt": 0.3429256878958114, "hiddenpowerwater": 0.3429256878958114, "confuseray": 0.0, "voltswitch": 0.3429256878958114, "reflect": 0.0, "powergem": 0.3429256878958114, "discharge": 0.0, "lightscreen": 0.0, "dazzlinggleam": 0.0}, "Checks and Counters": {}, "Abilities": {"static": 0.3429256878958114}, "Teammates": {"Rockruff": 0.3429256878958114, "Wooper-Paldea": 0.0, "Lotad": 0.0, "Luvdisc": 0.0, "Noibat": 0.0, "Shedinja": 0.3429256878958114, "Arrokuda": 0.3429256878958114, "Wattrel": 0.3429256878958114, "Tarountula": 0.0, "Azurill": 0.0, "Hatenna": 0.0, "Jigglypuff": 0.0, "Bramblin": 0.3429256878958114, "Fletchling": 0.0, "Ralts": 0.0, "Taillow": 0.0}, "usage": 0.40072789999999997, "Items": {"choicespecs": 0.3429256878958114, "eviolite": 0.0, "lightclay": 0.0}, "Raw count": 8, "Spreads": {"Modest:252/0/0/252/4/0": 0.3429256878958114, "Modest:4/0/0/252/252/0": 0.0}, "Happiness": {"255": 0.3429256878958114}, "Viability Ceiling": [5, 76, 76, 76]}, "Roggenrola": {"Moves": {"bodypress": 0.06214785771718051, "irondefense": 0.06214785771718051, "rest": 0.06214785771718051, "rockslide": 0.06214785771718051}, "Checks and Counters": {}, "Abilities": {"sturdy": 0.06214785771718051}, "Teammates": {"Wooper": 0.04831474037252925, "Marill": 0.04831474037252925, "Taillow": 0.04831474037252925, "Snorunt": 0.04831474037252925, "Gossifleur": 0.04831474037252925}, "usage": 0.0564585, "Items": {"eviolite": 0.06214785771718051}, "Raw count": 3, "Spreads": {"Careful:168/0/0/0/252/88": 0.06214785771718051}, "Happiness": {"255": 0.06214785771718051}, "Viability Ceiling": [1, 61, 61, 61]}, "Shedinja": {"Moves": {"swordsdance": 0.7238389245543728, "poltergeist": 0.7238389245543728, "suckerpunch": 0.7238389245543728, "xscissor": 0.7238389245543728}, "Checks and Counters": {}, "Abilities": {"wonderguard": 0.7238389245543728}, "Teammates": {"Rockruff": 0.7238389245543728, "Budew": 0.38091323665856147, "Mareep": 0.3429256878958114, "Arrokuda": 0.3429256878958114, "Wattrel": 0.3429256878958114, "Hatenna": 0.38091323665856147, "Bramblin": 0.7238389245543728, "Litwick": 0.38091323665856147}, "usage": 0.8458463999999999, "Items": {"focussash": 0.7238389245543728}, "Raw count": 3, "Spreads": {"Adamant:0/252/4/0/0/252": 0.3429256878958114, "Adamant:0/252/0/4/0/252": 0.38091323665856147}, "Happiness": {"255": 0.7238389245543728}, "Viability Ceiling": [2, 77, 77, 77]}, "Litwick": {"Moves": {"trickroom": 0.38091323665856147, "shadowball": 0.38091323665856147, "acidarmor": 0.0, "trick": 0.0, "willowisp": 0.0, "energyball": 0.38091323665856147, "fireblast": 0.0, "flamethrower": 0.38091323665856147}, "Checks and Counters": {}, "Abilities": {"flamebody": 0.38091323665856147, "flashfire": 0.0, "infiltrator": 0.0}, "Teammates": {"Rockruff": 0.38091323665856147, "Swinub": 0.0, "Luvdisc": 0.0, "Cottonee": 0.0, "Togepi": 0.0, "Skwovet": 0.0, "Dreepy": 0.0, "Shedinja": 0.38091323665856147, "Spinarak": 0.0, "Happiny": 0.0, "Hatenna": 0.38091323665856147, "Wattrel": 0.0, "Rolycoly": 0.0, "Budew": 0.38091323665856147, "Taillow": 0.0, "Bramblin": 0.38091323665856147}, "usage": 0.44511850000000003, "Items": {"leftovers": 0.0, "choicescarf": 0.0, "choicespecs": 0.0, "eviolite": 0.38091323665856147}, "Raw count": 6, "Spreads": {"Modest:252/0/0/252/4/0": 0.0, "Timid:0/0/0/252/4/252": 0.0, "Quiet:248/0/0/252/8/0": 0.38091323665856147}, "Happiness": {"255": 0.38091323665856147}, "Viability Ceiling": [6, 77, 77, 54]}, "Wattrel": {"Moves": {"roost": 0.06552279018827178, "uturn": 0.0, "thunderbolt": 0.4084484780840832, "tailwind": 0.0, "thunder": 0.0, "hurricane": 0.3429256878958114, "voltswitch": 0.4084484780840832, "weatherball": 0.0, "airslash": 0.4084484780840832, "discharge": 0.0}, "Checks and Counters": {}, "Abilities": {"voltabsorb": 0.3429256878958114, "windpower": 0.0, "competitive": 0.06552279018827178}, "Teammates": {"Pichu": 0.0, "Nymble": 0.0, "Tadbulb": 0.0, "Cottonee": 0.0, "Mareep": 0.3429256878958114, "Yungoos": 0.0, "Jigglypuff": 0.06552279018827178, "Bramblin": 0.4084484780840832, "Happiny": 0.0, "Rockruff": 0.4084484780840832, "Skwovet": 0.0, "Arrokuda": 0.3429256878958114, "Diglett": 0.06552279018827178, "Kirlia": 0.06552279018827178, "Nacli": 0.0, "Litwick": 0.0, "Shinx": 0.0, "Feebas": 0.0, "Shedinja": 0.3429256878958114, "Wiglett": 0.0, "Wooper": 0.0, "Makuhita": 0.0, "Luvdisc": 0.0, "Dreepy": 0.0, "Impidimp": 0.0}, "usage": 0.477295, "Items": {"heavydutyboots": 0.0, "choicescarf": 0.3429256878958114, "eviolite": 0.06552279018827178, "lifeorb": 0.0}, "Raw count": 7, "Spreads": {"Modest:0/0/172/184/152/0": 0.0, "Timid:0/0/0/252/4/252": 0.4084484780840832, "Timid:0/0/0/252/0/252": 0.0, "Timid:36/0/76/76/116/196": 0.0, "Hasty:0/4/0/252/0/252": 0.0}, "Happiness": {"255": 0.4084484780840832},