{"info": {"metagame": "gen8bdspou", "cutoff": 1760.0, "cutoff deviation": 0, "team type": null, "number of battles": 8}, "data": {"Lucario": {"Raw count": 6, "Viability Ceiling": [4, 69, 69, 69], "Abilities": {"justified": 0.06252981759953813, "steadfast": 0.0}, "Items": {"lifeorb": 0.06252981759953813, "wiseglasses": 0.0}, "Spreads": {"Adamant:0/252/0/0/4/252": 0.061757374806824805, "Timid:0/0/0/252/4/252": 0.0, "Jolly:0/252/0/0/4/252": 0.0007724427927133237}, "Moves": {"swordsdance": 0.06252981759953813, "closecombat": 0.06252981759953813, "meteormash": 0.06252981759953813, "extremespeed": 0.06252981759953813, "aurasphere": 0.0, "dragonpulse": 0.0, "flashcannon": 0.0, "psychic": 0.0}, "Tera Types": {"nothing": 0.06252981759953813}, "Happiness": {"255": 0.06252981759953813}, "Teammates": {"Gliscor": 0.0, "Heatran": 0.0, "Alakazam": 0.00048210938431175743, "Scizor": 0.061757374806824805, "Feraligatr": 0.00048210938431175743, "Spiritomb": 0.0, "Roserade": 0.0, "Togekiss": 0.0, "Milotic": 0.0, "Garchomp": 0.06223948419113656, "Azelf": 0.061757374806824805, "Celebi": 0.061757374806824805, "Azumarill": 0.061757374806824805, "Starmie": 0.00048210938431175743, "Dragonite": 0.00048210938431175743}, "Checks and Counters": {}, "usage": 0.3734369}, "Garchomp": {"Raw count": 9, "Viability Ceiling": [6, 69, 69, 55], "Abilities": {"roughskin": 0.06252981759953813}, "Items": {"softsand": 0.0, "yacheberry": 0.0, "lifeorb": 0.061757374806824805, "focussash": 0.0007724427927133237, "choicescarf": 0.0, "salacberry": 0.0}, "Spreads": {"Adamant:4/252/0/0/0/252": 0.0, "Jolly:0/252/0/0/4/252": 0.06252981759953813, "Jolly:0/252/0/0/0/252": 0.0}, "Moves": {"earthquake": 0.06252981759953813, "dragonclaw": 0.0, "swordsdance": 0.06252981759953813, "rockslide": 0.0, "poisonjab": 0.0, "outrage": 0.06252981759953813, "fireblast": 0.061757374806824805, "stealthrock": 0.0007724427927133237, "doubleedge": 0.0, "stoneedge": 0.0}, "Tera Types": {"nothing": 0.06252981759953813}, "Happiness": {"255": 0.06252981759953813}, "Teammates": {"Feraligatr": 0.00048210938431175743, "Celebi": 0.061757374806824805, "Heatran": 0.0, "Magnezone": 0.0, "Alakazam": 0.00048210938431175743, "Spiritomb": 0.0, "Roserade": 0.0, "Togekiss": 0.0, "Lucario": 0.06223948419113656, "Milotic": 0.0, "Azelf": 0.061757374806824805, "Scizor": 0.061757374806824805, "Azumarill": 0.061757374806824805, "Starmie": 0.00048210938431175743, "Dragonite": 0.00048210938431175743, "Blissey": 0.0, "Rotom-Wash": 0.0, "Skarmory": 0.0, "Infernape": 0.0, "Mew": 0.0, "Tangrowth": 0.0, "Cloyster": 0.0, "Weavile": 0.0}, "Checks and Counters": {}, "usage": 0.3734369}, "Scizor": {"Raw count": 11, "Viability Ceiling": [6, 69, 69, 59], "Abilities": {"technician": 0.061765171938805874}, "Items": {"lifeorb": 0.0, "leftovers": 0.061757374806890974, "sitrusberry": 7.797131914899502e-06, "choiceband": 0.0}, "Spreads": {"Adamant:32/252/8/0/0/216": 0.0, "Impish:252/0/16/0/240/0": 0.061757374806824805, "Adamant:248/252/4/0/4/0": 7.797131914899502e-06, "Careful:252/44/36/0/176/0": 6.616929226765933e-14, "Adamant:128/252/128/0/0/0": 0.0, "Impish:248/0/132/0/124/4": 0.0, "Adamant:248/252/0/0/8/0": 0.0}, "Moves": {"bulletpunch": 0.061765171938805874, "quickattack": 0.0, "brickbreak": 0.0, "swordsdance": 0.061765171938805874, "uturn": 0.061765171938805874, "roost": 0.061757374806890974, "thief": 7.797131914899502e-06, "aerialace": 0.0}, "Tera Types": {"nothing": 0.061765171938805874}, "Happiness": {"255": 0.061765171938805874}, "Teammates": {"Gliscor": 0.0, "Heatran": 0.0, "Alakazam": 0.0, "Lucario": 0.061757374806824805, "Feraligatr": 0.0, "Azelf": 0.061757374806824805, "Celebi": 0.061757374806824805, "Garchomp": 0.061757374806824805, "Azumarill": 0.061757374806824805, "Aggron": 7.797131914899502e-06, "Magmortar": 7.797131914899502e-06, "Mamoswine": 7.797131951314817e-06, "Quagsire": 7.797131914899502e-06, "Gardevoir": 7.797131914899502e-06, "Roserade": 3.6415315207705135e-14, "Latias": 3.6415315207705135e-14, "Sharpedo": 3.6415315207705135e-14, "Zapdos": 3.6415315207705135e-14, "Togekiss": 0.0, "Blissey": 0.0, "Rotom-Wash": 0.0, "Skarmory": 0.0, "Infernape": 0.0, "Mew": 0.0, "Tangrowth": 0.0, "Cloyster": 0.0, "Weavile": 0.0}, "Checks and Counters": {}, "usage": 0.370591}, "Celebi": {"Raw count": 2, "Viability Ceiling": [2, 69, 69, 69], "Abilities": {"naturalcure": 0.061757374806824805}, "Items": {"miracleseed": 0.0, "choicescarf": 0.061757374806824805}, "Spreads": {"Modest:0/0/0/252/0/252": 0.0, "Timid:0/0/0/252/4/252": 0.061757374806824805}, "Moves": {"psychic": 0.061757374806824805, "nastyplot": 0.0, "dazzlinggleam": 0.0, "gigadrain": 0.0, "leafstorm": 0.061757374806824805, "uturn": 0.061757374806824805, "healingwish": 0.061757374806824805}, "Tera Types": {"nothing": 0.061757374806824805}, "Happiness": {"255": 0.061757374806824805}, "Teammates": {"Feraligatr": 0.0, "Garchomp": 0.061757374806824805, "Heatran": 0.0, "Magnezone": 0.0, "Alakazam": 0.0, "Azelf": 0.061757374806824805, "Lucario": 0.061757374806824805, "Scizor": 0.061757374806824805, "Azumarill": 0.061757374806824805}, "Checks and Counters": {}, "usage": 0.3705442}, "Azelf": {"Raw count": 2, "Viability Ceiling": [2, 69, 69, 69], "Abilities": {"levitate": 0.061757374806824805}, "Items": {"focussash": 0.061757374806824805, "lightclay": 0.0}, "Spreads": {"Hasty:252/4/0/0/0/252": 0.061757374806824805, "Jolly:252/0/0/0/4/252": 0.0}, "Moves": {"explosion": 0.061757374806824805, "stealthrock": 0.061757374806824805, "taunt": 0.061757374806824805, "fireblast": 0.061757374806824805, "reflect": 0.0, "lightscreen": 0.0, "uturn": 0.0}, "Tera Types": {"nothing": 0.061757374806824805}, "Happiness": {"255": 0.061757374806824805}, "Teammates": {"Celebi": 0.061757374806824805, "Garchomp": 0.061757374806824805, "Lucario": 0.061757374806824805, "Scizor": 0.061757374806824805, "Azumarill": 0.061757374806824805, "Cloyster": 0.0, "Weavile": 0.0, "Togekiss": 0.0}, "Checks and Counters": {}, "usage": 0.3705442}, "Azumarill": {"Raw count": 1, "Viability Ceiling": [1, 69, 69, 69], "Abilities": {"hugepower": 0.061757374806824805}, "Items": {"sitrusberry": 0.061757374806824805}, "Spreads": {"Adamant:252/252/4/0/0/0": 0.061757374806824805}, "Moves": {"bellydrum": 0.061757374806824805, "aquajet": 0.061757374806824805, "playrough": 0.061757374806824805, "waterfall": 0.061757374806824805}, "Tera Types": {"nothing": 0.061757374806824805}, "Happiness": {"255": 0.061757374806824805}, "Teammates": {"Azelf": 0.061757374806824805, "Celebi": 0.061757374806824805, "Garchomp": 0.061757374806824805, "Lucario": 0.061757374806824805, "Scizor": 0.061757374806824805}, "Checks and Counters": {}, "usage": 0.3705442}, "Alakazam": {"Raw count": 7, "Viability Ceiling": [5, 65, 65, 65], "Abilities": {"magicguard": 0.0007724427927133237, "synchronize": 0.0}, "Items": {"lifeorb": 0.0, "twistedspoon": 0.0, "focussash": 0.0007724427927133237, "choicespecs": 0.0}, "Spreads": {"Timid:0/0/0/252/4/252": 0.0007724427927133237, "Timid:0/0/0/252/0/252": 0.0}, "Moves": {"nastyplot": 0.0007724427927133237, "psyshock": 0.0, "dazzlinggleam": 0.0, "energyball": 0.0, "psychic": 0.0007724427927133237, "recover": 0.0, "shadowball": 0.0007724427927133237, "focusblast": 0.0007724427927133237}, "Tera Types": {"nothing": 0.0007724427927133237}, "Happiness": {"255": 0.0007724427927133237}, "Teammates": {"Gliscor": 0.0, "Heatran": 0.0, "Scizor": 0.0, "Lucario": 0.00048210938431175743, "Feraligatr": 0.00048210938431175743, "Celebi": 0.0, "Garchomp": 0.00048210938431175743, "Magnezone": 0.0, "Infernape": 0.0, "Crawdaunt": 0.0, "Clefable": 0.0, "Tangrowth": 0.0, "Salamence": 0.0, "Starmie": 0.00048210938431175743, "Dragonite": 0.00048210938431175743, "Roserade": 0.0, "Milotic": 0.0, "Togekiss": 0.0}, "Checks and Counters": {}, "usage": 0.0028927000000000002}, "Feraligatr": {"Raw count": 6, "Viability Ceiling": [4, 48, 48, 48], "Abilities": {"sheerforce": 0.0007724427927133237}, "Items": {"lifeorb": 0.0007724427927133237}, "Spreads": {"Jolly:0/252/4/0/0/252": 0.0,