{"info": {"team type": null, "cutoff": 1760.0, "cutoff deviation": 0, "metagame": "gen1pu", "number of battles": 12}, "data": {"Magneton": {"Items": {"nothing": 0.008315677111650988}, "Raw count": 1, "Spreads": {"Serious:252/252/252/252/252/252": 0.008315677111650988}, "Tera Types": {"nothing": 0.008315677111650988}, "Teammates": {"Arcanine": 0.008315677111650988, "Porygon": 0.008315677111650988, "Pinsir": 0.008315677111650988, "Seaking": 0.008315677111650988, "Nidoqueen": 0.008315677111650988}, "Viability Ceiling": [1, 62, 62, 62], "Abilities": {"noability": 0.008315677111650988}, "Checks and Counters": {}, "usage": 0.0065868, "Moves": {"thunderwave": 0.008315677111650988, "thunderbolt": 0.008315677111650988, "rest": 0.008315677111650988, "doubleedge": 0.008315677111650988}, "Happiness": {"255": 0.008315677111650988}}, "Pinsir": {"Items": {"nothing": 0.27498279575979306}, "Raw count": 6, "Spreads": {"Serious:252/252/252/252/252/252": 0.27498279575979306}, "Tera Types": {"nothing": 0.27498279575979306}, "Teammates": {"Machamp": 0.0, "Magneton": 0.008315677111650988, "Charmeleon": 0.0, "Omanyte": 1.5232259897857148e-13, "Porygon": 0.00831567711180331, "Drowzee": 1.5232259897857148e-13, "Dragonair": 0.26378582283673313, "Arcanine": 0.008315677111650988, "Weepinbell": 0.26378582283673313, "Vileplume": 0.002881295811408946, "Fearow": 0.002881295811408946, "Staryu": 0.26666711864798975, "Arbok": 0.2637858228365808, "Onix": 0.0, "Seaking": 0.011196972923059934, "Nidoqueen": 0.27498279575964074}, "Viability Ceiling": [5, 76, 76, 76], "Abilities": {"noability": 0.27498279575979306}, "Checks and Counters": {}, "usage": 0.2178108, "Moves": {"strength": 0.0, "doubleedge": 0.0, "submission": 0.2666671186481421, "bind": 0.00831567711180331, "swordsdance": 0.2666671186481421, "bodyslam": 0.27498279575964074, "slash": 0.008315677111650988, "takedown": 0.0, "hyperbeam": 0.27498279575979306}, "Happiness": {"255": 0.27498279575979306}}, "Weepinbell": {"Items": {"nothing": 0.26378582283673313}, "Raw count": 3, "Spreads": {"Serious:252/252/252/252/252/252": 0.26378582283673313}, "Tera Types": {"nothing": 0.26378582283673313}, "Teammates": {"Pinsir": 0.26378582283673313, "Omanyte": 1.5232259897857148e-13, "Drowzee": 1.5232259897857148e-13, "Dragonair": 0.26378582283673313, "Porygon": 1.5232259897857148e-13, "Staryu": 0.2637858228365808, "Arbok": 0.2637858228365808, "Nidoqueen": 0.2637858228365808}, "Viability Ceiling": [2, 76, 76, 76], "Abilities": {"noability": 0.26378582283673313}, "Checks and Counters": {}, "usage": 0.20894179999999998, "Moves": {"wrap": 1.5232259897857148e-13, "acid": 0.2637858228365808, "razorleaf": 0.26378582283673313, "stunspore": 0.26378582283673313, "sleeppowder": 0.26378582283673313}, "Happiness": {"255": 0.26378582283673313}}, "Graveler": {"Items": {"nothing": 0.19534574449117081}, "Raw count": 10, "Spreads": {"Serious:252/252/252/252/252/252": 0.19534574449117081}, "Tera Types": {"nothing": 0.19534574449117081}, "Teammates": {"Machamp": 0.0, "Scyther": 1.5509815654013437e-13, "Drowzee": 1.5509815654013437e-13, "Fearow": 0.03385188761591562, "Arcanine": 0.16726601419037151, "Porygon": 0.1895735871758994, "Dragonair": 0.0280797303007993, "Abra": 0.0, "Staryu": 0.03385188761607072, "Vileplume": 0.16726601419037151, "Seaking": 0.1895735871758994, "Nidoqueen": 0.16726601419021642}, "Viability Ceiling": [5, 74, 74, 74], "Abilities": {"noability": 0.19534574449117081}, "Checks and Counters": {}, "usage": 0.15473119999999999, "Moves": {"bodyslam": 1.5509815654013437e-13, "explosion": 0.19534574449117081, "earthquake": 0.19534574449117081, "substitute": 0.19534574449101572, "rockslide": 0.19534574449117081}, "Happiness": {"255": 0.19534574449117081}}, "Fearow": {"Items": {"nothing": 0.8288891826832657}, "Raw count": 9, "Spreads": {"Serious:252/252/252/252/252/252": 0.8288891826832657}, "Tera Types": {"nothing": 0.8288891826832657}, "Teammates": {"Machamp": 0.0, "Pinsir": 0.002881295811408946, "Arcanine": 0.7979281565710574, "Drowzee": 0.0, "Graveler": 0.03385188761591562, "Dragonair": 0.0280797303007993, "Magmar": 0.0, "Porygon": 0.8202357295567404, "Staryu": 0.3600729993352092, "Arbok": 0.0, "Vileplume": 0.4774696364745818, "Seaking": 0.8231170253681495, "Nidoqueen": 0.8008094523824665}, "Viability Ceiling": [7, 79, 79, 76], "Abilities": {"noability": 0.8288891826832657}, "Checks and Counters": {}, "usage": 0.6565539, "Moves": {"drillpeck": 0.8288891826832657, "agility": 0.8288891826832657, "hyperbeam": 0.8288891826832657, "doubleedge": 0.8288891826832657, "substitute": 0.0}, "Happiness": {"255": 0.8288891826832657}}, "Arcanine": {"Items": {"nothing": 0.9677376905579637}, "Raw count": 16, "Spreads": {"Serious:252/252/252/252/252/252": 0.9677376905579637}, "Tera Types": {"nothing": 0.9677376905579637}, "Teammates": {"Machamp": 0.0, "Magneton": 0.008315677111650988, "Pinsir": 0.008315677111650988, "Weezing": 0.0, "Pidgeot": 0.0, "Scyther": 1.5509815654013437e-13, "Drowzee": 1.5509815654013437e-13, "Graveler": 0.16726601419037151, "Fearow": 0.7979281565710574, "Magmar": 0.0, "Porygon": 0.9619655332426922, "Onix": 0.0, "Dragonair": 0.0, "Abra": 0.0, "Beedrill": 0.0, "Staryu": 0.32911197322315605, "Arbok": 0.0, "Vileplume": 0.6360821975384281, "Seaking": 0.9619655332426922, "Nidoqueen": 0.9677376905578086}, "Viability Ceiling": [10, 79, 79, 76], "Abilities": {"noability": 0.9677376905579637}, "Checks and Counters": {}, "usage": 0.7665343, "Moves": {"substitute": 0.0, "agility": 0.4688161833480565, "rest": 0.16980953398675108, "reflect": 0.16726601419021642, "bodyslam": 0.9677376905579637, "hyperbeam": 0.8062438336828636, "fireblast": 0.9677376905579637, "flamethrower": 0.32333981590803973}, "Happiness": {"255": 0.9677376905579637}}, "Porygon": {"Items": {"nothing": 0.9900452635436439}, "Raw count": 14, "Spreads": {"Serious:252/252/252/252/252/252": 0.9900452635436439}, "Tera Types": {"nothing": 0.9900452635436439}, "Teammates": {"Machamp": 0.0, "Magneton": 0.008315677111650988, "Pinsir": 0.00831567711180331, "Omanyte": 1.5232259897857148e-13, "Drowzee": 1.5232259897857148e-13, "Graveler": 0.1895735871758994, "Dragonair": 0.028079730300951622, "Arcanine": 0.9619655332426922, "Weepinbell": 1.5232259897857148e-13, "Fearow": 0.8202357295567404, "Abra": 0.0, "Staryu": 0.35141954620868393, "Vileplume": 0.6303100402231566, "Seaking": 0.9900452635434915, "Nidoqueen": 0.9619655332426922}, "Viability Ceiling": [7, 79, 79, 76], "Abilities": {"noability": 0.9900452635436439}, "Checks and Counters": {}, "usage": 0.7842039, "Moves": {"thunderbolt": 0.8004716763675921, "blizzard": 0.32333981590803695, "psychic": 0.6583897705241082, "reflect": 0.1895735871758994, "thunderwave": 0.9900452635436439, "icebeam": 0.008315677111650988, "recover": 0.9900452635436439}, "Happiness": {"255": 0.9900452635436439}}, "Dragonair": {"Items": {"nothing": 0.29186555313753243}, "Raw count": 9, "Spreads": {"Serious:252/252/252/252/252/252": 0.29186555313753243}, "Tera Types": {"nothing": 0.29186555313753243}, "Teammates": {"Machamp": 0.0, "Marowak": 0.0, "Charmeleon": 0.0, "Pinsir": 0.26378582283673313, "Omanyte": 1.5232259897857148e-13, "Onix": 0.0, "Weepinbell": 0.26378582283673313, "Drowzee": 1.5232259897857148e-13, "Graveler": 0.0280797303007993, "Fearow": 0.0280797303007993, "Arcanine": 0.0, "Porygon": 0.028079730300951622, "Hitmonchan": 0.0, "Abra": 0.0, "Staryu": 0.2918655531373801, "Arbok": 0.2637858228365808, "Vileplume": 0.0, "Seaking": 0.0280797303007993, "Nidoqueen": 0.2637858228365808}, "Viability Ceiling": [7, 76, 76, 72], "Abilities": {"noability": 0.29186555313753243}, "Checks and Counters": {}, "usage": 0.2311835, "Moves": {"surf": 0.0, "agility": 0.2637858228365808, "thunderbolt": 0.29186555313753243, "blizzard": 0.028079730300951622, "thunder": 0.0, "thunderwave": 0.0280797303007993, "bodyslam": 0.0, "dragonrage": 0.0, "icebeam": 0.0, "wrap": 0.29186555313753243, "hyperbeam": 0.26378582283673313}, "Happiness": {"255": 0.29186555313753243}},