{"info": {"team type": null, "cutoff": 1630.0, "cutoff deviation": 0, "metagame": "gen1uu", "number of battles": 18}, "data": {"Golem": {"Moves": {"toxic": 0.10067625957717413, "explosion": 0.37550399120787625, "earthquake": 0.37550399120787625, "substitute": 0.2748277316307021, "rockslide": 0.37550399120787625}, "Checks and Counters": {}, "Abilities": {"noability": 0.37550399120787625}, "Teammates": {"Haunter": 0.37550399120787625, "Raichu": 0.10067625957717413, "Tentacruel": 0.37550399120787625, "Kadabra": 0.2748277316307021, "Persian": 0.37550399120787625, "Kangaskhan": 0.10067625957717413, "Articuno": 0.2748277316307021}, "usage": 0.0252621, "Items": {"nothing": 0.37550399120787625}, "Raw count": 2, "Spreads": {"Serious:252/252/252/252/252/252": 0.37550399120787625}, "Happiness": {"255": 0.37550399120787625}, "Viability Ceiling": [2, 63, 63, 63]}, "Haunter": {"Moves": {"thunderbolt": 8.035747736223243, "nightshade": 0.2934062164443679, "psychic": 7.742341519778875, "selfdestruct": 0.0, "hypnosis": 8.035747736223243, "dreameater": 0.0, "explosion": 7.869123771857021, "confuseray": 0.1666239643662204}, "Checks and Counters": {}, "Abilities": {"noability": 8.035747736223243}, "Teammates": {"Victreebel": 0.0012284566419995535, "Electabuzz": 0.018578484813665752, "Raichu": 0.10067625957717413, "Dugtrio": 7.494848237291145, "Golem": 0.37550399120787625, "Dragonite": 4.962722243189852, "Dodrio": 0.018578484813665752, "Gyarados": 2.5123190526456285, "Tentacruel": 7.8517737436853565, "Kadabra": 7.769675968921847, "Exeggcute": 0.0, "Persian": 0.37550399120787625, "Dewgong": 4.962722243189852, "Kangaskhan": 0.10067625957717413, "Clefable": 2.5123190526456285, "Venusaur": 0.0, "Articuno": 0.2946346730863674}, "usage": 0.5294795, "Items": {"nothing": 8.035747736223243}, "Raw count": 16, "Spreads": {"Serious:252/252/252/252/252/252": 8.035747736223243}, "Happiness": {"255": 8.035747736223243}, "Viability Ceiling": [12, 81, 81, 75]}, "Electabuzz": {"Moves": {"seismictoss": 0.0, "thunderbolt": 5.75467919979495, "submission": 0.0, "psychic": 4.736260677887709, "counter": 0.0, "thunderwave": 5.75467919979495, "bodyslam": 5.75467919979495, "lightscreen": 0.0, "hyperbeam": 1.018418521907241}, "Checks and Counters": {}, "Abilities": {"noability": 5.75467919979495}, "Teammates": {"Victreebel": 0.0, "Haunter": 0.018578484813665752, "Dodrio": 2.850984706427367, "Ditto": 0.0, "Dragonite": 0.0, "Tangela": 5.736100714981284, "Gyarados": 0.0, "Tentacruel": 0.9998400370935754, "Vaporeon": 4.736260677887709, "Kadabra": 2.9222729781812493, "Persian": 0.0, "Dewgong": 1.9378749981763548, "Clefable": 0.0, "Venusaur": 0.0, "Articuno": 4.816644238712171, "Dugtrio": 4.754839162701375}, "usage": 0.3871472, "Items": {"nothing": 5.75467919979495}, "Raw count": 14, "Spreads": {"Serious:252/252/252/252/252/252": 5.75467919979495}, "Happiness": {"255": 5.75467919979495}, "Viability Ceiling": [9, 83, 83, 74]}, "Raichu": {"Moves": {"surf": 0.266071767301395, "thunderwave": 0.266071767301395, "bodyslam": 0.16539550772422085, "thunderbolt": 0.266071767301395, "seismictoss": 0.10067625957717413}, "Checks and Counters": {}, "Abilities": {"noability": 0.266071767301395}, "Teammates": {"Golem": 0.10067625957717413, "Haunter": 0.10067625957717413, "Persian": 0.10067625957717413, "Tentacruel": 0.10067625957717413, "Kangaskhan": 0.10067625957717413}, "usage": 0.006773, "Items": {"nothing": 0.266071767301395}, "Raw count": 2, "Spreads": {"Serious:252/252/252/252/252/252": 0.266071767301395}, "Happiness": {"255": 0.266071767301395}, "Viability Ceiling": [2, 56, 56, 56]}, "Dugtrio": {"Moves": {"rockslide": 13.382108459874008, "rest": 0.0, "bodyslam": 0.0012284566419995535, "hyperbeam": 0.0012284566419995535, "slash": 13.380880003232008, "toxic": 0.0, "earthquake": 13.382108459874008, "substitute": 13.380880003232008}, "Checks and Counters": {}, "Abilities": {"noability": 13.382108459874008}, "Teammates": {"Victreebel": 0.0012284566419995535, "Haunter": 7.494848237291145, "Electabuzz": 4.754839162701375, "Dragonite": 4.962722243189852, "Tangela": 4.736260677887709, "Gyarados": 2.5123190526456285, "Tentacruel": 8.62726929717263, "Vaporeon": 4.736260677887709, "Kadabra": 9.398702693565156, "Persian": 1.1509995446951495, "Dewgong": 7.05175674896778, "Clefable": 3.6633185973407785, "Venusaur": 0.0, "Dodrio": 4.001984251122517, "Articuno": 3.818032658260595}, "usage": 0.9002840000000001, "Items": {"nothing": 13.382108459874008}, "Raw count": 23, "Spreads": {"Serious:252/252/252/252/252/252": 13.382108459874008}, "Happiness": {"255": 13.382108459874008}, "Viability Ceiling": [12, 81, 81, 75]}, "Victreebel": {"Moves": {"razorleaf": 0.10686641197159547, "stunspore": 0.10686641197159547, "swordsdance": 0.0012284566419995535, "bodyslam": 0.0012284566419995535, "sleeppowder": 0.0012284566419995535, "wrap": 0.10686641197159547, "hyperbeam": 0.10809486861359502}, "Checks and Counters": {}, "Abilities": {"noability": 0.10809486861359502}, "Teammates": {"Haunter": 0.0012284566419995535, "Electabuzz": 0.0, "Dugtrio": 0.0012284566419995535, "Dodrio": 0.0, "Gyarados": 0.0, "Tentacruel": 0.10809486861359502, "Kadabra": 0.10809486861359502, "Omastar": 0.10686641197159547, "Persian": 0.10686641197159547, "Articuno": 0.10809486861359502}, "usage": 0.0072721, "Items": {"nothing": 0.10809486861359502}, "Raw count": 10, "Spreads": {"Serious:252/252/252/252/252/252": 0.10809486861359502}, "Happiness": {"255": 0.10809486861359502}, "Viability Ceiling": [5, 59, 59, 59]}, "Dragonite": {"Moves": {"agility": 0.0, "thunderbolt": 4.962722243189852, "blizzard": 4.962722243189852, "rest": 0.0, "thunderwave": 4.962722243189852, "bodyslam": 4.962722243189852, "hyperbeam": 0.0, "icebeam": 0.0, "fireblast": 0.0, "substitute": 0.0}, "Checks and Counters": {}, "Abilities": {"noability": 4.962722243189852}, "Teammates": {"Haunter": 4.962722243189852, "Electabuzz": 0.0, "Dugtrio": 4.962722243189852, "Dodrio": 0.0, "Gyarados": 0.0, "Tentacruel": 4.962722243189852, "Kadabra": 4.962722243189852, "Exeggcute": 0.0, "Dewgong": 4.962722243189852, "Venusaur": 0.0, "Articuno": 0.0, "Ditto": 0.0}, "usage": 0.33386809999999995, "Items": {"nothing": 4.962722243189852}, "Raw count": 8, "Spreads": {"Serious:252/252/252/252/252/252": 4.962722243189852}, "Happiness": {"255": 4.962722243189852}, "Viability Ceiling": [6, 81, 81, 80]}, "Tangela": {"Moves": {"swordsdance": 5.736100714981284, "bodyslam": 5.736100714981284, "sleeppowder": 5.736100714981284, "stunspore": 5.736100714981284}, "Checks and Counters": {}, "Abilities": {"noability": 5.736100714981284}, "Teammates": {"Electabuzz": 5.736100714981284, "Dugtrio": 4.736260677887709, "Dodrio": 2.8324062216137014, "Tentacruel": 0.9998400370935754, "Vaporeon": 4.736260677887709, "Kadabra": 2.903694493367583, "Dewgong": 1.9378749981763548, "Articuno": 4.798065753898505}, "usage": 0.38589730000000005, "Items": {"nothing": 5.736100714981284}, "Raw count": 6, "Spreads": {"Serious:252/252/252/252/252/252": 5.736100714981284}, "Happiness": {"255": 5.736100714981284}, "Viability Ceiling": [2, 83, 83, 83]}, "Gyarados": {"Moves": {"surf": 2.5123190526456285, "thunderbolt": 2.5123190526456285, "blizzard": 0.0, "rest": 2.5123190526456285, "reflect": 0.0, "bodyslam": 2.5123190526456285, "dragonrage": 0.0, "substitute": 0.0, "icebeam": 0.0, "hydropump": 0.0, "fireblast": 0.0, "hyperbeam": 0.0}, "Checks and Counters": {}, "Abilities": {"noability": 2.5123190526456285}, "Teammates": {"Magneton": 0.0, "Butterfree": 0.0, "Electabuzz": 0.0, "Ditto": 0.0, "Victreebel": 0.0, "Pidgeot": 0.0, "Dragonite": 0.0, "Dodrio": 0.0, "Haunter": 2.5123190526456285, "Tentacruel": 2.5123190526456285, "Kadabra": 2.5123190526456285, "Exeggcute": 0.0, "Porygon": 0.0, "Dugtrio": 2.5123190526456285, "Clefable": 2.5123190526456285, "Venusaur": 0.0, "Articuno": 0.0, "Persian": 0.0}, "usage": 0.1690168, "Items": {"nothing": 2.5123190526456285}, "Raw count": 7, "Spreads": {"Serious:252/252/252/252/252/252": 2.5123190526456285},