{"info": {"team type": null, "cutoff": 1630.0, "cutoff deviation": 0, "metagame": "gen5bw1ou", "number of battles": 11}, "data": {"Latios": {"Items": {"leftovers": 0.0, "choicescarf": 0.0, "choicespecs": 0.0, "dragongem": 0.225016864943967}, "Raw count": 10, "Spreads": {"Timid:0/0/0/252/4/252": 0.225016864943967}, "Tera Types": {"nothing": 0.225016864943967}, "Teammates": {"Cloyster": 0.0, "Dragonite": 0.0, "Darmanitan": 0.0, "Tyranitar": 0.225016864943967, "Heatran": 0.225016864943967, "Terrakion": 0.0, "Gliscor": 0.0, "Breloom": 0.0, "Mew": 0.0, "Ferrothorn": 0.0, "Blissey": 0.0, "Mienshao": 0.225016864943967, "Donphan": 0.0, "Starmie": 0.0, "Tentacruel": 0.0, "Espeon": 0.0, "Gengar": 0.225016864943967, "Landorus": 0.0, "Jellicent": 0.0, "Scizor": 0.225016864943967, "Politoed": 0.0, "Heracross": 0.0, "Magnezone": 0.0}, "Viability Ceiling": [5, 72, 72, 72], "Abilities": {"levitate": 0.225016864943967}, "Checks and Counters": {}, "usage": 0.9339809, "Moves": {"surf": 0.225016864943967, "thunderbolt": 0.225016864943967, "dragonpulse": 0.0, "calmmind": 0.0, "roost": 0.0, "trick": 0.0, "psyshock": 0.0, "icebeam": 0.225016864943967, "dracometeor": 0.225016864943967}, "Happiness": {"255": 0.225016864943967}}, "Smeargle": {"Items": {"bigroot": 0.0032883819402130254}, "Raw count": 1, "Spreads": {"Jolly:4/252/0/0/0/252": 0.0032883819402130254}, "Tera Types": {"nothing": 0.0032883819402130254}, "Teammates": {"Sandslash": 0.0032883819402130254, "Chansey": 0.0032883819402130254, "Espeon": 0.0032883819402130254, "Magnezone": 0.0032883819402130254, "Gyarados": 0.0032883819402130254}, "Viability Ceiling": [1, 43, 43, 43], "Abilities": {"owntempo": 0.0032883819402130254}, "Checks and Counters": {}, "usage": 0.0136491, "Moves": {"drainpunch": 0.0032883819402130254, "bellydrum": 0.0032883819402130254, "spore": 0.0032883819402130254, "extremespeed": 0.0032883819402130254}, "Happiness": {"255": 0.0032883819402130254}}, "Jolteon": {"Items": {"choicescarf": 0.012617101656506646, "sitrusberry": 0.0}, "Raw count": 3, "Spreads": {"Hardy:96/20/148/104/140/0": 0.0, "Hardy:0/100/0/0/0/0": 0.0, "Timid:0/0/0/252/4/252": 0.012617101656506646}, "Tera Types": {"nothing": 0.012617101656506646}, "Teammates": {"Milotic": 0.0, "Volcarona": 0.0, "Breloom": 0.0, "Dragonite": 0.0, "Tentacruel": 0.012617101656506646, "Abomasnow": 0.012617101656506646, "Scizor": 0.012617101656506646, "Gengar": 0.0, "Heatran": 0.012617101656506646, "Ferrothorn": 0.012617101656506646}, "Viability Ceiling": [2, 50, 50, 50], "Abilities": {"voltabsorb": 0.012617101656506646, "quickfeet": 0.0}, "Checks and Counters": {}, "usage": 0.05237, "Moves": {"hiddenpowerice": 0.012617101656506646, "thunder": 0.012617101656506646, "signalbeam": 0.012617101656506646, "voltswitch": 0.012617101656506646, "wish": 0.0, "facade": 0.0, "discharge": 0.0}, "Happiness": {"255": 0.012617101656506646}}, "Chansey": {"Items": {"eviolite": 0.0032883819402130254}, "Raw count": 1, "Spreads": {"Calm:252/0/4/0/252/0": 0.0032883819402130254}, "Tera Types": {"nothing": 0.0032883819402130254}, "Teammates": {"Sandslash": 0.0032883819402130254, "Smeargle": 0.0032883819402130254, "Espeon": 0.0032883819402130254, "Magnezone": 0.0032883819402130254, "Gyarados": 0.0032883819402130254}, "Viability Ceiling": [1, 43, 43, 43], "Abilities": {"naturalcure": 0.0032883819402130254}, "Checks and Counters": {}, "usage": 0.0136491, "Moves": {"wish": 0.0032883819402130254, "protect": 0.0032883819402130254, "seismictoss": 0.0032883819402130254, "healbell": 0.0032883819402130254}, "Happiness": {"255": 0.0032883819402130254}}, "Gyarados": {"Items": {"lifeorb": 0.0032883819402130254}, "Raw count": 1, "Spreads": {"Adamant:4/252/0/0/0/252": 0.0032883819402130254}, "Tera Types": {"nothing": 0.0032883819402130254}, "Teammates": {"Sandslash": 0.0032883819402130254, "Smeargle": 0.0032883819402130254, "Espeon": 0.0032883819402130254, "Chansey": 0.0032883819402130254, "Magnezone": 0.0032883819402130254}, "Viability Ceiling": [1, 43, 43, 43], "Abilities": {"intimidate": 0.0032883819402130254}, "Checks and Counters": {}, "usage": 0.0136491, "Moves": {"icefang": 0.0032883819402130254, "dragondance": 0.0032883819402130254, "waterfall": 0.0032883819402130254, "substitute": 0.0032883819402130254}, "Happiness": {"255": 0.0032883819402130254}}, "Abomasnow": {"Items": {"leftovers": 0.012617101656506646}, "Raw count": 1, "Spreads": {"Adamant:172/252/0/0/0/84": 0.012617101656506646}, "Tera Types": {"nothing": 0.012617101656506646}, "Teammates": {"Scizor": 0.012617101656506646, "Ferrothorn": 0.012617101656506646, "Tentacruel": 0.012617101656506646, "Jolteon": 0.012617101656506646, "Heatran": 0.012617101656506646}, "Viability Ceiling": [1, 48, 48, 48], "Abilities": {"snowwarning": 0.012617101656506646}, "Checks and Counters": {}, "usage": 0.05237, "Moves": {"protect": 0.012617101656506646, "iceshard": 0.012617101656506646, "earthquake": 0.012617101656506646, "woodhammer": 0.012617101656506646}, "Happiness": {"255": 0.012617101656506646}}, "Tentacruel": {"Items": {"blacksludge": 0.012617101656506646, "toxicorb": 0.0}, "Raw count": 7, "Spreads": {"Bold:252/0/204/0/0/52": 0.0, "Timid:252/0/72/0/0/184": 0.012617101656506646}, "Tera Types": {"nothing": 0.012617101656506646}, "Teammates": {"Terrakion": 0.0, "Latios": 0.0, "Dugtrio": 0.0, "Starmie": 0.0, "Scizor": 0.012617101656506646, "Abomasnow": 0.012617101656506646, "Jolteon": 0.012617101656506646, "Heatran": 0.012617101656506646, "Ferrothorn": 0.012617101656506646, "Politoed": 0.0}, "Viability Ceiling": [3, 48, 48, 48], "Abilities": {"raindish": 0.0, "clearbody": 0.012617101656506646}, "Checks and Counters": {}, "usage": 0.05237, "Moves": {"scald": 0.012617101656506646, "knockoff": 0.0, "toxicspikes": 0.0, "protect": 0.0, "rapidspin": 0.012617101656506646, "toxic": 0.012617101656506646, "substitute": 0.012617101656506646}, "Happiness": {"255": 0.012617101656506646}}, "Scizor": {"Items": {"lifeorb": 0.012617101656506646, "occaberry": 0.225016864943967, "choiceband": 0.0}, "Raw count": 4, "Spreads": {"Adamant:0/252/0/0/4/252": 0.012617101656506646, "Adamant:248/252/0/0/8/0": 0.225016864943967, "Hardy:128/0/128/0/0/252": 0.0}, "Tera Types": {"nothing": 0.23763396660047365}, "Teammates": {"Latios": 0.225016864943967, "Rotom-Wash": 0.0, "Jolteon": 0.012617101656506646, "Lucario": 0.0, "Tentacruel": 0.012617101656506646, "Abomasnow": 0.012617101656506646, "Tyranitar": 0.225016864943967, "Gengar": 0.225016864943967, "Salamence": 0.0, "Heatran": 0.23763396660047365, "Ferrothorn": 0.012617101656506646, "Mienshao": 0.225016864943967, "Deoxys-Defense": 0.0}, "Viability Ceiling": [4, 57, 57, 57], "Abilities": {"technician": 0.23763396660047365}, "Checks and Counters": {}, "usage": 0.9863509, "Moves": {"uturn": 0.012617101656506646, "bulletpunch": 0.23763396660047365, "tailwind": 0.0, "roost": 0.225016864943967, "swordsdance": 0.23763396660047365, "knockoff": 0.0, "pursuit": 0.012617101656506646, "superpower": 0.225016864943967}, "Happiness": {"255": 0.23763396660047365}}, "Tyranitar": {"Items": {"chopleberry": 0.0, "quickclaw": 0.0, "choiceband": 0.225016864943967}, "Raw count": 3, "Spreads": {"Adamant:252/252/0/0/4/0": 0.225016864943967, "Brave:252/112/36/96/12/0": 0.0, "Adamant:248/88/0/0/172/0": 0.0}, "Tera Types": {"nothing": 0.225016864943967}, "Teammates": {"Terrakion": 0.0, "Latios": 0.225016864943967, "Gastrodon": 0.0, "Gliscor": 0.0, "Gengar": 0.225016864943967, "Forretress": 0.0, "Scizor": 0.225016864943967, "Alakazam": 0.0, "Donphan": 0.0, "Lucario": 0.0, "Landorus": 0.0, "Heatran": 0.225016864943967, "Blissey": 0.0, "Mienshao": 0.225016864943967}, "Viability Ceiling": [3, 72, 72, 72], "Abilities": {"sandstream": 0.225016864943967}, "Checks and Counters": {}, "usage": 0.9339809, "Moves": {"crunch": 0.225016864943967, "stoneedge": 0.225016864943967, "thunderwave": 0.0, "pursuit": 0.225016864943967, "icebeam": 0.0, "fireblast": 0.0, "earthquake": 0.225016864943967}, "Happiness": {"255": 0.225016864943967}},