{"info": {"team type": null, "cutoff": 1630.0, "cutoff deviation": 0, "metagame": "gen9sharingiscaring", "number of battles": 5}, "data": {"Maushold": {"Moves": {"tidyup": 0.0008516677247430993, "bite": 0.0008516677247430993, "populationbomb": 0.0008516677247430993, "uturn": 0.0008516677247430993}, "Checks and Counters": {}, "Abilities": {"technician": 0.0008516677247430993}, "Teammates": {"Baxcalibur": 0.0008516677247430993, "Gholdengo": 0.0008516677247430993, "Torterra": 0.0008516677247430993, "Infernape": 0.0008516677247430993, "Breloom": 0.0008516677247430993}, "usage": 0.0029078, "Items": {"protectivepads": 0.0008516677247430993}, "Raw count": 1, "Spreads": {"Jolly:0/252/0/0/4/252": 0.0008516677247430993}, "Happiness": {"255": 0.0008516677247430993}, "Viability Ceiling": [1, 39, 39, 39]}, "Gholdengo": {"Moves": {"recover": 0.29288875714202345, "shadowball": 0.29288875714202345, "flashcannon": 0.0, "hex": 0.0, "makeitrain": 0.29288875714202345, "trick": 0.0008516677247430993, "thunderwave": 0.0, "lowkick": 0.0, "nastyplot": 0.29203708941728035, "lightscreen": 0.0}, "Checks and Counters": {}, "Abilities": {"goodasgold": 0.29288875714202345}, "Teammates": {"Maushold": 0.0008516677247430993, "Breloom": 0.0008516677247430993, "Gouging Fire": 0.0, "Iron Valiant": 0.29203708941728035, "Raging Bolt": 0.0, "Cinderace": 0.0, "Dragonite": 0.0, "Great Tusk": 0.29203708941728035, "Enamorus": 0.29203708941728035, "Baxcalibur": 0.0008516677247430993, "Pecharunt": 0.0, "Infernape": 0.0008516677247430993, "Clefable": 0.0, "Kingambit": 0.29203708941728035, "Skeledirge": 0.0, "Torterra": 0.0008516677247430993, "Heatran": 0.0, "Iron Boulder": 0.29203708941728035}, "usage": 1.0, "Items": {"lifeorb": 0.0, "airballoon": 0.29203708941728035, "toxicorb": 0.0008516677247430993}, "Raw count": 4, "Spreads": {"Hardy:0/0/0/0/252/232": 0.0, "Modest:104/0/124/156/124/0": 0.0, "Timid:0/0/0/252/4/252": 0.29288875714202345}, "Happiness": {"255": 0.29288875714202345}, "Viability Ceiling": [4, 62, 62, 62]}, "Iron Valiant": {"Moves": {"taunt": 0.29203708941728035, "spiritbreak": 0.29203708941728035, "knockoff": 0.29203708941728035, "closecombat": 0.29203708941728035}, "Checks and Counters": {}, "Abilities": {"quarkdrive": 0.29203708941728035}, "Teammates": {"Enamorus": 0.29203708941728035, "Kingambit": 0.29203708941728035, "Gholdengo": 0.29203708941728035, "Great Tusk": 0.29203708941728035, "Iron Boulder": 0.29203708941728035}, "usage": 0.9970922, "Items": {"lifeorb": 0.29203708941728035}, "Raw count": 1, "Spreads": {"Jolly:0/252/0/0/4/252": 0.29203708941728035}, "Happiness": {"255": 0.29203708941728035}, "Viability Ceiling": [1, 62, 62, 62]}, "Iron Boulder": {"Moves": {"earthquake": 0.29203708941728035, "mightycleave": 0.29203708941728035, "zenheadbutt": 0.29203708941728035, "closecombat": 0.29203708941728035}, "Checks and Counters": {}, "Abilities": {"quarkdrive": 0.29203708941728035}, "Teammates": {"Enamorus": 0.29203708941728035, "Kingambit": 0.29203708941728035, "Gholdengo": 0.29203708941728035, "Great Tusk": 0.29203708941728035, "Iron Valiant": 0.29203708941728035}, "usage": 0.9970922, "Items": {"stoneplate": 0.29203708941728035}, "Raw count": 1, "Spreads": {"Jolly:0/252/0/0/4/252": 0.29203708941728035}, "Happiness": {"255": 0.29203708941728035}, "Viability Ceiling": [1, 62, 62, 62]}, "Infernape": {"Moves": {"aurasphere": 0.0008516677247430993, "fireblast": 0.0008516677247430993, "grassknot": 0.0008516677247430993, "nastyplot": 0.0008516677247430993}, "Checks and Counters": {}, "Abilities": {"blaze": 0.0008516677247430993}, "Teammates": {"Baxcalibur": 0.0008516677247430993, "Gholdengo": 0.0008516677247430993, "Torterra": 0.0008516677247430993, "Breloom": 0.0008516677247430993, "Maushold": 0.0008516677247430993}, "usage": 0.0029078, "Items": {"expertbelt": 0.0008516677247430993}, "Raw count": 1, "Spreads": {"Timid:0/0/0/252/4/252": 0.0008516677247430993}, "Happiness": {"255": 0.0008516677247430993}, "Viability Ceiling": [1, 39, 39, 39]}, "Great Tusk": {"Moves": {"bodypress": 0.29203708941728035, "knockoff": 0.29203708941728035, "earthquake": 0.29203708941728035, "rapidspin": 0.29203708941728035}, "Checks and Counters": {}, "Abilities": {"protosynthesis": 0.29203708941728035}, "Teammates": {"Kingambit": 0.29203708941728035, "Gholdengo": 0.29203708941728035, "Iron Boulder": 0.29203708941728035, "Enamorus": 0.29203708941728035, "Iron Valiant": 0.29203708941728035}, "usage": 0.9970922, "Items": {"sitrusberry": 0.29203708941728035}, "Raw count": 1, "Spreads": {"Impish:252/0/252/0/4/0": 0.29203708941728035}, "Happiness": {"255": 0.29203708941728035}, "Viability Ceiling": [1, 62, 62, 62]}, "Enamorus": {"Moves": {"agility": 0.0, "healingwish": 0.29203708941728035, "terablast": 0.29203708941728035, "calmmind": 0.0, "playrough": 0.29203708941728035, "bodyslam": 0.0, "alluringvoice": 0.0, "superpower": 0.29203708941728035}, "Checks and Counters": {}, "Abilities": {"contrary": 0.29203708941728035}, "Teammates": {"Gholdengo": 0.29203708941728035, "Iron Valiant": 0.29203708941728035, "Cinderace": 0.0, "Great Tusk": 0.29203708941728035, "Pecharunt": 0.0, "Iron Boulder": 0.29203708941728035, "Kingambit": 0.29203708941728035, "Heatran": 0.0}, "usage": 0.9970922, "Items": {"leftovers": 0.0, "shellbell": 0.29203708941728035}, "Raw count": 2, "Spreads": {"Jolly:0/252/4/0/0/252": 0.29203708941728035, "Hardy:0/248/0/244/0/0": 0.0}, "Happiness": {"255": 0.29203708941728035}, "Viability Ceiling": [2, 62, 62, 62]}, "Baxcalibur": {"Moves": {"dragondance": 0.0008516677247430993, "iciclespear": 0.0008516677247430993, "earthquake": 0.0008516677247430993, "scaleshot": 0.0008516677247430993}, "Checks and Counters": {}, "Abilities": {"thermalexchange": 0.0008516677247430993}, "Teammates": {"Breloom": 0.0008516677247430993, "Gholdengo": 0.0008516677247430993, "Torterra": 0.0008516677247430993, "Infernape": 0.0008516677247430993, "Maushold": 0.0008516677247430993}, "usage": 0.0029078, "Items": {"loadeddice": 0.0008516677247430993}, "Raw count": 1, "Spreads": {"Adamant:0/252/0/0/4/252": 0.0008516677247430993}, "Happiness": {"255": 0.0008516677247430993}, "Viability Ceiling": [1, 39, 39, 39]}, "Kingambit": {"Moves": {"darkpulse": 0.0, "brickbreak": 0.0, "suckerpunch": 0.29203708941728035, "lowkick": 0.29203708941728035, "kowtowcleave": 0.29203708941728035, "airslash": 0.0, "ironhead": 0.29203708941728035, "flashcannon": 0.0}, "Checks and Counters": {}, "Abilities": {"supremeoverlord": 0.29203708941728035}, "Teammates": {"Great Tusk": 0.29203708941728035, "Gholdengo": 0.29203708941728035, "Iron Valiant": 0.29203708941728035, "Cinderace": 0.0, "Enamorus": 0.29203708941728035, "Pecharunt": 0.0, "Iron Boulder": 0.29203708941728035, "Heatran": 0.0}, "usage": 0.9970922, "Items": {"boosterenergy": 0.29203708941728035, "metronome": 0.0}, "Raw count": 2, "Spreads": {"Adamant:252/252/0/0/0/4": 0.29203708941728035, "Hardy:0/0/0/0/240/248": 0.0}, "Happiness": {"255": 0.29203708941728035}, "Viability Ceiling": [2, 62, 62, 62]}, "Torterra": {"Moves": {"shellsmash": 0.0008516677247430993, "bulletseed": 0.0008516677247430993, "rockblast": 0.0008516677247430993, "earthquake": 0.0008516677247430993}, "Checks and Counters": {}, "Abilities": {"shellarmor": 0.0008516677247430993}, "Teammates": {"Baxcalibur": 0.0008516677247430993, "Gholdengo": 0.0008516677247430993, "Infernape": 0.0008516677247430993, "Breloom": 0.0008516677247430993, "Maushold": 0.0008516677247430993}, "usage": 0.0029078, "Items": {"whiteherb": 0.0008516677247430993}, "Raw count": 1, "Spreads": {"Adamant:0/252/0/0/4/252": 0.0008516677247430993}, "Happiness": {"255": 0.0008516677247430993}, "Viability Ceiling": [1, 39, 39, 39]}, "Breloom": {"Moves": {"swordsdance": 0.0008516677247430993, "machpunch": 0.0008516677247430993, "rocktomb": 0.0008516677247430993, "substitute": 0.0008516677247430993}, "Checks and Counters": {}, "Abilities": {"technician": 0.0008516677247430993}, "Teammates": {"Baxcalibur": 0.0008516677247430993, "Gholdengo": 0.0008516677247430993,