{"info": {"team type": null, "cutoff": 1760.0, "cutoff deviation": 0, "metagame": "gen4doublesou", "number of battles": 16}, "data": {"Jirachi": {"Moves": {"protect": 0.00010556888133284037, "wish": 5.770606215094176e-12, "thunderwave": 5.770606215094176e-12, "bodyslam": 0.00010556887556223415, "firepunch": 0.00010556887556223415, "ironhead": 0.00010556888133284037}, "Checks and Counters": {}, "Abilities": {"serenegrace": 0.00010556888133284037}, "Teammates": {"Aerodactyl": 5.770606215094176e-12, "Flygon": 5.770606215094176e-12, "Breloom": 0.00010556887556223415, "Gyarados": 0.00010556887556223415, "Suicune": 0.00010556887556223415, "Latias": 0.00010556888133284037, "Vaporeon": 5.770606215094176e-12, "Lapras": 5.770606215094176e-12, "Tyranitar": 0.00010556887556223415}, "usage": 0.0006333999999999999, "Items": {"leftovers": 0.00010556888133284037}, "Raw count": 2, "Spreads": {"Jolly:4/252/0/0/0/252": 5.770606215094176e-12, "Jolly:0/252/0/0/4/252": 0.00010556887556223415}, "Happiness": {"255": 0.00010556888133284037}, "Viability Ceiling": [2, 61, 61, 61]}, "Rotom-Wash": {"Moves": {"discharge": 0.153645842113523, "shadowball": 0.153645842113523, "thunderbolt": 0.153645842113523, "hydropump": 0.153645842113523}, "Checks and Counters": {}, "Abilities": {"levitate": 0.153645842113523}, "Teammates": {"Gliscor": 0.153645842113523, "Aerodactyl": 0.0, "Flygon": 0.0, "Weavile": 0.153645842113523, "Zapdos": 0.153645842113523, "Scizor": 0.153645842113523, "Infernape": 0.153645842113523}, "usage": 0.9218751000000001, "Items": {"leftovers": 0.153645842113523}, "Raw count": 3, "Spreads": {"Timid:0/0/0/252/4/252": 0.153645842113523}, "Happiness": {"255": 0.153645842113523}, "Viability Ceiling": [1, 70, 70, 70]}, "Gliscor": {"Moves": {"uturn": 0.153645842113523, "knockoff": 0.153645842113523, "rockslide": 0.153645842113523, "tailwind": 0.0, "counter": 0.0, "stoneedge": 0.0, "swordsdance": 0.0, "doubleedge": 0.0, "earthquake": 0.153645842113523}, "Checks and Counters": {}, "Abilities": {"hypercutter": 0.153645842113523}, "Teammates": {"Rotom-Wash": 0.153645842113523, "Aerodactyl": 0.0, "Bronzong": 0.0, "Weavile": 0.153645842113523, "Flygon": 0.0, "Dusknoir": 0.0, "Zapdos": 0.153645842113523, "Scizor": 0.153645842113523, "Infernape": 0.153645842113523, "Roserade": 0.0}, "usage": 0.9218751000000001, "Items": {"leftovers": 0.153645842113523, "lifeorb": 0.0}, "Raw count": 5, "Spreads": {"Jolly:0/252/0/0/4/252": 0.153645842113523, "Hasty:52/172/0/180/0/104": 0.0}, "Happiness": {"255": 0.153645842113523}, "Viability Ceiling": [3, 70, 70, 70]}, "Aerodactyl": {"Moves": {"protect": 0.0010161819078101098, "rockslide": 0.001016181913580716, "tailwind": 0.0010161819078101098, "taunt": 0.0010161819078101098, "roost": 5.770606215094176e-12, "stoneedge": 0.0, "stealthrock": 5.770606215094176e-12, "doubleedge": 5.770606215094176e-12, "earthquake": 0.0}, "Checks and Counters": {}, "Abilities": {"pressure": 0.0010161819078101098, "rockhead": 5.770606215094176e-12}, "Teammates": {"Jirachi": 5.770606215094176e-12, "Rotom-Wash": 0.0, "Metagross": 0.0010161819078101098, "Flygon": 5.770606215094176e-12, "Weavile": 0.0, "Electivire": 0.0010161819078101098, "Heracross": 0.0010161819078101098, "Gyarados": 0.0, "Latias": 0.001016181913580716, "Vaporeon": 5.770606215094176e-12, "Lapras": 5.770606215094176e-12, "Scizor": 0.0010161819078101098, "Tyranitar": 0.0, "Zapdos": 0.0, "Gliscor": 0.0}, "usage": 0.006097099999999999, "Items": {"leftovers": 0.001016181913580716, "lifeorb": 0.0}, "Raw count": 4, "Spreads": {"Jolly:252/4/0/0/0/252": 0.0010161819078101098, "Adamant:0/252/4/0/0/252": 5.770606215094176e-12, "Jolly:0/252/0/0/4/252": 0.0}, "Happiness": {"255": 0.001016181913580716}, "Viability Ceiling": [4, 70, 70, 70]}, "Weavile": {"Moves": {"nightslash": 0.153645842113523, "icepunch": 0.153645842113523, "lowkick": 0.0, "pursuit": 0.0, "fakeout": 0.153645842113523, "iceshard": 0.153645842113523, "assurance": 0.0}, "Checks and Counters": {}, "Abilities": {"pressure": 0.153645842113523}, "Teammates": {"Zapdos": 0.153645842113523, "Gliscor": 0.153645842113523, "Aerodactyl": 0.0, "Flygon": 0.0, "Bronzong": 0.0, "Gyarados": 0.0, "Dusknoir": 0.0, "Scizor": 0.153645842113523, "Rotom-Wash": 0.153645842113523, "Gengar": 0.0, "Infernape": 0.153645842113523, "Roserade": 0.0, "Tyranitar": 0.0}, "usage": 0.9218751000000001, "Items": {"focussash": 0.153645842113523, "expertbelt": 0.0, "lifeorb": 0.0}, "Raw count": 6, "Spreads": {"Jolly:0/252/0/0/4/252": 0.0, "Adamant:0/252/0/0/4/252": 0.153645842113523}, "Happiness": {"255": 0.153645842113523}, "Viability Ceiling": [4, 67, 67, 67]}, "Gyarados": {"Moves": {"protect": 0.0, "dragondance": 0.00010556887556223415, "thunderwave": 0.00010556887556223415, "stoneedge": 3.4256145842737062e-06, "icefang": 0.00010556887556223415, "raindance": 0.0, "waterfall": 0.00010899449014650786, "payback": 3.4256145842737062e-06, "earthquake": 3.4256145842737062e-06}, "Checks and Counters": {}, "Abilities": {"intimidate": 0.00010899449014650786}, "Teammates": {"Machamp": 0.0, "Jirachi": 0.00010556887556223415, "Staraptor": 0.0, "Metagross": 2.316543914471225e-06, "Jolteon": 0.0, "Aerodactyl": 0.0, "Bronzong": 2.316543914471225e-06, "Weavile": 0.0, "Breloom": 0.00010556887556223415, "Aggron": 0.0, "Flygon": 0.0, "Suicune": 0.00010556887556223415, "Latias": 0.00010556887556223415, "Scizor": 2.316543914471225e-06, "Tyranitar": 0.00010788541947670538, "Gengar": 0.0, "Zapdos": 0.0, "Heatran": 0.0, "Roserade": 0.0, "Mismagius": 2.316543914471225e-06, "Rhyperior": 0.0}, "usage": 0.0006473, "Items": {"wacanberry": 0.00010556887556223415, "leftovers": 0.0, "sitrusberry": 0.0, "choiceband": 3.4256145842737062e-06, "expertbelt": 0.0}, "Raw count": 12, "Spreads": {"Jolly:0/252/0/0/4/252": 3.4256145842737062e-06, "Adamant:0/252/0/0/4/252": 0.0, "Adamant:0/252/4/0/0/252": 0.00010556887556223415, "Adamant:60/136/92/0/76/104": 0.0}, "Happiness": {"255": 0.00010899449014650786}, "Viability Ceiling": [5, 67, 67, 67]}, "Infernape": {"Moves": {"uturn": 0.0, "rockslide": 0.153645842113523, "taunt": 0.0, "flareblitz": 0.0, "closecombat": 0.153645842113523, "machpunch": 0.153645842113523, "fakeout": 0.0, "heatwave": 0.153645842113523}, "Checks and Counters": {}, "Abilities": {"blaze": 0.153645842113523}, "Teammates": {"Rotom-Wash": 0.153645842113523, "Gliscor": 0.153645842113523, "Bronzong": 0.0, "Weavile": 0.153645842113523, "Roserade": 0.0, "Dusknoir": 0.0, "Scizor": 0.153645842113523, "Gengar": 0.0, "Zapdos": 0.153645842113523}, "usage": 0.9218751000000001, "Items": {"focussash": 0.153645842113523, "leftovers": 0.0, "lifeorb": 0.0}, "Raw count": 5, "Spreads": {"Jolly:0/252/0/4/0/252": 0.0, "Hasty:0/252/0/4/0/252": 0.153645842113523}, "Happiness": {"255": 0.153645842113523}, "Viability Ceiling": [3, 67, 67, 67]}, "Electivire": {"Moves": {"protect": 0.0010161819078101098, "thunder": 0.0, "icepunch": 0.0010161819078101098, "bodyslam": 0.0, "firepunch": 0.0010161819078101098, "earthquake": 0.0, "thunderpunch": 0.0010161819078101098, "crosschop": 0.0}, "Checks and Counters": {}, "Abilities": {"motordrive": 0.0010161819078101098}, "Teammates": {"Scizor": 0.0010161819078101098, "Metagross": 0.0010161819078101098, "Aerodactyl": 0.0010161819078101098, "Latias": 0.0010161819078101098, "Heracross": 0.0010161819078101098}, "usage": 0.006097099999999999, "Items": {"expertbelt": 0.0010161819078101098, "choicescarf": 0.0}, "Raw count": 2, "Spreads": {"Jolly:0/252/0/0/4/252": 0.0010161819078101098, "Serious:0/84/176/56/136/56": 0.0}, "Happiness": {"255": 0.0010161819078101098}, "Viability Ceiling": [2, 59, 59, 59]}, "Suicune": {"Moves": {"calmmind": 0.00010556887556223415, "hydropump": 0.00010556887556223415, "protect": 0.00010556887556223415, "icebeam": 0.00010556887556223415}, "Checks and Counters": {}, "Abilities": {"pressure": 0.00010556887556223415}, "Teammates": {"Jirachi": 0.00010556887556223415, "Tyranitar": 0.00010556887556223415, "Gyarados": 0.00010556887556223415, "Latias": 0.00010556887556223415,