{"info": {"team type": null, "cutoff": 1630.0, "cutoff deviation": 0, "metagame": "gen9donotuse", "number of battles": 14}, "data": {"Rockruff": {"Moves": {"crunch": 0.0, "taunt": 2.236056782039552, "swordsdance": 0.0, "stealthrock": 2.236056782039552, "suckerpunch": 0.4642226426278277, "trailblaze": 0.0, "stompingtantrum": 0.0, "endeavor": 2.236056782039552, "stoneedge": 1.771834139411724}, "Checks and Counters": {}, "Abilities": {"vitalspirit": 0.0, "steadfast": 2.236056782039552}, "Teammates": {"Swinub": 0.0, "Tadbulb": 0.0, "Cottonee": 0.0, "Mareep": 0.8758573306159074, "Yungoos": 0.0, "Shedinja": 1.771834139411724, "Wiglett": 0.0, "Wattrel": 1.3400799732437352, "Arrokuda": 0.8758573306159074, "Hatenna": 0.8959768087958165, "Jigglypuff": 0.4642226426278277, "Bramblin": 2.236056782039552, "NidoranF": 0.0, "Litwick": 0.8959768087958165, "Budew": 0.8959768087958165, "Kirlia": 0.4642226426278277, "Diglett": 0.4642226426278277, "Taillow": 0.0}, "usage": 0.7327978, "Items": {"focussash": 2.236056782039552, "lifeorb": 0.0, "eviolite": 0.0}, "Raw count": 6, "Spreads": {"Jolly:0/252/0/4/0/252": 0.8758573306159074, "Jolly:4/252/0/0/0/252": 0.0, "Jolly:0/252/4/0/0/252": 0.0, "Jolly:0/252/0/0/4/252": 0.4642226426278277, "Hasty:0/252/0/4/0/252": 0.8959768087958165}, "Happiness": {"255": 2.236056782039552}, "Viability Ceiling": [5, 77, 77, 77]}, "Nacli": {"Moves": {"curse": 0.23229757376703958, "zenheadbutt": 0.0, "rockslide": 0.0, "irondefense": 0.0, "earthquake": 0.23229757376703958, "stealthrock": 0.0, "recover": 0.23229757376703958, "stoneedge": 0.23229757376703958}, "Checks and Counters": {}, "Abilities": {"purifyingsalt": 0.23229757376703958}, "Teammates": {"Hatenna": 0.23229757376703958, "Swinub": 0.0, "Luvdisc": 0.0, "Yungoos": 0.0, "Arrokuda": 0.23229757376703958, "Wattrel": 0.0, "Budew": 0.23229757376703958, "Makuhita": 0.0, "Jigglypuff": 0.0, "Bramblin": 0.23229757376703958, "NidoranF": 0.0, "Impidimp": 0.0, "Kirlia": 0.0, "Taillow": 0.23229757376703958}, "usage": 0.0761283, "Items": {"eviolite": 0.23229757376703958}, "Raw count": 9, "Spreads": {"Adamant:252/252/0/0/4/0": 0.0, "Careful:252/0/0/0/252/0": 0.0, "Impish:252/4/252/0/0/0": 0.23229757376703958, "Adamant:252/252/0/0/0/0": 0.0}, "Happiness": {"255": 0.23229757376703958}, "Viability Ceiling": [9, 60, 60, 58]}, "Budew": {"Moves": {"sludgebomb": 1.128274382562856, "spikes": 1.128274382562856, "extrasensory": 0.0, "gigadrain": 1.128274382562856, "sleeppowder": 0.0, "energyball": 0.0, "dazzlinggleam": 0.0, "synthesis": 1.128274382562856}, "Checks and Counters": {}, "Abilities": {"poisonpoint": 0.0, "naturalcure": 1.128274382562856}, "Teammates": {"Rockruff": 0.8959768087958165, "Nacli": 0.23229757376703958, "Swinub": 0.0, "Togepi": 0.0, "Rolycoly": 0.0, "Shedinja": 0.8959768087958165, "Arrokuda": 0.23229757376703958, "Hatenna": 1.128274382562856, "Makuhita": 0.0, "Bramblin": 1.128274382562856, "NidoranF": 0.0, "Litwick": 0.8959768087958165, "Impidimp": 0.0, "Kirlia": 0.0, "Taillow": 0.23229757376703958}, "usage": 0.3697567, "Items": {"nothing": 0.8959768087958165, "eviolite": 0.23229757376703958}, "Raw count": 5, "Spreads": {"Modest:252/0/0/252/4/0": 0.8959768087958165, "Modest:40/0/0/252/0/216": 0.0, "Calm:252/0/0/0/212/44": 0.23229757376703958}, "Happiness": {"255": 1.128274382562856}, "Viability Ceiling": [5, 77, 77, 77]}, "Gossifleur": {"Moves": {"aromatherapy": 0.7844365069439326, "leechseed": 0.7844365069439326, "pollenpuff": 0.7844365069439326, "sleeppowder": 0.0, "rapidspin": 0.7844365069439326, "leafstorm": 0.0}, "Checks and Counters": {}, "Abilities": {"regenerator": 0.7844365069439326}, "Teammates": {"Snorunt": 0.5830425338070262, "Yungoos": 0.0, "Roggenrola": 0.5830425338070262, "Yamper": 0.0, "Marill": 0.5830425338070262, "Wooper": 0.5830425338070262, "Hatenna": 0.0, "Impidimp": 0.0, "Taillow": 0.5830425338070262, "Swinub": 0.0}, "usage": 0.191074, "Items": {"eviolite": 0.7844365069439326}, "Raw count": 4, "Spreads": {"Bold:252/0/252/4/0/0": 0.7844365069439326, "Bold:252/0/184/0/72/0": 0.0}, "Happiness": {"255": 0.7844365069439326}, "Viability Ceiling": [2, 61, 61, 61]}, "Mareep": {"Moves": {"cottonguard": 0.0, "thunderbolt": 0.8758573306159074, "hiddenpowerwater": 0.8758573306159074, "confuseray": 0.0, "voltswitch": 0.8758573306159074, "reflect": 0.0, "powergem": 0.8758573306159074, "discharge": 0.0, "lightscreen": 0.0, "dazzlinggleam": 0.0}, "Checks and Counters": {}, "Abilities": {"static": 0.8758573306159074}, "Teammates": {"Rockruff": 0.8758573306159074, "Wooper-Paldea": 0.0, "Lotad": 0.0, "Luvdisc": 0.0, "Noibat": 0.0, "Shedinja": 0.8758573306159074, "Arrokuda": 0.8758573306159074, "Wattrel": 0.8758573306159074, "Tarountula": 0.0, "Azurill": 0.0, "Hatenna": 0.0, "Jigglypuff": 0.0, "Bramblin": 0.8758573306159074, "Fletchling": 0.0, "Ralts": 0.0, "Taillow": 0.0}, "usage": 0.2870349, "Items": {"choicespecs": 0.8758573306159074, "eviolite": 0.0, "lightclay": 0.0}, "Raw count": 8, "Spreads": {"Modest:252/0/0/252/4/0": 0.8758573306159074, "Modest:4/0/0/252/252/0": 0.0}, "Happiness": {"255": 0.8758573306159074}, "Viability Ceiling": [5, 76, 76, 76]}, "Roggenrola": {"Moves": {"bodypress": 0.7844365069439326, "irondefense": 0.7844365069439326, "rest": 0.7844365069439326, "rockslide": 0.7844365069439326}, "Checks and Counters": {}, "Abilities": {"sturdy": 0.7844365069439326}, "Teammates": {"Wooper": 0.5830425338070262, "Marill": 0.5830425338070262, "Taillow": 0.5830425338070262, "Snorunt": 0.5830425338070262, "Gossifleur": 0.5830425338070262}, "usage": 0.191074, "Items": {"eviolite": 0.7844365069439326}, "Raw count": 3, "Spreads": {"Careful:168/0/0/0/252/88": 0.7844365069439326}, "Happiness": {"255": 0.7844365069439326}, "Viability Ceiling": [1, 61, 61, 61]}, "Shedinja": {"Moves": {"swordsdance": 1.771834139411724, "poltergeist": 1.771834139411724, "suckerpunch": 1.771834139411724, "xscissor": 1.771834139411724}, "Checks and Counters": {}, "Abilities": {"wonderguard": 1.771834139411724}, "Teammates": {"Rockruff": 1.771834139411724, "Budew": 0.8959768087958165, "Mareep": 0.8758573306159074, "Arrokuda": 0.8758573306159074, "Wattrel": 0.8758573306159074, "Hatenna": 0.8959768087958165, "Bramblin": 1.771834139411724, "Litwick": 0.8959768087958165}, "usage": 0.5806633, "Items": {"focussash": 1.771834139411724}, "Raw count": 3, "Spreads": {"Adamant:0/252/4/0/0/252": 0.8758573306159074, "Adamant:0/252/0/4/0/252": 0.8959768087958165}, "Happiness": {"255": 1.771834139411724}, "Viability Ceiling": [2, 77, 77, 77]}, "Arrokuda": {"Moves": {"crunch": 0.8758573306159074, "psychicfangs": 0.23229757376703958, "liquidation": 0.23229757376703958, "flipturn": 0.8758573306159074, "aquajet": 1.108154904382947, "closecombat": 0.23229757376703958, "raindance": 0.0, "waterfall": 0.8758573306159074, "icefang": 0.0, "drillrun": 0.0}, "Checks and Counters": {}, "Abilities": {"swiftswim": 1.108154904382947}, "Teammates": {"Rockruff": 0.8758573306159074, "Budew": 0.23229757376703958, "Tadbulb": 0.0, "Mareep": 0.8758573306159074, "Yungoos": 0.0, "Shedinja": 0.8758573306159074, "Hatenna": 0.23229757376703958, "Wattrel": 0.8758573306159074, "Wiglett": 0.0, "Makuhita": 0.0, "Bramblin": 1.108154904382947, "Nacli": 0.23229757376703958, "Taillow": 0.23229757376703958, "Luvdisc": 0.0}, "usage": 0.3631631, "Items": {"lifeorb": 0.0, "choiceband": 1.108154904382947}, "Raw count": 9, "Spreads": {"Jolly:0/252/0/0/4/252": 1.108154904382947, "Adamant:0/252/0/0/4/252": 0.0, "Jolly:0/252/4/0/0/252": 0.0}, "Happiness": {"255": 1.108154904382947}, "Viability Ceiling": [6, 76, 76, 58]}, "Wattrel": {"Moves": {"roost": 0.4642226426278277, "uturn": 0.0, "thunderbolt": 1.3400799732437352, "tailwind": 0.0, "thunder": 0.0, "hurricane": 0.8758573306159074, "voltswitch": 1.3400799732437352, "weatherball": 0.0, "airslash": 1.3400799732437352, "discharge": 0.0}, "Checks and Counters": {}, "Abilities": {"voltabsorb": 0.8758573306159074, "windpower": 0.0, "competitive": 0.4642226426278277}, "Teammates": {"Pichu": 0.0, "Nymble": 0.0,