{"info": {"team type": null, "cutoff": 1760.0, "cutoff deviation": 0, "metagame": "gen5bw1ou", "number of battles": 11}, "data": {"Latios": {"Items": {"leftovers": 0.0, "choicescarf": 0.0, "choicespecs": 0.0, "dragongem": 0.01918526719936592}, "Raw count": 10, "Spreads": {"Timid:0/0/0/252/4/252": 0.01918526719936592}, "Tera Types": {"nothing": 0.01918526719936592}, "Teammates": {"Cloyster": 0.0, "Dragonite": 0.0, "Darmanitan": 0.0, "Tyranitar": 0.01918526719936592, "Heatran": 0.01918526719936592, "Terrakion": 0.0, "Gliscor": 0.0, "Breloom": 0.0, "Mew": 0.0, "Ferrothorn": 0.0, "Blissey": 0.0, "Mienshao": 0.01918526719936592, "Donphan": 0.0, "Starmie": 0.0, "Tentacruel": 0.0, "Espeon": 0.0, "Gengar": 0.01918526719936592, "Landorus": 0.0, "Jellicent": 0.0, "Scizor": 0.01918526719936592, "Politoed": 0.0, "Heracross": 0.0, "Magnezone": 0.0}, "Viability Ceiling": [5, 72, 72, 72], "Abilities": {"levitate": 0.01918526719936592}, "Checks and Counters": {}, "usage": 0.11511160000000001, "Moves": {"surf": 0.01918526719936592, "thunderbolt": 0.01918526719936592, "dragonpulse": 0.0, "calmmind": 0.0, "roost": 0.0, "trick": 0.0, "psyshock": 0.0, "icebeam": 0.01918526719936592, "dracometeor": 0.01918526719936592}, "Happiness": {"255": 0.01918526719936592}}, "Scizor": {"Items": {"lifeorb": 1.0378031462865422e-05, "occaberry": 0.01918526719936592, "choiceband": 0.0}, "Raw count": 4, "Spreads": {"Adamant:0/252/0/0/4/252": 1.0378031462865422e-05, "Adamant:248/252/0/0/8/0": 0.01918526719936592, "Hardy:128/0/128/0/0/252": 0.0}, "Tera Types": {"nothing": 0.019195645230828784}, "Teammates": {"Latios": 0.01918526719936592, "Rotom-Wash": 0.0, "Jolteon": 1.0378031462865422e-05, "Lucario": 0.0, "Tentacruel": 1.0378031462865422e-05, "Abomasnow": 1.0378031462865422e-05, "Tyranitar": 0.01918526719936592, "Gengar": 0.01918526719936592, "Salamence": 0.0, "Heatran": 0.019195645230828784, "Ferrothorn": 1.0378031462865422e-05, "Mienshao": 0.01918526719936592, "Deoxys-Defense": 0.0}, "Viability Ceiling": [4, 57, 57, 57], "Abilities": {"technician": 0.019195645230828784}, "Checks and Counters": {}, "usage": 0.11517390000000001, "Moves": {"uturn": 1.0378031462865422e-05, "bulletpunch": 0.019195645230828784, "tailwind": 0.0, "roost": 0.01918526719936592, "swordsdance": 0.019195645230828784, "knockoff": 0.0, "pursuit": 1.0378031462865422e-05, "superpower": 0.01918526719936592}, "Happiness": {"255": 0.019195645230828784}}, "Tyranitar": {"Items": {"chopleberry": 0.0, "quickclaw": 0.0, "choiceband": 0.01918526719936592}, "Raw count": 3, "Spreads": {"Adamant:252/252/0/0/4/0": 0.01918526719936592, "Brave:252/112/36/96/12/0": 0.0, "Adamant:248/88/0/0/172/0": 0.0}, "Tera Types": {"nothing": 0.01918526719936592}, "Teammates": {"Terrakion": 0.0, "Latios": 0.01918526719936592, "Gastrodon": 0.0, "Gliscor": 0.0, "Gengar": 0.01918526719936592, "Forretress": 0.0, "Scizor": 0.01918526719936592, "Alakazam": 0.0, "Donphan": 0.0, "Lucario": 0.0, "Landorus": 0.0, "Heatran": 0.01918526719936592, "Blissey": 0.0, "Mienshao": 0.01918526719936592}, "Viability Ceiling": [3, 72, 72, 72], "Abilities": {"sandstream": 0.01918526719936592}, "Checks and Counters": {}, "usage": 0.11511160000000001, "Moves": {"crunch": 0.01918526719936592, "stoneedge": 0.01918526719936592, "thunderwave": 0.0, "pursuit": 0.01918526719936592, "icebeam": 0.0, "fireblast": 0.0, "earthquake": 0.01918526719936592}, "Happiness": {"255": 0.01918526719936592}}, "Gengar": {"Items": {"blacksludge": 0.0, "focussash": 0.01918526719936592, "sitrusberry": 0.0}, "Raw count": 4, "Spreads": {"Timid:0/0/0/252/4/252": 0.0, "Hardy:96/0/252/0/160/0": 0.0, "Hardy:0/72/148/0/0/0": 0.0, "Hasty:0/4/0/252/0/252": 0.01918526719936592}, "Tera Types": {"nothing": 0.01918526719936592}, "Teammates": {"Latios": 0.01918526719936592, "Rotom-Wash": 0.0, "Milotic": 0.0, "Deoxys-Defense": 0.0, "Volcarona": 0.0, "Breloom": 0.0, "Dragonite": 0.0, "Lucario": 0.0, "Salamence": 0.0, "Scizor": 0.01918526719936592, "Tyranitar": 0.01918526719936592, "Jolteon": 0.0, "Heatran": 0.01918526719936592, "Mienshao": 0.01918526719936592}, "Viability Ceiling": [3, 57, 57, 57], "Abilities": {"levitate": 0.01918526719936592}, "Checks and Counters": {}, "usage": 0.11511160000000001, "Moves": {"sludgebomb": 0.0, "sludgewave": 0.01918526719936592, "explosion": 0.01918526719936592, "darkpulse": 0.0, "nightshade": 0.0, "shadowball": 0.01918526719936592, "psychic": 0.0, "focusblast": 0.0, "disable": 0.0, "taunt": 0.01918526719936592, "thunderbolt": 0.0, "substitute": 0.0}, "Happiness": {"255": 0.01918526719936592}}, "Heatran": {"Items": {"airballoon": 1.0378031462865422e-05, "rockyhelmet": 0.01918526719936592}, "Raw count": 2, "Spreads": {"Calm:0/0/0/252/252/0": 0.01918526719936592, "Timid:8/0/0/156/100/244": 1.0378031462865422e-05}, "Tera Types": {"nothing": 0.019195645230828784}, "Teammates": {"Latios": 0.01918526719936592, "Jolteon": 1.0378031462865422e-05, "Scizor": 0.019195645230828784, "Tentacruel": 1.0378031462865422e-05, "Abomasnow": 1.0378031462865422e-05, "Tyranitar": 0.01918526719936592, "Gengar": 0.01918526719936592, "Ferrothorn": 1.0378031462865422e-05, "Mienshao": 0.01918526719936592}, "Viability Ceiling": [2, 57, 57, 57], "Abilities": {"flashfire": 0.019195645230828784}, "Checks and Counters": {}, "usage": 0.11517390000000001, "Moves": {"lavaplume": 1.0378031462865422e-05, "earthpower": 1.0378031462865422e-05, "roar": 1.0378031462865422e-05, "taunt": 0.01918526719936592, "stealthrock": 0.019195645230828784, "hiddenpowergrass": 0.01918526719936592, "magmastorm": 0.01918526719936592}, "Happiness": {"255": 0.019195645230828784}}, "Mienshao": {"Items": {"lifeorb": 0.0, "choicescarf": 0.01918526719936592}, "Raw count": 2, "Spreads": {"Adamant:0/252/0/0/4/252": 0.01918526719936592, "Naive:0/252/0/0/4/252": 0.0}, "Tera Types": {"nothing": 0.01918526719936592}, "Teammates": {"Latios": 0.01918526719936592, "Scizor": 0.01918526719936592, "Tyranitar": 0.01918526719936592, "Heatran": 0.01918526719936592, "Gengar": 0.01918526719936592}, "Viability Ceiling": [2, 57, 57, 57], "Abilities": {"regenerator": 0.01918526719936592}, "Checks and Counters": {}, "usage": 0.11511160000000001, "Moves": {"uturn": 0.01918526719936592, "fakeout": 0.0, "knockoff": 0.01918526719936592, "stoneedge": 0.01918526719936592, "highjumpkick": 0.01918526719936592}, "Happiness": {"255": 0.01918526719936592}}}}