{"info": {"team type": null, "cutoff": 1630.0, "cutoff deviation": 0, "metagame": "gen4zu", "number of battles": 6}, "data": {"Camerupt": {"Items": {"leftovers": 0.0, "salacberry": 0.37428197585547957}, "Raw count": 5, "Spreads": {"Modest:252/0/0/252/4/0": 0.0, "Modest:252/0/0/140/76/0": 0.0, "Hasty:0/4/0/180/72/252": 0.37428197585547957}, "Tera Types": {"nothing": 0.37428197585547957}, "Teammates": {"Chimecho": 0.0, "Butterfree": 0.0, "Pelipper": 0.0, "Whiscash": 0.37428197585547957, "Luxray": 0.37428197585547957, "Ariados": 0.0, "Dewgong": 0.37428197585547957, "Cherrim": 0.0, "Bastiodon": 0.0, "Arbok": 0.37428197585547957, "Grovyle": 0.37428197585547957, "Bibarel": 0.0, "Castform": 0.0}, "Viability Ceiling": [3, 59, 59, 59], "Abilities": {"solidrock": 0.37428197585547957}, "Checks and Counters": {}, "usage": 0.9999868, "Moves": {"explosion": 0.37428197585547957, "earthpower": 0.37428197585547957, "hiddenpowergrass": 0.0, "stealthrock": 0.37428197585547957, "willowisp": 0.0, "lavaplume": 0.37428197585547957, "flamethrower": 0.0, "sunnyday": 0.0}, "Happiness": {"255": 0.37428197585547957}}, "Whiscash": {"Items": {"leftovers": 0.37428197585547957}, "Raw count": 3, "Spreads": {"Adamant:0/252/0/0/4/252": 0.0, "Jolly:4/252/0/0/0/252": 0.37428197585547957}, "Tera Types": {"nothing": 0.37428197585547957}, "Teammates": {"Camerupt": 0.37428197585547957, "Dewgong": 0.37428197585547957, "Lunatone": 0.0, "Luxray": 0.37428197585547957, "Mawile": 0.0, "Arbok": 0.37428197585547957, "Phione": 0.0, "Grovyle": 0.37428197585547957}, "Viability Ceiling": [2, 59, 59, 59], "Abilities": {"anticipation": 0.37428197585547957}, "Checks and Counters": {}, "usage": 0.9999868, "Moves": {"dragondance": 0.37428197585547957, "protect": 0.0, "waterfall": 0.37428197585547957, "earthquake": 0.37428197585547957, "rockslide": 0.37428197585547957}, "Happiness": {"255": 0.37428197585547957}}, "Dewgong": {"Items": {"leftovers": 0.0, "lumberry": 0.37428197585547957}, "Raw count": 3, "Spreads": {"Timid:0/0/4/252/0/252": 0.37428197585547957, "Timid:252/0/0/160/0/96": 0.0}, "Tera Types": {"nothing": 0.37428197585547957}, "Teammates": {"Camerupt": 0.37428197585547957, "Exploud": 0.0, "Whiscash": 0.37428197585547957, "Pikachu": 0.0, "Lunatone": 0.0, "Luxray": 0.37428197585547957, "Nosepass": 0.0, "Castform": 0.0, "Arbok": 0.37428197585547957, "Grovyle": 0.37428197585547957}, "Viability Ceiling": [2, 59, 59, 59], "Abilities": {"hydration": 0.0, "thickfat": 0.37428197585547957}, "Checks and Counters": {}, "usage": 0.9999868, "Moves": {"surf": 0.37428197585547957, "iceshard": 0.37428197585547957, "icebeam": 0.37428197585547957, "rest": 0.0, "raindance": 0.0, "hiddenpowergrass": 0.37428197585547957}, "Happiness": {"255": 0.37428197585547957}}, "Luxray": {"Items": {"expertbelt": 0.37428197585547957, "leftovers": 0.0, "liechiberry": 0.0}, "Raw count": 8, "Spreads": {"Adamant:4/252/0/0/0/252": 0.0, "Modest:252/0/4/252/0/0": 0.0, "Naive:0/36/0/220/0/252": 0.0, "Brave:252/252/0/4/0/0": 0.0, "Rash:0/4/0/252/0/252": 0.37428197585547957}, "Tera Types": {"nothing": 0.37428197585547957}, "Teammates": {"Chimecho": 0.0, "Seviper": 0.0, "Camerupt": 0.37428197585547957, "Banette": 0.0, "Whiscash": 0.37428197585547957, "Mothim": 0.0, "Shelgon": 0.0, "Persian": 0.0, "Dewgong": 0.37428197585547957, "Wartortle": 0.0, "Lunatone": 0.0, "Ledian": 0.0, "Mawile": 0.0, "Arbok": 0.37428197585547957, "Phione": 0.0, "Kecleon": 0.0, "Grovyle": 0.37428197585547957}, "Viability Ceiling": [5, 59, 59, 59], "Abilities": {"intimidate": 0.37428197585547957}, "Checks and Counters": {}, "usage": 0.9999868, "Moves": {"crunch": 0.0, "protect": 0.0, "thunderbolt": 0.37428197585547957, "hiddenpowerice": 0.0, "hiddenpowerwater": 0.37428197585547957, "signalbeam": 0.37428197585547957, "icefang": 0.0, "naturalgift": 0.0, "toxic": 0.0, "return": 0.0, "spark": 0.0, "superpower": 0.37428197585547957}, "Happiness": {"255": 0.37428197585547957}}, "Arbok": {"Items": {"choicescarf": 0.37428197585547957}, "Raw count": 3, "Spreads": {"Jolly:0/252/0/0/4/252": 0.37428197585547957}, "Tera Types": {"nothing": 0.37428197585547957}, "Teammates": {"Camerupt": 0.37428197585547957, "Whiscash": 0.37428197585547957, "Dewgong": 0.37428197585547957, "Lunatone": 0.0, "Luxray": 0.37428197585547957, "Mawile": 0.0, "Phione": 0.0, "Grovyle": 0.37428197585547957}, "Viability Ceiling": [2, 59, 59, 59], "Abilities": {"intimidate": 0.37428197585547957}, "Checks and Counters": {}, "usage": 0.9999868, "Moves": {"switcheroo": 0.37428197585547957, "seedbomb": 0.37428197585547957, "earthquake": 0.37428197585547957, "poisonjab": 0.37428197585547957}, "Happiness": {"255": 0.37428197585547957}}, "Grovyle": {"Items": {"lifeorb": 0.37428197585547957, "choicescarf": 0.0}, "Raw count": 3, "Spreads": {"Naive:0/0/80/252/0/176": 0.0, "Hasty:0/96/0/160/0/252": 0.37428197585547957}, "Tera Types": {"nothing": 0.37428197585547957}, "Teammates": {"Camerupt": 0.37428197585547957, "Banette": 0.0, "Whiscash": 0.37428197585547957, "Beedrill": 0.0, "Diglett": 0.0, "Persian": 0.0, "Dewgong": 0.37428197585547957, "Luxray": 0.37428197585547957, "Arbok": 0.37428197585547957, "Probopass": 0.0}, "Viability Ceiling": [2, 70, 70, 70], "Abilities": {"overgrow": 0.37428197585547957}, "Checks and Counters": {}, "usage": 0.9999868, "Moves": {"hiddenpowerice": 0.0, "rockslide": 0.37428197585547957, "lowkick": 0.37428197585547957, "energyball": 0.0, "leafstorm": 0.37428197585547957, "thunderpunch": 0.37428197585547957}, "Happiness": {"255": 0.37428197585547957}}}}