{"info": {"metagame": "gen9passiveaggressive", "cutoff": 1630.0, "cutoff deviation": 0, "team type": null, "number of battles": 6}, "data": {"Samurott-Hisui": {"Raw count": 5, "Viability Ceiling": [4, 51, 51, 51], "Abilities": {"sharpness": 0.18741917303376832}, "Items": {"choicescarf": 0.0890403738619644, "assaultvest": 0.0009968637822454496, "choiceband": 0.09738193538955847}, "Spreads": {"Jolly:0/252/0/0/4/252": 0.18741917303376832}, "Moves": {"ceaselessedge": 0.18741917303376832, "flipturn": 0.09003723764420984, "sacredsword": 0.18741917303376832, "aquacutter": 0.09738193538955847, "megahorn": 0.0009968637822454496, "razorshell": 0.0890403738619644, "aquajet": 0.09738193538955847}, "Tera Types": {"nothing": 0.18741917303376832}, "Happiness": {"255": 0.18741917303376832}, "Teammates": {"Glimmora": 0.09738193538955847, "Talonflame": 0.0, "Dragapult": 0.0, "Enamorus": 0.0, "Scizor": 0.0, "Ceruledge": 0.0009968637822454496, "Zoroark-Hisui": 0.0009968637822454496, "Tinkaton": 0.0009968637822454496, "Hatterene": 0.0009968637822454496, "Heatran": 0.0009968637822454496, "Tyranitar": 0.0890403738619644, "Excadrill": 0.0890403738619644, "Magnezone": 0.0890403738619644, "Iron Valiant": 0.0890403738619644, "Moltres": 0.0890403738619644, "Iron Moth": 0.09738193538955847, "Chesnaught": 0.09738193538955847, "Ting-Lu": 0.09738193538955847, "Gliscor": 0.09738193538955847}, "Checks and Counters": {}, "usage": 0.9982377}, "Glimmora": {"Raw count": 3, "Viability Ceiling": [3, 51, 51, 51], "Abilities": {"toxicdebris": 0.09771280410009942}, "Items": {"focussash": 0.0003308687105409436, "blacksludge": 0.09738193538955847}, "Spreads": {"Naive:0/4/0/252/0/252": 0.0, "Naive:252/4/0/0/0/252": 0.0003308687105409436, "Naive:252/0/0/4/0/252": 0.09738193538955847}, "Moves": {"stealthrock": 0.09771280410009942, "earthpower": 0.0, "sludgewave": 0.0003308687105409436, "mortalspin": 0.09771280410009942, "spikyshield": 0.09771280410009942, "powergem": 0.09738193538955847}, "Tera Types": {"nothing": 0.09771280410009942}, "Happiness": {"255": 0.09771280410009942}, "Teammates": {"Samurott-Hisui": 0.09738193538955847, "Talonflame": 0.0, "Dragapult": 0.0003308687105409436, "Enamorus": 0.0, "Scizor": 0.0, "Archaludon": 0.0003308687105409436, "Hydrapple": 0.0003308687105409436, "Araquanid": 0.0003308687105409436, "Iron Treads": 0.0003308687105409436, "Iron Moth": 0.09738193538955847, "Chesnaught": 0.09738193538955847, "Ting-Lu": 0.09738193538955847, "Gliscor": 0.09738193538955847}, "Checks and Counters": {}, "usage": 0.5204409}, "Gliscor": {"Raw count": 3, "Viability Ceiling": [3, 53, 53, 53], "Abilities": {"hypercutter": 0.0, "poisonheal": 0.10030593347712063}, "Items": {"toxicorb": 0.10030593347712063}, "Spreads": {"Impish:252/0/252/0/0/4": 0.0, "Impish:252/0/184/0/0/72": 0.10030593347712063}, "Moves": {"toxic": 0.09738193538955847, "spikes": 0.002923998087562163, "knockoff": 0.002923998087562163, "earthquake": 0.09738193538955847, "protect": 0.10030593347712063, "substitute": 0.002923998087562163, "stealthrock": 0.09738193538955847}, "Tera Types": {"nothing": 0.10030593347712063}, "Happiness": {"255": 0.10030593347712063}, "Teammates": {"Zoroark-Hisui": 0.0, "Reuniclus": 0.0, "Mamoswine": 0.0, "Whimsicott": 0.0, "Cyclizar": 0.0, "Glimmora": 0.09738193538955847, "Iron Moth": 0.09738193538955847, "Chesnaught": 0.09738193538955847, "Ting-Lu": 0.09738193538955847, "Samurott-Hisui": 0.09738193538955847}, "Checks and Counters": {}, "usage": 0.5186786}, "Iron Moth": {"Raw count": 2, "Viability Ceiling": [2, 51, 51, 51], "Abilities": {"quarkdrive": 0.09738193538955847}, "Items": {"boosterenergy": 0.0, "assaultvest": 0.09738193538955847}, "Spreads": {"Timid:0/0/0/252/4/252": 0.09738193538955847}, "Moves": {"toxicspikes": 0.0, "fierydance": 0.09738193538955847, "sludgewave": 0.0, "energyball": 0.09738193538955847, "venoshock": 0.09738193538955847, "discharge": 0.09738193538955847}, "Tera Types": {"nothing": 0.09738193538955847}, "Happiness": {"255": 0.09738193538955847}, "Teammates": {"Revavroom": 0.0, "Mamoswine": 0.0, "Corviknight": 0.0, "Clefable": 0.0, "Sandy Shocks": 0.0, "Glimmora": 0.09738193538955847, "Chesnaught": 0.09738193538955847, "Ting-Lu": 0.09738193538955847, "Samurott-Hisui": 0.09738193538955847, "Gliscor": 0.09738193538955847}, "Checks and Counters": {}, "usage": 0.5186786}, "Chesnaught": {"Raw count": 1, "Viability Ceiling": [1, 51, 51, 51], "Abilities": {"overgrow": 0.09738193538955847}, "Items": {"leftovers": 0.09738193538955847}, "Spreads": {"Bold:252/0/252/0/4/0": 0.09738193538955847}, "Moves": {"irondefense": 0.09738193538955847, "spikyshield": 0.09738193538955847, "leechseed": 0.09738193538955847, "bodypress": 0.09738193538955847}, "Tera Types": {"nothing": 0.09738193538955847}, "Happiness": {"255": 0.09738193538955847}, "Teammates": {"Glimmora": 0.09738193538955847, "Iron Moth": 0.09738193538955847, "Ting-Lu": 0.09738193538955847, "Samurott-Hisui": 0.09738193538955847, "Gliscor": 0.09738193538955847}, "Checks and Counters": {}, "usage": 0.5186786}, "Ting-Lu": {"Raw count": 1, "Viability Ceiling": [1, 51, 51, 51], "Abilities": {"vesselofruin": 0.09738193538955847}, "Items": {"rockyhelmet": 0.09738193538955847}, "Spreads": {"Bold:252/0/252/0/4/0": 0.09738193538955847}, "Moves": {"taunt": 0.09738193538955847, "spikes": 0.09738193538955847, "whirlwind": 0.09738193538955847, "ruination": 0.09738193538955847}, "Tera Types": {"nothing": 0.09738193538955847}, "Happiness": {"255": 0.09738193538955847}, "Teammates": {"Glimmora": 0.09738193538955847, "Iron Moth": 0.09738193538955847, "Chesnaught": 0.09738193538955847, "Samurott-Hisui": 0.09738193538955847, "Gliscor": 0.09738193538955847}, "Checks and Counters": {}, "usage": 0.5186786}, "Moltres": {"Raw count": 2, "Viability Ceiling": [2, 50, 50, 50], "Abilities": {"pressure": 0.0, "flamebody": 0.0890403738619644}, "Items": {"choicespecs": 0.0, "heavydutyboots": 0.0890403738619644}, "Spreads": {"Hardy:76/68/76/92/100/96": 0.0, "Impish:204/0/220/0/20/64": 0.0890403738619644}, "Moves": {"flareblitz": 0.0, "bravebird": 0.0890403738619644, "agility": 0.0, "scorchingsands": 0.0, "willowisp": 0.0890403738619644, "uturn": 0.0890403738619644, "roost": 0.0890403738619644}, "Tera Types": {"nothing": 0.0890403738619644}, "Happiness": {"255": 0.0890403738619644}, "Teammates": {"Scizor": 0.0, "Zamazenta": 0.0, "Swampert": 0.0, "Leafeon": 0.0, "Krookodile": 0.0, "Tyranitar": 0.0890403738619644, "Excadrill": 0.0890403738619644, "Magnezone": 0.0890403738619644, "Samurott-Hisui": 0.0890403738619644, "Iron Valiant": 0.0890403738619644}, "Checks and Counters": {}, "usage": 0.4742496}, "Tyranitar": {"Raw count": 2, "Viability Ceiling": [2, 49, 49, 49], "Abilities": {"sandstream": 0.0890403738619644}, "Items": {"focussash": 0.0, "smoothrock": 0.0890403738619644}, "Spreads": {"Adamant:0/252/0/0/4/252": 0.0, "Adamant:252/156/100/0/0/0": 0.0890403738619644}, "Moves": {"dragondance": 0.0, "stealthrock": 0.0890403738619644, "knockoff": 0.0890403738619644, "rockslide": 0.0, "earthquake": 0.0890403738619644, "icepunch": 0.0890403738619644}, "Tera Types": {"nothing": 0.0890403738619644}, "Happiness": {"255": 0.0890403738619644}, "Teammates": {"Excadrill": 0.0890403738619644, "Zamazenta": 0.0, "Emboar": 0.0, "Dragapult": 0.0, "Ogerpon-Wellspring": 0.0, "Magnezone": 0.0890403738619644, "Samurott-Hisui": 0.0890403738619644, "Iron Valiant": 0.0890403738619644, "Moltres": 0.0890403738619644}, "Checks and Counters": {}, "usage": 0.4742496}, "Excadrill": {"Raw count": 2, "Viability Ceiling": [2, 49, 49, 49], "Abilities": {"sandrush": 0.0890403738619644}, "Items": {"focussash": 0.0, "heavydutyboots": 0.0890403738619644}, "Spreads": {"Adamant:0/252/0/0/4/252": 0.0, "Jolly:0/252/0/0/4/252": 0.0890403738619644}, "Moves": {"rapidspin": 0.0, "earthquake": 0.0890403738619644, "ironhead": 0.0890403738619644, "honeclaws": 0.0, "swordsdance": 0.0890403738619644, "rockslide": 0.0890403738619644}, "Tera Types": {"nothing": 0.0890403738619644},