{"info": {"team type": null, "cutoff": 1760.0, "cutoff deviation": 0, "metagame": "gen1uu", "number of battles": 18}, "data": {"Victreebel": {"Moves": {"razorleaf": 0.00518314545596138, "stunspore": 0.00518314545596138, "swordsdance": 3.7032111599444306e-08, "bodyslam": 3.7032111599444306e-08, "sleeppowder": 3.7032111599444306e-08, "wrap": 0.00518314545596138, "hyperbeam": 0.005183182488072979}, "Checks and Counters": {}, "Abilities": {"noability": 0.005183182488072979}, "Teammates": {"Haunter": 3.7032111599444306e-08, "Electabuzz": 0.0, "Dugtrio": 3.7032111599444306e-08, "Dodrio": 0.0, "Gyarados": 0.0, "Tentacruel": 0.005183182488072979, "Kadabra": 0.005183182488072979, "Omastar": 0.00518314545596138, "Persian": 0.00518314545596138, "Articuno": 0.005183182488072979}, "usage": 0.0013849, "Items": {"nothing": 0.005183182488072979}, "Raw count": 10, "Spreads": {"Serious:252/252/252/252/252/252": 0.005183182488072979}, "Happiness": {"255": 0.005183182488072979}, "Viability Ceiling": [5, 59, 59, 59]}, "Haunter": {"Moves": {"thunderbolt": 2.530242620549055, "nightshade": 0.00017094583057464252, "psychic": 2.53007167471848, "selfdestruct": 0.0, "hypnosis": 2.530242620549055, "dreameater": 0.0, "explosion": 2.5242794112419285, "confuseray": 0.005963209307126405}, "Checks and Counters": {}, "Abilities": {"noability": 2.530242620549055}, "Teammates": {"Victreebel": 3.7032111599444306e-08, "Electabuzz": 7.72801631648834e-06, "Raichu": 0.0004163292894700521, "Dugtrio": 2.5236999011703114, "Golem": 0.0005795471037282063, "Dragonite": 2.460471468467094, "Dodrio": 7.72801631648834e-06, "Gyarados": 0.06322066765478912, "Tentacruel": 2.5242717202577234, "Kadabra": 2.5238631189845697, "Exeggcute": 0.0, "Persian": 0.0005795471037282063, "Dewgong": 2.460471468467094, "Kangaskhan": 0.0004163292894700521, "Clefable": 0.06322066765478912, "Venusaur": 0.0, "Articuno": 0.00017098286268624197}, "usage": 0.6744847, "Items": {"nothing": 2.530242620549055}, "Raw count": 16, "Spreads": {"Serious:252/252/252/252/252/252": 2.530242620549055}, "Happiness": {"255": 2.530242620549055}, "Viability Ceiling": [12, 81, 81, 75]}, "Electabuzz": {"Moves": {"seismictoss": 0.0, "thunderbolt": 1.1654040668299719, "submission": 0.0, "psychic": 0.3605758022815673, "counter": 0.0, "thunderwave": 1.1654040668299719, "bodyslam": 1.1654040668299719, "lightscreen": 0.0, "hyperbeam": 0.8048282645484044}, "Checks and Counters": {}, "Abilities": {"noability": 1.1654040668299719}, "Teammates": {"Victreebel": 0.0, "Haunter": 7.72801631648834e-06, "Dodrio": 0.21209127512450704, "Ditto": 0.0, "Dragonite": 0.0, "Tangela": 1.1653963388136552, "Gyarados": 0.0, "Tentacruel": 0.804820536532088, "Vaporeon": 0.3605758022815673, "Kadabra": 0.9533205197217812, "Persian": 0.0, "Dewgong": 0.86571325976008, "Clefable": 0.0, "Venusaur": 0.0, "Articuno": 1.1045113436019798, "Dugtrio": 0.3605835302978838}, "usage": 0.31139469999999997, "Items": {"nothing": 1.1654040668299719}, "Raw count": 14, "Spreads": {"Serious:252/252/252/252/252/252": 1.1654040668299719}, "Happiness": {"255": 1.1654040668299719}, "Viability Ceiling": [9, 83, 83, 74]}, "Raichu": {"Moves": {"surf": 0.006379501564484857, "thunderwave": 0.006379501564484857, "bodyslam": 0.005963172275014805, "thunderbolt": 0.006379501564484857, "seismictoss": 0.0004163292894700521}, "Checks and Counters": {}, "Abilities": {"noability": 0.006379501564484857}, "Teammates": {"Golem": 0.0004163292894700521, "Haunter": 0.0004163292894700521, "Persian": 0.0004163292894700521, "Tentacruel": 0.0004163292894700521, "Kangaskhan": 0.0004163292894700521}, "usage": 0.00011119999999999999, "Items": {"nothing": 0.006379501564484857}, "Raw count": 2, "Spreads": {"Serious:252/252/252/252/252/252": 0.006379501564484857}, "Happiness": {"255": 0.006379501564484857}, "Viability Ceiling": [2, 56, 56, 56]}, "Dugtrio": {"Moves": {"rockslide": 2.9319472133004436, "rest": 0.0, "bodyslam": 3.7032111599444306e-08, "hyperbeam": 3.7032111599444306e-08, "slash": 2.931947176268332, "toxic": 0.0, "earthquake": 2.9319472133004436, "substitute": 2.931947176268332}, "Checks and Counters": {}, "Abilities": {"noability": 2.9319472133004436}, "Teammates": {"Victreebel": 3.7032111599444306e-08, "Haunter": 2.5236999011703114, "Electabuzz": 0.3605835302978838, "Dragonite": 2.460471468467094, "Tangela": 0.3605758022815673, "Gyarados": 0.06322066765478912, "Tentacruel": 2.57136368300256, "Vaporeon": 0.3605758022815673, "Kadabra": 2.672192156343688, "Persian": 0.047671509848565, "Dewgong": 2.5690357015436516, "Clefable": 0.11089217750335412, "Venusaur": 0.0, "Dodrio": 0.25976278497307204, "Articuno": 0.2996908441020034}, "usage": 0.7834131, "Items": {"nothing": 2.9319472133004436}, "Raw count": 23, "Spreads": {"Serious:252/252/252/252/252/252": 2.9319472133004436}, "Happiness": {"255": 2.9319472133004436}, "Viability Ceiling": [12, 81, 81, 75]}, "Golem": {"Moves": {"toxic": 0.0004163292894700521, "explosion": 0.0005795471037282063, "earthquake": 0.0005795471037282063, "substitute": 0.00016321781425815418, "rockslide": 0.0005795471037282063}, "Checks and Counters": {}, "Abilities": {"noability": 0.0005795471037282063}, "Teammates": {"Haunter": 0.0005795471037282063, "Raichu": 0.0004163292894700521, "Tentacruel": 0.0005795471037282063, "Kadabra": 0.00016321781425815418, "Persian": 0.0005795471037282063, "Kangaskhan": 0.0004163292894700521, "Articuno": 0.00016321781425815418}, "usage": 0.0001549, "Items": {"nothing": 0.0005795471037282063}, "Raw count": 2, "Spreads": {"Serious:252/252/252/252/252/252": 0.0005795471037282063}, "Happiness": {"255": 0.0005795471037282063}, "Viability Ceiling": [2, 63, 63, 63]}, "Dragonite": {"Moves": {"agility": 0.0, "thunderbolt": 2.460471468467094, "blizzard": 2.460471468467094, "rest": 0.0, "thunderwave": 2.460471468467094, "bodyslam": 2.460471468467094, "hyperbeam": 0.0, "icebeam": 0.0, "fireblast": 0.0, "substitute": 0.0}, "Checks and Counters": {}, "Abilities": {"noability": 2.460471468467094}, "Teammates": {"Haunter": 2.460471468467094, "Electabuzz": 0.0, "Dugtrio": 2.460471468467094, "Dodrio": 0.0, "Gyarados": 0.0, "Tentacruel": 2.460471468467094, "Kadabra": 2.460471468467094, "Exeggcute": 0.0, "Dewgong": 2.460471468467094, "Venusaur": 0.0, "Articuno": 0.0, "Ditto": 0.0}, "usage": 0.6574353000000001, "Items": {"nothing": 2.460471468467094}, "Raw count": 8, "Spreads": {"Serious:252/252/252/252/252/252": 2.460471468467094}, "Happiness": {"255": 2.460471468467094}, "Viability Ceiling": [6, 81, 81, 80]}, "Tangela": {"Moves": {"swordsdance": 1.1653963388136552, "bodyslam": 1.1653963388136552, "sleeppowder": 1.1653963388136552, "stunspore": 1.1653963388136552}, "Checks and Counters": {}, "Abilities": {"noability": 1.1653963388136552}, "Teammates": {"Electabuzz": 1.1653963388136552, "Dugtrio": 0.3605758022815673, "Dodrio": 0.21208354710819055, "Tentacruel": 0.804820536532088, "Vaporeon": 0.3605758022815673, "Kadabra": 0.9533127917054647, "Dewgong": 0.86571325976008, "Articuno": 1.1045036155856633}, "usage": 0.3113926, "Items": {"nothing": 1.1653963388136552}, "Raw count": 6, "Spreads": {"Serious:252/252/252/252/252/252": 1.1653963388136552}, "Happiness": {"255": 1.1653963388136552}, "Viability Ceiling": [2, 83, 83, 83]}, "Gyarados": {"Moves": {"surf": 0.06322066765478912, "thunderbolt": 0.06322066765478912, "blizzard": 0.0, "rest": 0.06322066765478912, "reflect": 0.0, "bodyslam": 0.06322066765478912, "dragonrage": 0.0, "substitute": 0.0, "icebeam": 0.0, "hydropump": 0.0, "fireblast": 0.0, "hyperbeam": 0.0}, "Checks and Counters": {}, "Abilities": {"noability": 0.06322066765478912}, "Teammates": {"Magneton": 0.0, "Butterfree": 0.0, "Electabuzz": 0.0, "Ditto": 0.0, "Victreebel": 0.0, "Pidgeot": 0.0, "Dragonite": 0.0, "Dodrio": 0.0, "Haunter": 0.06322066765478912, "Tentacruel": 0.06322066765478912, "Kadabra": 0.06322066765478912, "Exeggcute": 0.0, "Porygon": 0.0, "Dugtrio": 0.06322066765478912, "Clefable": 0.06322066765478912, "Venusaur": 0.0, "Articuno": 0.0, "Persian": 0.0},