{"info": {"team type": null, "cutoff": 1500.0, "cutoff deviation": 0, "metagame": "gen9sharedpowerrandbatsbring12pick6", "number of battles": 1}, "data": {"Mandibuzz": {"Items": {"heavydutyboots": 210.31824619033895}, "Raw count": 361, "Spreads": {"Hardy:85/0/84/85/85/85": 31.318739431420255, "Hardy:85/85/84/85/85/85": 178.99950675891864}, "Tera Types": {"steel": 210.31824619033895}, "Teammates": {"Mew": 0.5, "Comfey": 0.5, "Lurantis": 0.5, "Chien-Pao": 0.5, "Venomoth": 0.5}, "Viability Ceiling": [282, 75, 73, 59], "Abilities": {"overcoat": 210.31824619033895}, "Checks and Counters": {}, "usage": 0.5734753, "Moves": {"uturn": 73.10388188136913, "knockoff": 60.01114853726675, "bravebird": 105.8956248775495, "foulplay": 150.30709765307208, "defog": 111.34592452670829, "roost": 210.31824619033895, "toxic": 130.2910610950508}, "Happiness": {"255": 210.31824619033895}}, "Grumpig": {"Items": {"leftovers": 109.93082285087138, "choicescarf": 57.59186954052436, "choicespecs": 31.985375377286555}, "Raw count": 335, "Spreads": {"Hardy:85/0/84/85/85/85": 199.5080677686823}, "Tera Types": {"ghost": 50.52215329810653, "fairy": 27.92515511596161, "psychic": 47.89527424397051, "fighting": 21.223091843954673, "ground": 51.94239326668897}, "Teammates": {"Emboar": 0.3718771984604321, "Bombirdier": 0.3718771984604321, "Scovillain": 0.3718771984604321, "Hawlucha": 0.3718771984604321, "Palkia-Origin": 0.3718771984604321}, "Viability Ceiling": [272, 75, 71, 61], "Abilities": {"thickfat": 199.5080677686823}, "Checks and Counters": {}, "usage": 0.42652470000000003, "Moves": {"earthpower": 145.49334426830418, "shadowball": 146.55282942627656, "psychic": 97.9965260553614, "focusblast": 68.96864429230574, "trick": 57.59186954052436, "psyshock": 101.51154171332092, "nastyplot": 109.93082285087138, "dazzlinggleam": 69.98669292776465}, "Happiness": {"255": 199.5080677686823}}, "Chien-Pao": {"Items": {"heavydutyboots": 104.27643532965429, "choiceband": 105.49869559854356}, "Raw count": 350, "Spreads": {"Hardy:85/85/84/85/85/85": 209.77513092819774}, "Tera Types": {"dark": 65.12926561840654, "fighting": 77.16879261784368, "ice": 67.47707269194758}, "Teammates": {"Mandibuzz": 0.5, "Mew": 0.5, "Comfey": 0.5, "Lurantis": 0.5, "Venomoth": 0.5}, "Viability Ceiling": [281, 75, 73, 60], "Abilities": {"swordofruin": 209.77513092819774}, "Checks and Counters": {}, "usage": 0.5734753, "Moves": {"iciclecrash": 209.77513092819774, "iceshard": 130.66875729784246, "crunch": 51.875246811365045, "throatchop": 157.8998841168328, "swordsdance": 104.27643532965429, "sacredsword": 162.8797253156612, "suckerpunch": 21.725343913237698}, "Happiness": {"255": 209.77513092819774}}, "Emboar": {"Items": {"leftovers": 76.16742295527493, "choicescarf": 32.677024629488734, "assaultvest": 58.58758670641878, "choiceband": 26.41323392785754}, "Raw count": 345, "Spreads": {"Hardy:85/85/80/85/85/85": 193.84526821903995}, "Tera Types": {"dark": 15.951725949287365, "electric": 11.350340797402447, "fire": 71.76247863338833, "fighting": 38.77229928341624, "water": 18.613299883686903, "grass": 37.39512367185866}, "Teammates": {"Grumpig": 0.3718771984604321, "Bombirdier": 0.3718771984604321, "Scovillain": 0.3718771984604321, "Hawlucha": 0.3718771984604321, "Palkia-Origin": 0.3718771984604321}, "Viability Ceiling": [272, 74, 73, 59], "Abilities": {"reckless": 193.84526821903995}, "Checks and Counters": {}, "usage": 0.42652470000000003, "Moves": {"scald": 33.76843124509788, "knockoff": 74.38803802640308, "headsmash": 40.68919481492557, "bulkup": 76.16742295527493, "closecombat": 117.67784526376515, "drainpunch": 76.16742295527493, "suckerpunch": 23.579151362670206, "trailblaze": 76.16742295527493, "flareblitz": 193.84526821903995, "wildcharge": 62.930875078433345}, "Happiness": {"255": 193.84526821903995}}, "Bombirdier": {"Items": {"heavydutyboots": 136.46544381288837, "choicescarf": 13.881808857768391, "choiceband": 50.957478235113875}, "Raw count": 344, "Spreads": {"Hardy:85/85/84/85/85/85": 201.3047309057709}, "Tera Types": {"steel": 61.07972764785183, "dark": 44.407152373794055, "rock": 95.81785088412487}, "Teammates": {"Scovillain": 0.3718771984604321, "Grumpig": 0.3718771984604321, "Hawlucha": 0.3718771984604321, "Palkia-Origin": 0.3718771984604321, "Emboar": 0.3718771984604321}, "Viability Ceiling": [268, 77, 73, 60], "Abilities": {"bigpecks": 105.48688002164585, "rockypayload": 95.81785088412487}, "Checks and Counters": {}, "usage": 0.42652470000000003, "Moves": {"uturn": 70.76249336978299, "knockoff": 201.3047309057709, "bravebird": 201.3047309057709, "roost": 136.46544381288837, "stealthrock": 29.99636803074455, "suckerpunch": 69.56730571400064, "stoneedge": 95.81785088412487}, "Happiness": {"255": 201.3047309057709}}, "Palkia-Origin": {"Items": {"lustrousglobe": 100.59406553146552}, "Raw count": 169, "Spreads": {"Hardy:85/0/84/85/85/85": 100.59406553146552}, "Tera Types": {"water": 54.55441723093106, "dragon": 46.03964830053443}, "Teammates": {"Scovillain": 0.3718771984604321, "Bombirdier": 0.3718771984604321, "Grumpig": 0.3718771984604321, "Hawlucha": 0.3718771984604321, "Emboar": 0.3718771984604321}, "Viability Ceiling": [155, 75, 71, 60], "Abilities": {"pressure": 100.59406553146552}, "Checks and Counters": {}, "usage": 0.42652470000000003, "Moves": {"hydropump": 100.59406553146552, "thunderwave": 100.59406553146552, "fireblast": 100.59406553146552, "dracometeor": 63.86956483406661, "spacialrend": 36.72450069739886}, "Happiness": {"255": 100.59406553146552}}, "Mew": {"Items": {"leftovers": 58.05059227080389, "lifeorb": 141.50872976645195}, "Raw count": 344, "Spreads": {"Hardy:85/0/84/85/85/85": 67.48061333057328, "Hardy:85/85/84/85/85/85": 132.0787087066825}, "Tera Types": {"steel": 20.558247978369952, "water": 10.121524690399918, "fire": 11.510498974728696, "psychic": 9.951515686813446, "fighting": 84.01988938735742, "dark": 30.671779476360925, "fairy": 20.24767217994023, "ground": 12.478193663285237}, "Teammates": {"Mandibuzz": 0.5, "Comfey": 0.5, "Lurantis": 0.5, "Chien-Pao": 0.5, "Venomoth": 0.5}, "Viability Ceiling": [283, 74, 74, 60], "Abilities": {"synchronize": 199.55932203725573}, "Checks and Counters": {}, "usage": 0.5734753, "Moves": {"aurasphere": 13.774753340217822, "psychicfangs": 78.47969626182083, "knockoff": 74.7206433722773, "toxicspikes": 23.39946266791867, "earthpower": 25.13865807573461, "darkpulse": 24.925545059485014, "uturn": 37.295277076078655, "psychic": 64.73085758106836, "nastyplot": 63.029033504631116, "psychicnoise": 26.64862815249151, "closecombat": 78.47969626182083, "swordsdance": 78.47969626182083, "stealthrock": 23.331525434644064, "psyshock": 29.70014004187512, "willowisp": 27.053553792016576, "leechlife": 36.46825063930566, "hydropump": 22.682252588468778, "bugbuzz": 17.162678330135375, "fireblast": 22.374179615220637, "encore": 30.362760091991518}, "Happiness": {"255": 199.55932203725573}}, "Comfey": {"Items": {"leftovers": 212.6564436534821}, "Raw count": 363, "Spreads": {"Hardy:85/0/84/85/85/85": 212.6564436534821}, "Tera Types": {"steel": 41.33443313445748, "fairy": 43.92805062686099, "poison": 39.08573568098697, "ground": 88.30822421117682}, "Teammates": {"Mew": 0.5, "Mandibuzz": 0.5, "Lurantis": 0.5, "Chien-Pao": 0.5, "Venomoth": 0.5}, "Viability Ceiling": [274, 74, 72, 60], "Abilities": {"triage": 212.6564436534821}, "Checks and Counters": {}, "usage": 0.5734753, "Moves": {"terablast": 88.30822421117682, "gigadrain": 169.95260102556094, "calmmind": 212.6564436534821, "storedpower": 124.34821944230536, "drainingkiss": 212.6564436534821, "synthesis": 42.703842627921105}, "Happiness": {"255": 212.6564436534821}}, "Scovillain": {"Items": {"leftovers": 75.40101339423093, "heavydutyboots": 54.207201031207795, "choicescarf": 34.539380862837206, "choicespecs": 31.23671327949975}, "Raw count": 343, "Spreads": {"Hardy:85/0/84/85/85/85": 141.1771075365679, "Hardy:85/85/84/85/85/85": 54.207201031207795}, "Tera Types": {"steel": 75.40101339423093, "fire": 51.89196656814394,