{"info": {"team type": null, "cutoff": 1760.0, "cutoff deviation": 0, "metagame": "gen4zu", "number of battles": 6}, "data": {"Camerupt": {"Items": {"leftovers": 0.0, "salacberry": 0.006137616373863786}, "Raw count": 5, "Spreads": {"Modest:252/0/0/252/4/0": 0.0, "Modest:252/0/0/140/76/0": 0.0, "Hasty:0/4/0/180/72/252": 0.006137616373863786}, "Tera Types": {"nothing": 0.006137616373863786}, "Teammates": {"Chimecho": 0.0, "Butterfree": 0.0, "Pelipper": 0.0, "Whiscash": 0.006137616373863786, "Luxray": 0.006137616373863786, "Ariados": 0.0, "Dewgong": 0.006137616373863786, "Cherrim": 0.0, "Bastiodon": 0.0, "Arbok": 0.006137616373863786, "Grovyle": 0.006137616373863786, "Bibarel": 0.0, "Castform": 0.0}, "Viability Ceiling": [3, 59, 59, 59], "Abilities": {"solidrock": 0.006137616373863786}, "Checks and Counters": {}, "usage": 0.0368257, "Moves": {"explosion": 0.006137616373863786, "earthpower": 0.006137616373863786, "hiddenpowergrass": 0.0, "stealthrock": 0.006137616373863786, "willowisp": 0.0, "lavaplume": 0.006137616373863786, "flamethrower": 0.0, "sunnyday": 0.0}, "Happiness": {"255": 0.006137616373863786}}, "Whiscash": {"Items": {"leftovers": 0.006137616373863786}, "Raw count": 3, "Spreads": {"Adamant:0/252/0/0/4/252": 0.0, "Jolly:4/252/0/0/0/252": 0.006137616373863786}, "Tera Types": {"nothing": 0.006137616373863786}, "Teammates": {"Camerupt": 0.006137616373863786, "Dewgong": 0.006137616373863786, "Lunatone": 0.0, "Luxray": 0.006137616373863786, "Mawile": 0.0, "Arbok": 0.006137616373863786, "Phione": 0.0, "Grovyle": 0.006137616373863786}, "Viability Ceiling": [2, 59, 59, 59], "Abilities": {"anticipation": 0.006137616373863786}, "Checks and Counters": {}, "usage": 0.0368257, "Moves": {"dragondance": 0.006137616373863786, "protect": 0.0, "waterfall": 0.006137616373863786, "earthquake": 0.006137616373863786, "rockslide": 0.006137616373863786}, "Happiness": {"255": 0.006137616373863786}}, "Dewgong": {"Items": {"leftovers": 0.0, "lumberry": 0.006137616373863786}, "Raw count": 3, "Spreads": {"Timid:0/0/4/252/0/252": 0.006137616373863786, "Timid:252/0/0/160/0/96": 0.0}, "Tera Types": {"nothing": 0.006137616373863786}, "Teammates": {"Camerupt": 0.006137616373863786, "Exploud": 0.0, "Whiscash": 0.006137616373863786, "Pikachu": 0.0, "Lunatone": 0.0, "Luxray": 0.006137616373863786, "Nosepass": 0.0, "Castform": 0.0, "Arbok": 0.006137616373863786, "Grovyle": 0.006137616373863786}, "Viability Ceiling": [2, 59, 59, 59], "Abilities": {"hydration": 0.0, "thickfat": 0.006137616373863786}, "Checks and Counters": {}, "usage": 0.0368257, "Moves": {"surf": 0.006137616373863786, "iceshard": 0.006137616373863786, "icebeam": 0.006137616373863786, "rest": 0.0, "raindance": 0.0, "hiddenpowergrass": 0.006137616373863786}, "Happiness": {"255": 0.006137616373863786}}, "Luxray": {"Items": {"expertbelt": 0.006137616373863786, "leftovers": 0.0, "liechiberry": 0.0}, "Raw count": 8, "Spreads": {"Adamant:4/252/0/0/0/252": 0.0, "Modest:252/0/4/252/0/0": 0.0, "Naive:0/36/0/220/0/252": 0.0, "Brave:252/252/0/4/0/0": 0.0, "Rash:0/4/0/252/0/252": 0.006137616373863786}, "Tera Types": {"nothing": 0.006137616373863786}, "Teammates": {"Chimecho": 0.0, "Seviper": 0.0, "Camerupt": 0.006137616373863786, "Banette": 0.0, "Whiscash": 0.006137616373863786, "Mothim": 0.0, "Shelgon": 0.0, "Persian": 0.0, "Dewgong": 0.006137616373863786, "Wartortle": 0.0, "Lunatone": 0.0, "Ledian": 0.0, "Mawile": 0.0, "Arbok": 0.006137616373863786, "Phione": 0.0, "Kecleon": 0.0, "Grovyle": 0.006137616373863786}, "Viability Ceiling": [5, 59, 59, 59], "Abilities": {"intimidate": 0.006137616373863786}, "Checks and Counters": {}, "usage": 0.0368257, "Moves": {"crunch": 0.0, "protect": 0.0, "thunderbolt": 0.006137616373863786, "hiddenpowerice": 0.0, "hiddenpowerwater": 0.006137616373863786, "signalbeam": 0.006137616373863786, "icefang": 0.0, "naturalgift": 0.0, "toxic": 0.0, "return": 0.0, "spark": 0.0, "superpower": 0.006137616373863786}, "Happiness": {"255": 0.006137616373863786}}, "Arbok": {"Items": {"choicescarf": 0.006137616373863786}, "Raw count": 3, "Spreads": {"Jolly:0/252/0/0/4/252": 0.006137616373863786}, "Tera Types": {"nothing": 0.006137616373863786}, "Teammates": {"Camerupt": 0.006137616373863786, "Whiscash": 0.006137616373863786, "Dewgong": 0.006137616373863786, "Lunatone": 0.0, "Luxray": 0.006137616373863786, "Mawile": 0.0, "Phione": 0.0, "Grovyle": 0.006137616373863786}, "Viability Ceiling": [2, 59, 59, 59], "Abilities": {"intimidate": 0.006137616373863786}, "Checks and Counters": {}, "usage": 0.0368257, "Moves": {"switcheroo": 0.006137616373863786, "seedbomb": 0.006137616373863786, "earthquake": 0.006137616373863786, "poisonjab": 0.006137616373863786}, "Happiness": {"255": 0.006137616373863786}}, "Grovyle": {"Items": {"lifeorb": 0.006137616373863786, "choicescarf": 0.0}, "Raw count": 3, "Spreads": {"Naive:0/0/80/252/0/176": 0.0, "Hasty:0/96/0/160/0/252": 0.006137616373863786}, "Tera Types": {"nothing": 0.006137616373863786}, "Teammates": {"Camerupt": 0.006137616373863786, "Banette": 0.0, "Whiscash": 0.006137616373863786, "Beedrill": 0.0, "Diglett": 0.0, "Persian": 0.0, "Dewgong": 0.006137616373863786, "Luxray": 0.006137616373863786, "Arbok": 0.006137616373863786, "Probopass": 0.0}, "Viability Ceiling": [2, 70, 70, 70], "Abilities": {"overgrow": 0.006137616373863786}, "Checks and Counters": {}, "usage": 0.0368257, "Moves": {"hiddenpowerice": 0.0, "rockslide": 0.006137616373863786, "lowkick": 0.006137616373863786, "energyball": 0.0, "leafstorm": 0.006137616373863786, "thunderpunch": 0.006137616373863786}, "Happiness": {"255": 0.006137616373863786}}}}