{"info": {"team type": null, "cutoff": 1630.0, "cutoff deviation": 0, "metagame": "gen2moderngen2", "number of battles": 38}, "data": {"Latios": {"Moves": {"calmmind": 0.06505347993562538, "psychoshift": 0.0, "psychicnoise": 0.06505347993562538, "psyshock": 0.0, "recover": 0.06505347993562538, "dracometeor": 0.06505347993562538}, "Checks and Counters": {}, "Abilities": {"noability": 0.06505347993562538}, "Teammates": {"Volcanion": 0.0, "Gliscor": 0.06505347993562538, "Melmetal": 0.06505347993562538, "Suicune": 0.06505347993562538, "Mew": 0.0, "Chi-Yu": 0.06505347993562538, "Froslass": 0.06505347993562538, "Walking Wake": 0.0, "Shaymin-Sky": 0.0}, "usage": 0.038440300000000004, "Items": {"leftovers": 0.0, "mirrorherb": 0.06505347993562538}, "Raw count": 11, "Spreads": {"Serious:252/252/252/252/252/252": 0.06505347993562538}, "Happiness": {"255": 0.06505347993562538}, "Viability Ceiling": [4, 55, 55, 55]}, "Gholdengo": {"Moves": {"nightshade": 0.23618732705534567, "thunder": 0.23618732705534567, "thunderwave": 0.23618732705534567, "psyshock": 0.0, "nastyplot": 0.0, "recover": 0.23618732705534567}, "Checks and Counters": {}, "Abilities": {"noability": 0.23618732705534567}, "Teammates": {"Gliscor": 0.23618732705534567, "Aerodactyl": 0.0, "Starmie": 0.23618732705534567, "Iron Boulder": 0.0, "Tapu Fini": 0.23618732705534567, "Chi-Yu": 0.23618732705534567, "Tyrantrum": 0.23618732705534567, "Shaymin-Sky": 0.0}, "usage": 0.13956369999999998, "Items": {"airballoon": 0.23618732705534567}, "Raw count": 3, "Spreads": {"Serious:252/252/252/252/252/252": 0.0, "Serious:252/0/252/252/252/252": 0.23618732705534567}, "Happiness": {"255": 0.23618732705534567}, "Viability Ceiling": [2, 55, 55, 55]}, "Gliscor": {"Moves": {"uturn": 0.0, "protect": 0.0, "spikes": 0.0, "roost": 0.30124080699097106, "thief": 0.0, "swordsdance": 0.0, "stealthrock": 0.30124080699097106, "knockoff": 0.30124080699097106, "toxic": 0.0, "earthquake": 0.30124080699097106}, "Checks and Counters": {}, "Abilities": {"noability": 0.30124080699097106}, "Teammates": {"Latios": 0.06505347993562538, "Gholdengo": 0.23618732705534567, "Meowscarada": 0.0, "Aerodactyl": 0.0, "Melmetal": 0.06505347993562538, "Starmie": 0.23618732705534567, "Iron Boulder": 0.0, "Slowking": 0.0, "Suicune": 0.06505347993562538, "Tapu Fini": 0.23618732705534567, "Slither Wing": 0.0, "Chi-Yu": 0.30124080699097106, "Froslass": 0.06505347993562538, "Walking Wake": 0.0, "Tyrantrum": 0.23618732705534567, "Shaymin-Sky": 0.0}, "usage": 0.1780039, "Items": {"nothing": 0.0, "leftovers": 0.30124080699097106}, "Raw count": 12, "Spreads": {"Serious:252/252/252/252/252/252": 0.30124080699097106, "Serious:252/252/252/252/252/0": 0.0}, "Happiness": {"255": 0.30124080699097106}, "Viability Ceiling": [4, 55, 55, 55]}, "Talonflame": {"Moves": {"uturn": 1.3910857758278679, "fireblast": 1.3910857758278679, "roost": 1.3910857758278679, "willowisp": 1.3910857758278679}, "Checks and Counters": {}, "Abilities": {"noability": 1.3910857758278679}, "Teammates": {"Starmie": 1.3910857758278679, "Iron Boulder": 1.3910857758278679, "Slither Wing": 1.3910857758278679, "Garchomp": 1.3910857758278679, "Empoleon": 1.3910857758278679}, "usage": 0.8219961000000001, "Items": {"heavydutyboots": 1.3910857758278679}, "Raw count": 9, "Spreads": {"Serious:252/252/252/252/252/252": 1.3910857758278679}, "Happiness": {"255": 1.3910857758278679}, "Viability Ceiling": [2, 72, 72, 72]}, "Starmie": {"Moves": {"surf": 0.23618732705534567, "scald": 1.453964457317972, "thunderbolt": 1.453964457317972, "blizzard": 0.0, "thunder": 0.23618732705534567, "psychic": 0.0, "icebeam": 0.0, "thunderwave": 0.0, "rapidspin": 1.6901517843733176, "toxic": 0.0, "hydropump": 0.0, "recover": 1.6901517843733176}, "Checks and Counters": {}, "Abilities": {"noability": 1.6901517843733176}, "Teammates": {"Tyranitar": 0.0, "Snorlax": 0.0, "Tyrantrum": 0.23618732705534567, "Gholdengo": 0.23618732705534567, "Gliscor": 0.23618732705534567, "Charizard": 0.0, "Melmetal": 0.0, "Diancie-Mega": 0.0, "Mew": 0.0, "Exeggutor": 0.0, "Garchomp": 1.3910857758278679, "Shaymin-Sky": 0.0, "Aerodactyl": 0.0, "Latias": 0.0, "Slither Wing": 1.3910857758278679, "Tapu Fini": 0.23618732705534567, "Blacephalon": 0.0, "Talonflame": 1.3910857758278679, "Iron Boulder": 1.3910857758278679, "Suicune": 0.0, "Empoleon": 1.3910857758278679, "Chi-Yu": 0.23618732705534567, "Walking Wake": 0.0}, "usage": 0.9615597, "Items": {"leftovers": 0.23618732705534567, "miracleberry": 0.0, "airballoon": 1.453964457317972, "przcureberry": 0.0}, "Raw count": 22, "Spreads": {"Serious:252/252/252/252/252/252": 1.453964457317972, "Serious:252/0/252/252/252/252": 0.23618732705534567}, "Happiness": {"255": 1.6901517843733176}, "Viability Ceiling": [8, 72, 72, 55]}, "Iron Boulder": {"Moves": {"swordsdance": 1.3910857758278679, "earthquake": 0.0, "mightycleave": 1.3910857758278679, "psychic": 1.3910857758278679, "closecombat": 1.3910857758278679}, "Checks and Counters": {}, "Abilities": {"noability": 1.3910857758278679}, "Teammates": {"Gholdengo": 0.0, "Gliscor": 0.0, "Aerodactyl": 0.0, "Talonflame": 1.3910857758278679, "Starmie": 1.3910857758278679, "Suicune": 0.0, "Latias": 0.0, "Empoleon": 1.3910857758278679, "Slither Wing": 1.3910857758278679, "Mew": 0.0, "Garchomp": 1.3910857758278679, "Shaymin-Sky": 0.0}, "usage": 0.8219961000000001, "Items": {"airballoon": 1.3910857758278679}, "Raw count": 14, "Spreads": {"Serious:252/252/252/252/252/252": 1.3910857758278679}, "Happiness": {"255": 1.3910857758278679}, "Viability Ceiling": [4, 72, 72, 72]}, "Melmetal": {"Moves": {"thunder": 0.0, "thunderwave": 0.12793216142572938, "rest": 0.12793216142572938, "sleeptalk": 0.12793216142572938, "doubleironbash": 0.12793216142572938, "earthquake": 0.0}, "Checks and Counters": {}, "Abilities": {"noability": 0.12793216142572938}, "Teammates": {"Blacephalon": 0.0, "Latios": 0.06505347993562538, "Gliscor": 0.06505347993562538, "Meowscarada": 0.0, "Garchomp": 0.0, "Starmie": 0.0, "Volcanion": 0.0, "Slowking": 0.0, "Terapagos": 0.0, "Suicune": 0.06505347993562538, "Diancie-Mega": 0.0, "Terrakion": 0.0, "Mew": 0.0, "Chi-Yu": 0.06505347993562538, "Slither Wing": 0.0, "Kyurem": 0.0, "Heatran": 0.0, "Walking Wake": 0.0, "Shaymin-Sky": 0.0, "Froslass": 0.06505347993562538}, "usage": 0.038440300000000004, "Items": {"leftovers": 0.0, "airballoon": 0.062878681490104, "marangaberry": 0.06505347993562538}, "Raw count": 17, "Spreads": {"Serious:252/252/252/252/252/252": 0.12793216142572938}, "Happiness": {"255": 0.12793216142572938}, "Viability Ceiling": [8, 55, 55, 55]}, "Suicune": {"Moves": {"surf": 0.0, "scald": 0.06505347993562538, "blizzard": 0.0, "hiddenpowerpsychic": 0.0, "roar": 0.06505347993562538, "calmmind": 0.0, "rest": 0.06505347993562538, "sleeptalk": 0.06505347993562538, "hiddenpowerfire": 0.0, "icebeam": 0.0, "toxic": 0.0, "hydropump": 0.0}, "Checks and Counters": {}, "Abilities": {"noability": 0.06505347993562538}, "Teammates": {"Latios": 0.06505347993562538, "Machamp": 0.0, "Gliscor": 0.06505347993562538, "Ditto": 0.0, "Melmetal": 0.06505347993562538, "Starmie": 0.0, "Iron Boulder": 0.0, "Latias": 0.0, "Mew": 0.0, "Chi-Yu": 0.06505347993562538, "Froslass": 0.06505347993562538, "Heracross": 0.0, "Marowak": 0.0, "Blissey": 0.0, "Shaymin-Sky": 0.0}, "usage": 0.038440300000000004, "Items": {"leftovers": 0.0, "throatspray": 0.06505347993562538, "mysticwater": 0.0}, "Raw count": 15, "Spreads": {"Serious:252/252/252/252/252/252": 0.06505347993562538}, "Happiness": {"255": 0.06505347993562538}, "Viability Ceiling": [6, 55, 55, 55]}, "Empoleon": {"Moves": {"knockoff": 0.0, "flipturn": 0.0, "roost": 1.3910857758278679, "roar": 1.3910857758278679, "stealthrock": 1.3910857758278679, "hydropump": 1.3910857758278679}, "Checks and Counters": {}, "Abilities": {"noability": 1.3910857758278679}, "Teammates": {"Talonflame": 1.3910857758278679, "Starmie": 1.3910857758278679, "Iron Boulder": 1.3910857758278679, "Great Tusk": 0.0, "Slither Wing": 1.3910857758278679, "Mew": 0.0,