{"info": {"team type": null, "cutoff": 1630.0, "cutoff deviation": 0, "metagame": "gen9categoryswap", "number of battles": 7}, "data": {"Moltres-Galar": {"Items": {"weaknesspolicy": 0.0, "sitrusberry": 0.5375960982557315}, "Raw count": 4, "Spreads": {"Modest:0/0/0/252/4/252": 0.0, "Timid:0/0/0/252/4/252": 0.5375960982557315}, "Tera Types": {"dark": 0.5375960982557315}, "Teammates": {"Glimmora": 0.0, "Iron Treads": 0.5375960982557315, "Gouging Fire": 0.5375960982557315, "Grimmsnarl": 0.5375960982557315, "Clodsire": 0.0, "Dragonite": 0.0, "Zoroark-Hisui": 0.5375960982557315, "Lucario": 0.5375960982557315, "Corviknight": 0.0}, "Viability Ceiling": [2, 67, 67, 67], "Abilities": {"berserk": 0.5375960982557315}, "Checks and Counters": {}, "usage": 0.8276981999999999, "Moves": {"agility": 0.0, "acrobatics": 0.5375960982557315, "suckerpunch": 0.5375960982557315, "lashout": 0.5375960982557315, "nastyplot": 0.5375960982557315}, "Happiness": {"255": 0.5375960982557315}}, "Gouging Fire": {"Items": {"boosterenergy": 0.5375960982557315}, "Raw count": 1, "Spreads": {"Jolly:0/252/4/0/0/252": 0.5375960982557315}, "Tera Types": {"fire": 0.5375960982557315}, "Teammates": {"Zoroark-Hisui": 0.5375960982557315, "Iron Treads": 0.5375960982557315, "Lucario": 0.5375960982557315, "Moltres-Galar": 0.5375960982557315, "Grimmsnarl": 0.5375960982557315}, "Viability Ceiling": [1, 67, 67, 67], "Abilities": {"protosynthesis": 0.5375960982557315}, "Checks and Counters": {}, "usage": 0.8276981999999999, "Moves": {"morningsun": 0.5375960982557315, "dragondance": 0.5375960982557315, "fireblast": 0.5375960982557315, "dragonpulse": 0.5375960982557315}, "Happiness": {"255": 0.5375960982557315}}, "Gyarados": {"Items": {"leftovers": 0.07382046047718605, "choicescarf": 0.0}, "Raw count": 3, "Spreads": {"Jolly:0/252/0/0/4/252": 0.07382046047718605, "Adamant:4/252/0/0/0/252": 0.0}, "Tera Types": {"electric": 0.07382046047718605, "ground": 0.0}, "Teammates": {"Pelipper": 0.07382046047718605, "Clodsire": 0.0, "Zoroark": 0.07382046047718605, "Glimmora": 0.07382046047718605, "Keldeo": 0.0, "Palafin": 0.07382046047718605, "Mimikyu": 0.0, "Archaludon": 0.07382046047718605, "Probopass": 0.0}, "Viability Ceiling": [2, 56, 56, 56], "Abilities": {"moxie": 0.07382046047718605}, "Checks and Counters": {}, "usage": 0.1136561, "Moves": {"scald": 0.07382046047718605, "thunderbolt": 0.0, "thunder": 0.07382046047718605, "hurricane": 0.07382046047718605, "icebeam": 0.0, "dragondance": 0.07382046047718605}, "Happiness": {"255": 0.07382046047718605}}, "Zoroark-Hisui": {"Items": {"lifeorb": 0.0, "choicespecs": 0.5375960982557315}, "Raw count": 2, "Spreads": {"Modest:0/0/0/252/4/252": 0.0, "Timid:0/0/0/252/4/252": 0.5375960982557315}, "Tera Types": {"ghost": 0.5375960982557315}, "Teammates": {"Iron Treads": 0.5375960982557315, "Drifblim": 0.0, "Moltres-Galar": 0.5375960982557315, "Grimmsnarl": 0.5375960982557315, "Dudunsparce": 0.0, "Sylveon": 0.0, "Gouging Fire": 0.5375960982557315, "Lucario": 0.5375960982557315, "Azumarill": 0.0, "Mimikyu": 0.0}, "Viability Ceiling": [2, 67, 67, 67], "Abilities": {"illusion": 0.5375960982557315}, "Checks and Counters": {}, "usage": 0.8276981999999999, "Moves": {"shadowsneak": 0.5375960982557315, "poltergeist": 0.5375960982557315, "bodyslam": 0.5375960982557315, "uturn": 0.5375960982557315, "nastyplot": 0.0}, "Happiness": {"255": 0.5375960982557315}}, "Zoroark": {"Items": {"focussash": 0.07382046047718605}, "Raw count": 1, "Spreads": {"Timid:0/0/0/252/4/252": 0.07382046047718605}, "Tera Types": {"fighting": 0.07382046047718605}, "Teammates": {"Glimmora": 0.07382046047718605, "Palafin": 0.07382046047718605, "Gyarados": 0.07382046047718605, "Pelipper": 0.07382046047718605, "Archaludon": 0.07382046047718605}, "Viability Ceiling": [1, 56, 56, 56], "Abilities": {"illusion": 0.07382046047718605}, "Checks and Counters": {}, "usage": 0.1136561, "Moves": {"lowkick": 0.07382046047718605, "suckerpunch": 0.07382046047718605, "knockoff": 0.07382046047718605, "uturn": 0.07382046047718605}, "Happiness": {"255": 0.07382046047718605}}, "Palafin": {"Items": {"choicescarf": 0.07382046047718605}, "Raw count": 1, "Spreads": {"Adamant:0/252/0/0/4/252": 0.07382046047718605}, "Tera Types": {"water": 0.07382046047718605}, "Teammates": {"Glimmora": 0.07382046047718605, "Zoroark": 0.07382046047718605, "Gyarados": 0.07382046047718605, "Pelipper": 0.07382046047718605, "Archaludon": 0.07382046047718605}, "Viability Ceiling": [1, 56, 56, 56], "Abilities": {"zerotohero": 0.07382046047718605}, "Checks and Counters": {}, "usage": 0.1136561, "Moves": {"surf": 0.07382046047718605, "flipturn": 0.07382046047718605, "boomburst": 0.07382046047718605, "icebeam": 0.07382046047718605}, "Happiness": {"255": 0.07382046047718605}}, "Iron Bundle": {"Items": {"boosterenergy": 0.0032387414808582315}, "Raw count": 1, "Spreads": {"Hardy:180/104/0/100/52/72": 0.0032387414808582315}, "Tera Types": {"ice": 0.0032387414808582315}, "Teammates": {"Raging Bolt": 0.0032387414808582315, "Glastrier": 0.0032387414808582315, "Blissey": 0.0032387414808582315, "Slowking-Galar": 0.0032387414808582315, "Kingambit": 0.0032387414808582315}, "Viability Ceiling": [1, 35, 35, 35], "Abilities": {"quarkdrive": 0.0032387414808582315}, "Checks and Counters": {}, "usage": 0.0049865, "Moves": {"uturn": 0.0032387414808582315, "chillingwater": 0.0032387414808582315, "acrobatics": 0.0032387414808582315, "freezedry": 0.0032387414808582315}, "Happiness": {"255": 0.0032387414808582315}}, "Blissey": {"Items": {"punchingglove": 0.0032387414808582315}, "Raw count": 1, "Spreads": {"Bold:252/0/4/252/0/0": 0.0032387414808582315}, "Tera Types": {"normal": 0.0032387414808582315}, "Teammates": {"Raging Bolt": 0.0032387414808582315, "Kingambit": 0.0032387414808582315, "Glastrier": 0.0032387414808582315, "Iron Bundle": 0.0032387414808582315, "Slowking-Galar": 0.0032387414808582315}, "Viability Ceiling": [1, 35, 35, 35], "Abilities": {"serenegrace": 0.0032387414808582315}, "Checks and Counters": {}, "usage": 0.0049865, "Moves": {"bodyslam": 0.0032387414808582315, "icepunch": 0.0032387414808582315, "trailblaze": 0.0032387414808582315, "rockslide": 0.0032387414808582315}, "Happiness": {"255": 0.0032387414808582315}}, "Pecharunt": {"Items": {"blacksludge": 0.034809605930957443}, "Raw count": 1, "Spreads": {"Bold:252/0/32/152/8/64": 0.034809605930957443}, "Tera Types": {"poison": 0.034809605930957443}, "Teammates": {"Enamorus-Therian": 0.034809605930957443, "Skarmory": 0.034809605930957443, "Pelipper": 0.034809605930957443, "Iron Hands": 0.034809605930957443, "Krookodile": 0.034809605930957443}, "Viability Ceiling": [1, 52, 52, 52], "Abilities": {"poisonpuppeteer": 0.034809605930957443}, "Checks and Counters": {}, "usage": 0.0535939, "Moves": {"poltergeist": 0.034809605930957443, "gunkshot": 0.034809605930957443, "recover": 0.034809605930957443, "nastyplot": 0.034809605930957443}, "Happiness": {"255": 0.034809605930957443}}, "Grimmsnarl": {"Items": {"lightclay": 0.5375960982557315}, "Raw count": 1, "Spreads": {"Calm:252/0/4/0/252/0": 0.5375960982557315}, "Tera Types": {"ghost": 0.5375960982557315}, "Teammates": {"Zoroark-Hisui": 0.5375960982557315, "Iron Treads": 0.5375960982557315, "Lucario": 0.5375960982557315, "Moltres-Galar": 0.5375960982557315, "Gouging Fire": 0.5375960982557315}, "Viability Ceiling": [1, 67, 67, 67], "Abilities": {"prankster": 0.5375960982557315}, "Checks and Counters": {}, "usage": 0.8276981999999999, "Moves": {"reflect": 0.5375960982557315, "partingshot": 0.5375960982557315, "lightscreen": 0.5375960982557315, "drainingkiss": 0.5375960982557315}, "Happiness": {"255": 0.5375960982557315}}, "Raging Bolt": {"Items": {"sitrusberry": 0.0032387414808582315}, "Raw count": 1, "Spreads": {"Quiet:252/0/0/252/4/0": 0.0032387414808582315}, "Tera Types": {"electric": 0.0032387414808582315}, "Teammates": {"Glastrier": 0.0032387414808582315, "Blissey": 0.0032387414808582315, "Iron Bundle": 0.0032387414808582315, "Slowking-Galar": 0.0032387414808582315,