{"info": {"team type": null, "cutoff": 1630.0, "cutoff deviation": 0, "metagame": "gen9nationaldexbh", "number of battles": 9}, "data": {"Meloetta": {"Items": {"leftovers": 0.026951787716515574}, "Raw count": 1, "Spreads": {"Adamant:252/252/252/252/252/252": 0.026951787716515574}, "Tera Types": {"normal": 0.026951787716515574}, "Teammates": {"Regirock": 0.026951787716515574, "Regieleki": 0.026951787716515574, "Nihilego": 0.026951787716515574, "Lopunny-Mega": 0.026951787716515574, "Hatterene": 0.026951787716515574}, "Viability Ceiling": [1, 44, 44, 44], "Abilities": {"adaptability": 0.026951787716515574}, "Checks and Counters": {}, "usage": 0.0329448, "Moves": {"drainpunch": 0.026951787716515574, "swordsdance": 0.026951787716515574, "direclaw": 0.026951787716515574, "relicsong": 0.026951787716515574}, "Happiness": {"255": 0.026951787716515574}}, "Regieleki": {"Items": {"razorclaw": 0.026951787716515574, "airballoon": 0.0, "choicespecs": 0.5257456333954459}, "Raw count": 6, "Spreads": {"Timid:252/0/252/252/252/252": 0.5257456333954459, "Hardy:252/252/252/252/252/252": 0.026951787716515574}, "Tera Types": {"electric": 0.5526974211119615}, "Teammates": {"Hatterene": 0.026951787716515574, "Meloetta": 0.026951787716515574, "Koraidon": 0.0, "Shuckle": 0.0, "Nihilego": 0.026951787716515574, "Regirock": 0.026951787716515574, "Arceus-Steel": 0.0, "Kyogre-Primal": 0.5257456333954459, "Lopunny-Mega": 0.026951787716515574, "Kartana": 0.5257456333954459, "Gengar-Mega": 0.0, "Necrozma-Ultra": 0.0, "Heracross-Mega": 0.5257456333954459, "Zacian-Crowned": 0.5257456333954459, "Mewtwo-Mega-Y": 0.5257456333954459}, "Viability Ceiling": [3, 67, 67, 67], "Abilities": {"simple": 0.0, "hadronengine": 0.5257456333954459, "serenegrace": 0.026951787716515574}, "Checks and Counters": {}, "usage": 0.6755961, "Moves": {"aeroblast": 0.026951787716515574, "astralbarrage": 0.5257456333954459, "risingvoltage": 0.5257456333954459, "aquacutter": 0.026951787716515574, "tailglow": 0.0, "voltswitch": 0.5257456333954459, "icebeam": 0.5257456333954459, "electrodrift": 0.0, "drillrun": 0.026951787716515574, "spacialrend": 0.026951787716515574, "moongeistbeam": 0.0}, "Happiness": {"255": 0.5526974211119615}}, "Hatterene": {"Items": {"fairyfeather": 0.026951787716515574}, "Raw count": 1, "Spreads": {"Modest:252/252/252/252/252/252": 0.026951787716515574}, "Tera Types": {"psychic": 0.026951787716515574}, "Teammates": {"Regirock": 0.026951787716515574, "Meloetta": 0.026951787716515574, "Regieleki": 0.026951787716515574, "Nihilego": 0.026951787716515574, "Lopunny-Mega": 0.026951787716515574}, "Viability Ceiling": [1, 44, 44, 44], "Abilities": {"pixilate": 0.026951787716515574}, "Checks and Counters": {}, "usage": 0.0329448, "Moves": {"freezingglare": 0.026951787716515574, "bloodmoon": 0.026951787716515574, "boomburst": 0.026951787716515574, "photongeyser": 0.026951787716515574}, "Happiness": {"255": 0.026951787716515574}}, "Pikachu": {"Items": {"lightball": 0.02765440232076055}, "Raw count": 1, "Spreads": {"Timid:252/0/252/0/252/252": 0.02765440232076055}, "Tera Types": {"electric": 0.02765440232076055}, "Teammates": {"Rayquaza": 0.02765440232076055, "Solgaleo": 0.02765440232076055, "Necrozma-Dawn-Wings": 0.02765440232076055, "Eternatus": 0.02765440232076055, "Kangaskhan": 0.02765440232076055}, "Viability Ceiling": [1, 42, 42, 42], "Abilities": {"imposter": 0.02765440232076055}, "Checks and Counters": {}, "usage": 0.0338037, "Moves": {"lunardance": 0.02765440232076055, "spikes": 0.02765440232076055, "batonpass": 0.02765440232076055, "whirlwind": 0.02765440232076055}, "Happiness": {"255": 0.02765440232076055}}, "Kangaskhan": {"Items": {"nothing": 0.02765440232076055}, "Raw count": 1, "Spreads": {"Hasty:252/252/252/252/252/252": 0.02765440232076055}, "Tera Types": {"normal": 0.02765440232076055}, "Teammates": {"Rayquaza": 0.02765440232076055, "Pikachu": 0.02765440232076055, "Necrozma-Dawn-Wings": 0.02765440232076055, "Solgaleo": 0.02765440232076055, "Eternatus": 0.02765440232076055}, "Viability Ceiling": [1, 42, 42, 42], "Abilities": {"intrepidsword": 0.02765440232076055}, "Checks and Counters": {}, "usage": 0.0338037, "Moves": {"ruination": 0.02765440232076055, "populationbomb": 0.02765440232076055, "extremespeed": 0.02765440232076055, "shadowsneak": 0.02765440232076055}, "Happiness": {"255": 0.02765440232076055}}, "Rayquaza": {"Items": {"nothing": 0.0, "rockyhelmet": 0.0, "choiceband": 0.02765440232076055, "lumberry": 0.0}, "Raw count": 6, "Spreads": {"Adamant:252/252/252/0/252/252": 0.0, "Jolly:252/252/252/0/252/252": 0.02765440232076055}, "Tera Types": {"dragon": 0.02765440232076055}, "Teammates": {"Groudon-Primal": 0.0, "Kangaskhan-Mega": 0.0, "Pikachu": 0.02765440232076055, "Kartana": 0.0, "Kyogre-Primal": 0.0, "Eternatus": 0.02765440232076055, "Kangaskhan": 0.02765440232076055, "Necrozma-Dawn-Wings": 0.02765440232076055, "Solgaleo": 0.02765440232076055, "Zacian-Crowned": 0.0, "empty": 0.0, "Mewtwo-Mega-Y": 0.0}, "Viability Ceiling": [1, 45, 45, 45], "Abilities": {"speedboost": 0.0, "imposter": 0.02765440232076055, "protean": 0.0}, "Checks and Counters": {}, "usage": 0.0338037, "Moves": {"uturn": 0.02765440232076055, "populationbomb": 0.0, "sacredfire": 0.02765440232076055, "extremespeed": 0.0, "swordsdance": 0.0, "crabhammer": 0.02765440232076055, "vcreate": 0.0, "thousandarrows": 0.0, "dragonascent": 0.02765440232076055}, "Happiness": {"255": 0.02765440232076055}}, "Eternatus": {"Items": {"covertcloak": 0.02765440232076055}, "Raw count": 1, "Spreads": {"Hasty:252/252/252/252/252/252": 0.02765440232076055}, "Tera Types": {"poison": 0.02765440232076055}, "Teammates": {"Rayquaza": 0.02765440232076055, "Pikachu": 0.02765440232076055, "Necrozma-Dawn-Wings": 0.02765440232076055, "Solgaleo": 0.02765440232076055, "Kangaskhan": 0.02765440232076055}, "Viability Ceiling": [1, 42, 42, 42], "Abilities": {"corrosion": 0.02765440232076055}, "Checks and Counters": {}, "usage": 0.0338037, "Moves": {"anchorshot": 0.02765440232076055, "fierydance": 0.0553088046415211, "mortalspin": 0.02765440232076055}, "Happiness": {"255": 0.02765440232076055}}, "Nihilego": {"Items": {"rockyhelmet": 0.026951787716515574}, "Raw count": 1, "Spreads": {"Bold:252/252/252/252/252/252": 0.026951787716515574}, "Tera Types": {"flying": 0.026951787716515574}, "Teammates": {"Regirock": 0.026951787716515574, "Meloetta": 0.026951787716515574, "Regieleki": 0.026951787716515574, "Lopunny-Mega": 0.026951787716515574, "Hatterene": 0.026951787716515574}, "Viability Ceiling": [1, 44, 44, 44], "Abilities": {"furcoat": 0.026951787716515574}, "Checks and Counters": {}, "usage": 0.0329448, "Moves": {"powergem": 0.026951787716515574, "snipeshot": 0.026951787716515574, "malignantchain": 0.026951787716515574, "irondefense": 0.026951787716515574}, "Happiness": {"255": 0.026951787716515574}}, "Regirock": {"Items": {"leftovers": 0.026951787716515574}, "Raw count": 1, "Spreads": {"Impish:252/252/252/0/252/252": 0.026951787716515574}, "Tera Types": {"rock": 0.026951787716515574}, "Teammates": {"Meloetta": 0.026951787716515574, "Regieleki": 0.026951787716515574, "Nihilego": 0.026951787716515574, "Lopunny-Mega": 0.026951787716515574, "Hatterene": 0.026951787716515574}, "Viability Ceiling": [1, 44, 44, 44], "Abilities": {"furcoat": 0.026951787716515574}, "Checks and Counters": {}, "usage": 0.0329448, "Moves": {"bodypress": 0.026951787716515574, "swordsdance": 0.026951787716515574, "drainpunch": 0.026951787716515574, "irondefense": 0.026951787716515574}, "Happiness": {"255": 0.026951787716515574}}, "Chansey": {"Items": {"eviolite": 0.2377366582536415}, "Raw count": 3, "Spreads": {"Bold:252/0/252/0/252/252": 0.2377366582536415, "Impish:252/252/252/0/252/252": 0.0}, "Tera Types": {"steel": 0.2377366582536415, "normal": 0.0}, "Teammates": {"Alakazam-Mega": 0.0, "Regigigas": 0.0, "Palafin": 0.0, "Mewtwo-Mega-X": 0.2377366582536415, "Dialga-Origin": 0.2377366582536415, "Blissey": 0.0, "Zacian-Crowned": 0.2377366582536415, "Groudon-Primal": 0.2377366582536415,