{"info": {"team type": null, "cutoff": 1500.0, "cutoff deviation": 0, "metagame": "gen2uu", "number of battles": 1}, "data": {"Kabutops": {"Moves": {"swordsdance": 0.6281228015395679, "bodyslam": 0.6281228015395679, "return": 0.6281228015395679, "frustration": 0.6281228015395679}, "Checks and Counters": {}, "Abilities": {"noability": 0.6281228015395679}, "Teammates": {"Ampharos": 0.6281228015395679, "Chansey": 0.6281228015395679, "Arcanine": 0.6281228015395679, "Slowbro": 0.6281228015395679, "Hypno": 0.6281228015395679}, "usage": 0.6281228, "Items": {"leftovers": 0.6281228015395679}, "Raw count": 1, "Spreads": {"Serious:252/252/252/252/252/252": 0.6281228015395679}, "Happiness": {"0": 0.6281228015395679}, "Viability Ceiling": [1, 55, 55, 55]}, "Raichu": {"Moves": {"thunder": 0.3718771984604321, "thunderbolt": 0.3718771984604321, "thunderpunch": 0.3718771984604321, "zapcannon": 0.3718771984604321}, "Checks and Counters": {}, "Abilities": {"noability": 0.3718771984604321}, "Teammates": {"Arcanine": 0.3718771984604321, "Bulbasaur": 0.3718771984604321, "Blastoise": 0.3718771984604321, "Gyarados": 0.3718771984604321, "Hitmontop": 0.3718771984604321}, "usage": 0.37187719999999996, "Items": {"magnet": 0.3718771984604321}, "Raw count": 1, "Spreads": {"Serious:252/252/252/252/252/252": 0.3718771984604321}, "Happiness": {"255": 0.3718771984604321}, "Viability Ceiling": [1, 45, 45, 45]}, "Ampharos": {"Moves": {"thunderbolt": 0.6281228015395679, "thunderwave": 0.6281228015395679, "return": 0.6281228015395679, "protect": 0.6281228015395679}, "Checks and Counters": {}, "Abilities": {"noability": 0.6281228015395679}, "Teammates": {"Arcanine": 0.6281228015395679, "Chansey": 0.6281228015395679, "Kabutops": 0.6281228015395679, "Slowbro": 0.6281228015395679, "Hypno": 0.6281228015395679}, "usage": 0.6281228, "Items": {"scopelens": 0.6281228015395679}, "Raw count": 1, "Spreads": {"Serious:252/252/252/252/252/252": 0.6281228015395679}, "Happiness": {"255": 0.6281228015395679}, "Viability Ceiling": [1, 55, 55, 55]}, "Gyarados": {"Moves": {"surf": 0.3718771984604321, "hydropump": 0.3718771984604321, "raindance": 0.3718771984604321, "hiddenpowerflying": 0.3718771984604321}, "Checks and Counters": {}, "Abilities": {"noability": 0.3718771984604321}, "Teammates": {"Arcanine": 0.3718771984604321, "Bulbasaur": 0.3718771984604321, "Blastoise": 0.3718771984604321, "Raichu": 0.3718771984604321, "Hitmontop": 0.3718771984604321}, "usage": 0.37187719999999996, "Items": {"mysticwater": 0.3718771984604321}, "Raw count": 1, "Spreads": {"Serious:252/252/252/252/252/252": 0.3718771984604321}, "Happiness": {"255": 0.3718771984604321}, "Viability Ceiling": [1, 45, 45, 45]}, "Slowbro": {"Moves": {"hiddenpowerelectric": 0.6281228015395679, "psychic": 0.6281228015395679, "flamethrower": 0.6281228015395679, "blizzard": 0.6281228015395679}, "Checks and Counters": {}, "Abilities": {"noability": 0.6281228015395679}, "Teammates": {"Ampharos": 0.6281228015395679, "Chansey": 0.6281228015395679, "Kabutops": 0.6281228015395679, "Arcanine": 0.6281228015395679, "Hypno": 0.6281228015395679}, "usage": 0.6281228, "Items": {"leftovers": 0.6281228015395679}, "Raw count": 1, "Spreads": {"Serious:252/252/252/252/252/252": 0.6281228015395679}, "Happiness": {"255": 0.6281228015395679}, "Viability Ceiling": [1, 55, 55, 55]}, "Hypno": {"Moves": {"hypnosis": 0.6281228015395679, "thunderwave": 0.6281228015395679, "shadowball": 0.6281228015395679, "futuresight": 0.6281228015395679}, "Checks and Counters": {}, "Abilities": {"noability": 0.6281228015395679}, "Teammates": {"Ampharos": 0.6281228015395679, "Chansey": 0.6281228015395679, "Kabutops": 0.6281228015395679, "Slowbro": 0.6281228015395679, "Arcanine": 0.6281228015395679}, "usage": 0.6281228, "Items": {"goldberry": 0.6281228015395679}, "Raw count": 1, "Spreads": {"Serious:252/252/252/252/252/252": 0.6281228015395679}, "Happiness": {"255": 0.6281228015395679}, "Viability Ceiling": [1, 55, 55, 55]}, "Arcanine": {"Moves": {"crunch": 0.3718771984604321, "protect": 1.0, "extremespeed": 0.6281228015395679, "toxic": 0.6281228015395679, "fireblast": 0.3718771984604321, "flamethrower": 1.0}, "Checks and Counters": {}, "Abilities": {"noability": 1.0}, "Teammates": {"Kabutops": 0.6281228015395679, "Raichu": 0.3718771984604321, "Gyarados": 0.3718771984604321, "Slowbro": 0.6281228015395679, "Hypno": 0.6281228015395679, "Ampharos": 0.6281228015395679, "Chansey": 0.6281228015395679, "Bulbasaur": 0.3718771984604321, "Hitmontop": 0.3718771984604321, "Blastoise": 0.3718771984604321}, "usage": 1.0, "Items": {"leftovers": 0.6281228015395679, "charcoal": 0.3718771984604321}, "Raw count": 2, "Spreads": {"Serious:252/252/252/252/252/252": 1.0}, "Happiness": {"255": 1.0}, "Viability Ceiling": [2, 55, 55, 55]}, "Chansey": {"Moves": {"toxic": 0.6281228015395679, "protect": 0.6281228015395679, "return": 0.6281228015395679, "softboiled": 0.6281228015395679}, "Checks and Counters": {}, "Abilities": {"noability": 0.6281228015395679}, "Teammates": {"Ampharos": 0.6281228015395679, "Arcanine": 0.6281228015395679, "Kabutops": 0.6281228015395679, "Slowbro": 0.6281228015395679, "Hypno": 0.6281228015395679}, "usage": 0.6281228, "Items": {"luckypunch": 0.6281228015395679}, "Raw count": 1, "Spreads": {"Serious:252/252/252/252/252/252": 0.6281228015395679}, "Happiness": {"255": 0.6281228015395679}, "Viability Ceiling": [1, 55, 55, 55]}, "Bulbasaur": {"Moves": {"toxic": 0.3718771984604321, "razorleaf": 0.3718771984604321, "hiddenpowerfighting": 0.3718771984604321, "gigadrain": 0.3718771984604321}, "Checks and Counters": {}, "Abilities": {"noability": 0.3718771984604321}, "Teammates": {"Arcanine": 0.3718771984604321, "Blastoise": 0.3718771984604321, "Raichu": 0.3718771984604321, "Gyarados": 0.3718771984604321, "Hitmontop": 0.3718771984604321}, "usage": 0.37187719999999996, "Items": {"miracleseed": 0.3718771984604321}, "Raw count": 1, "Spreads": {"Serious:252/252/252/252/252/252": 0.3718771984604321}, "Happiness": {"255": 0.3718771984604321}, "Viability Ceiling": [1, 45, 45, 45]}, "Hitmontop": {"Moves": {"rocksmash": 0.3718771984604321, "triplekick": 0.3718771984604321, "highjumpkick": 0.3718771984604321, "hiddenpowerfighting": 0.3718771984604321}, "Checks and Counters": {}, "Abilities": {"noability": 0.3718771984604321}, "Teammates": {"Arcanine": 0.3718771984604321, "Bulbasaur": 0.3718771984604321, "Raichu": 0.3718771984604321, "Gyarados": 0.3718771984604321, "Blastoise": 0.3718771984604321}, "usage": 0.37187719999999996, "Items": {"blackbelt": 0.3718771984604321}, "Raw count": 1, "Spreads": {"Serious:252/252/252/252/252/252": 0.3718771984604321}, "Happiness": {"255": 0.3718771984604321}, "Viability Ceiling": [1, 45, 45, 45]}, "Blastoise": {"Moves": {"surf": 0.3718771984604321, "hydropump": 0.3718771984604321, "haze": 0.3718771984604321, "rapidspin": 0.3718771984604321}, "Checks and Counters": {}, "Abilities": {"noability": 0.3718771984604321}, "Teammates": {"Arcanine": 0.3718771984604321, "Bulbasaur": 0.3718771984604321, "Raichu": 0.3718771984604321, "Gyarados": 0.3718771984604321, "Hitmontop": 0.3718771984604321}, "usage": 0.37187719999999996, "Items": {"mysticwater": 0.3718771984604321}, "Raw count": 1, "Spreads": {"Serious:252/252/252/252/252/252": 0.3718771984604321}, "Happiness": {"255": 0.3718771984604321}, "Viability Ceiling": [1, 45, 45, 45]}}}