{"info": {"team type": null, "cutoff": 1760.0, "cutoff deviation": 0, "metagame": "gen1rbycap", "number of battles": 7}, "data": {"Starmie": {"Items": {"nothing": 0.0015073712043853216}, "Raw count": 6, "Spreads": {"Serious:252/252/252/252/252/252": 0.0015073712043853216, "Serious:252/0/252/252/252/252": 0.0}, "Tera Types": {"nothing": 0.0015073712043853216}, "Teammates": {"Dugtrio": 0.0, "Aerodactyl": 0.0, "Tauros": 0.0015073712043853216, "Jynx": 0.0015073712043853216, "Rhydon": 0.0015073712043853216, "Chansey": 0.0015073712043853216, "Exeggutor": 0.0, "Alakazam": 0.0, "Jolteon": 0.0, "Snorlax": 0.0015073712043853216, "Electrode": 0.0}, "Viability Ceiling": [5, 59, 59, 59], "Abilities": {"noability": 0.0015073712043853216}, "Checks and Counters": {}, "usage": 0.0090442, "Moves": {"surf": 0.0015073712043853216, "thunderbolt": 0.0015073712043853216, "blizzard": 0.0, "psychic": 0.0, "thunderwave": 0.0015073712043853216, "hydropump": 0.0, "recover": 0.0015073712043853216}, "Happiness": {"255": 0.0015073712043853216}}, "Tauros": {"Items": {"nothing": 0.0015073712043853216}, "Raw count": 7, "Spreads": {"Serious:252/252/252/252/252/252": 0.0015073712043853216}, "Tera Types": {"nothing": 0.0015073712043853216}, "Teammates": {"Victreebel": 0.0, "Charizard": 0.0, "Starmie": 0.0015073712043853216, "Slowbro": 0.0, "Jynx": 0.0015073712043853216, "Rhydon": 0.0015073712043853216, "Chansey": 0.0015073712043853216, "Exeggutor": 0.0, "Snorlax": 0.0015073712043853216, "Gengar": 0.0, "Zapdos": 0.0, "Alakazam": 0.0}, "Viability Ceiling": [6, 59, 59, 55], "Abilities": {"noability": 0.0015073712043853216}, "Checks and Counters": {}, "usage": 0.0090442, "Moves": {"bodyslam": 0.0015073712043853216, "thunderbolt": 0.0, "blizzard": 0.0015073712043853216, "hyperbeam": 0.0015073712043853216, "earthquake": 0.0015073712043853216}, "Happiness": {"255": 0.0015073712043853216}}, "Jynx": {"Items": {"nothing": 0.0015073712043853216}, "Raw count": 3, "Spreads": {"Serious:252/252/252/252/252/252": 0.0015073712043853216, "Serious:252/0/252/252/252/252": 0.0}, "Tera Types": {"nothing": 0.0015073712043853216}, "Teammates": {"Starmie": 0.0015073712043853216, "Rhydon": 0.0015073712043853216, "Chansey": 0.0015073712043853216, "Tauros": 0.0015073712043853216, "Snorlax": 0.0015073712043853216}, "Viability Ceiling": [3, 47, 47, 47], "Abilities": {"noability": 0.0015073712043853216}, "Checks and Counters": {}, "usage": 0.0090442, "Moves": {"psychic": 0.0015073712043853216, "lovelykiss": 0.0015073712043853216, "blizzard": 0.0015073712043853216, "rest": 0.0015073712043853216}, "Happiness": {"255": 0.0015073712043853216}}, "Rhydon": {"Items": {"nothing": 0.0015073712043853216}, "Raw count": 7, "Spreads": {"Serious:252/252/252/252/252/252": 0.0015073712043853216}, "Tera Types": {"nothing": 0.0015073712043853216}, "Teammates": {"Charizard": 0.0, "Starmie": 0.0015073712043853216, "Pidgeot": 0.0, "Tauros": 0.0015073712043853216, "Slowbro": 0.0, "Jynx": 0.0015073712043853216, "Arcanine": 0.0, "Chansey": 0.0015073712043853216, "Exeggutor": 0.0, "Snorlax": 0.0015073712043853216, "Zapdos": 0.0, "Alakazam": 0.0, "Blastoise": 0.0}, "Viability Ceiling": [6, 59, 59, 56], "Abilities": {"noability": 0.0015073712043853216}, "Checks and Counters": {}, "usage": 0.0090442, "Moves": {"rockslide": 0.0, "rest": 0.0, "bodyslam": 0.0015073712043853216, "seismictoss": 0.0, "tailwhip": 0.0015073712043853216, "earthquake": 0.0015073712043853216, "substitute": 0.0015073712043853216}, "Happiness": {"255": 0.0015073712043853216}}, "Chansey": {"Items": {"nothing": 0.0015073712043853216}, "Raw count": 5, "Spreads": {"Serious:252/252/252/252/252/252": 0.0015073712043853216, "Serious:252/0/252/252/252/252": 0.0}, "Tera Types": {"nothing": 0.0015073712043853216}, "Teammates": {"Starmie": 0.0015073712043853216, "Tauros": 0.0015073712043853216, "Jynx": 0.0015073712043853216, "Rhydon": 0.0015073712043853216, "Exeggutor": 0.0, "Snorlax": 0.0015073712043853216, "Alakazam": 0.0}, "Viability Ceiling": [4, 59, 59, 59], "Abilities": {"noability": 0.0015073712043853216}, "Checks and Counters": {}, "usage": 0.0090442, "Moves": {"thunderbolt": 0.0015073712043853216, "softboiled": 0.0015073712043853216, "reflect": 0.0, "thunderwave": 0.0015073712043853216, "icebeam": 0.0015073712043853216, "sing": 0.0, "seismictoss": 0.0}, "Happiness": {"255": 0.0015073712043853216}}, "Snorlax": {"Items": {"nothing": 0.0015073712043853216}, "Raw count": 7, "Spreads": {"Serious:252/252/252/252/252/252": 0.0015073712043853216}, "Tera Types": {"nothing": 0.0015073712043853216}, "Teammates": {"Victreebel": 0.0, "Starmie": 0.0015073712043853216, "Dragonite": 0.0, "Tauros": 0.0015073712043853216, "Jynx": 0.0015073712043853216, "Rhydon": 0.0015073712043853216, "Chansey": 0.0015073712043853216, "Exeggutor": 0.0, "Alakazam": 0.0, "Gengar": 0.0, "Zapdos": 0.0, "Poliwrath": 0.0}, "Viability Ceiling": [6, 59, 59, 56], "Abilities": {"noability": 0.0015073712043853216}, "Checks and Counters": {}, "usage": 0.0090442, "Moves": {"selfdestruct": 0.0, "blizzard": 0.0, "rest": 0.0015073712043853216, "reflect": 0.0015073712043853216, "bodyslam": 0.0015073712043853216, "amnesia": 0.0, "fireblast": 0.0, "earthquake": 0.0, "hyperbeam": 0.0015073712043853216}, "Happiness": {"255": 0.0015073712043853216}}}}