{"info": {"team type": null, "cutoff": 1630.0, "cutoff deviation": 0, "metagame": "gen1rbycap", "number of battles": 7}, "data": {"Starmie": {"Items": {"nothing": 0.053622673256331355}, "Raw count": 6, "Spreads": {"Serious:252/252/252/252/252/252": 0.053622673256331355, "Serious:252/0/252/252/252/252": 0.0}, "Tera Types": {"nothing": 0.053622673256331355}, "Teammates": {"Dugtrio": 0.0, "Aerodactyl": 0.0, "Tauros": 0.053622673256331355, "Jynx": 0.053622673256331355, "Rhydon": 0.053622673256331355, "Chansey": 0.053622673256331355, "Exeggutor": 0.0, "Alakazam": 0.0, "Jolteon": 0.0, "Snorlax": 0.053622673256331355, "Electrode": 0.0}, "Viability Ceiling": [5, 59, 59, 59], "Abilities": {"noability": 0.053622673256331355}, "Checks and Counters": {}, "usage": 0.321736, "Moves": {"surf": 0.053622673256331355, "thunderbolt": 0.053622673256331355, "blizzard": 0.0, "psychic": 0.0, "thunderwave": 0.053622673256331355, "hydropump": 0.0, "recover": 0.053622673256331355}, "Happiness": {"255": 0.053622673256331355}}, "Tauros": {"Items": {"nothing": 0.053622673256331355}, "Raw count": 7, "Spreads": {"Serious:252/252/252/252/252/252": 0.053622673256331355}, "Tera Types": {"nothing": 0.053622673256331355}, "Teammates": {"Victreebel": 0.0, "Charizard": 0.0, "Starmie": 0.053622673256331355, "Slowbro": 0.0, "Jynx": 0.053622673256331355, "Rhydon": 0.053622673256331355, "Chansey": 0.053622673256331355, "Exeggutor": 0.0, "Snorlax": 0.053622673256331355, "Gengar": 0.0, "Zapdos": 0.0, "Alakazam": 0.0}, "Viability Ceiling": [6, 59, 59, 55], "Abilities": {"noability": 0.053622673256331355}, "Checks and Counters": {}, "usage": 0.321736, "Moves": {"bodyslam": 0.053622673256331355, "thunderbolt": 0.0, "blizzard": 0.053622673256331355, "hyperbeam": 0.053622673256331355, "earthquake": 0.053622673256331355}, "Happiness": {"255": 0.053622673256331355}}, "Jynx": {"Items": {"nothing": 0.053622673256331355}, "Raw count": 3, "Spreads": {"Serious:252/252/252/252/252/252": 0.053622673256331355, "Serious:252/0/252/252/252/252": 0.0}, "Tera Types": {"nothing": 0.053622673256331355}, "Teammates": {"Starmie": 0.053622673256331355, "Rhydon": 0.053622673256331355, "Chansey": 0.053622673256331355, "Tauros": 0.053622673256331355, "Snorlax": 0.053622673256331355}, "Viability Ceiling": [3, 47, 47, 47], "Abilities": {"noability": 0.053622673256331355}, "Checks and Counters": {}, "usage": 0.321736, "Moves": {"psychic": 0.053622673256331355, "lovelykiss": 0.053622673256331355, "blizzard": 0.053622673256331355, "rest": 0.053622673256331355}, "Happiness": {"255": 0.053622673256331355}}, "Rhydon": {"Items": {"nothing": 0.053622673256331355}, "Raw count": 7, "Spreads": {"Serious:252/252/252/252/252/252": 0.053622673256331355}, "Tera Types": {"nothing": 0.053622673256331355}, "Teammates": {"Charizard": 0.0, "Starmie": 0.053622673256331355, "Pidgeot": 0.0, "Tauros": 0.053622673256331355, "Slowbro": 0.0, "Jynx": 0.053622673256331355, "Arcanine": 0.0, "Chansey": 0.053622673256331355, "Exeggutor": 0.0, "Snorlax": 0.053622673256331355, "Zapdos": 0.0, "Alakazam": 0.0, "Blastoise": 0.0}, "Viability Ceiling": [6, 59, 59, 56], "Abilities": {"noability": 0.053622673256331355}, "Checks and Counters": {}, "usage": 0.321736, "Moves": {"rockslide": 0.0, "rest": 0.0, "bodyslam": 0.053622673256331355, "seismictoss": 0.0, "tailwhip": 0.053622673256331355, "earthquake": 0.053622673256331355, "substitute": 0.053622673256331355}, "Happiness": {"255": 0.053622673256331355}}, "Chansey": {"Items": {"nothing": 0.053622673256331355}, "Raw count": 5, "Spreads": {"Serious:252/252/252/252/252/252": 0.053622673256331355, "Serious:252/0/252/252/252/252": 0.0}, "Tera Types": {"nothing": 0.053622673256331355}, "Teammates": {"Starmie": 0.053622673256331355, "Tauros": 0.053622673256331355, "Jynx": 0.053622673256331355, "Rhydon": 0.053622673256331355, "Exeggutor": 0.0, "Snorlax": 0.053622673256331355, "Alakazam": 0.0}, "Viability Ceiling": [4, 59, 59, 59], "Abilities": {"noability": 0.053622673256331355}, "Checks and Counters": {}, "usage": 0.321736, "Moves": {"thunderbolt": 0.053622673256331355, "softboiled": 0.053622673256331355, "reflect": 0.0, "thunderwave": 0.053622673256331355, "icebeam": 0.053622673256331355, "sing": 0.0, "seismictoss": 0.0}, "Happiness": {"255": 0.053622673256331355}}, "Snorlax": {"Items": {"nothing": 0.053622673256331355}, "Raw count": 7, "Spreads": {"Serious:252/252/252/252/252/252": 0.053622673256331355}, "Tera Types": {"nothing": 0.053622673256331355}, "Teammates": {"Victreebel": 0.0, "Starmie": 0.053622673256331355, "Dragonite": 0.0, "Tauros": 0.053622673256331355, "Jynx": 0.053622673256331355, "Rhydon": 0.053622673256331355, "Chansey": 0.053622673256331355, "Exeggutor": 0.0, "Alakazam": 0.0, "Gengar": 0.0, "Zapdos": 0.0, "Poliwrath": 0.0}, "Viability Ceiling": [6, 59, 59, 56], "Abilities": {"noability": 0.053622673256331355}, "Checks and Counters": {}, "usage": 0.321736, "Moves": {"selfdestruct": 0.0, "blizzard": 0.0, "rest": 0.053622673256331355, "reflect": 0.053622673256331355, "bodyslam": 0.053622673256331355, "amnesia": 0.0, "fireblast": 0.0, "earthquake": 0.0, "hyperbeam": 0.053622673256331355}, "Happiness": {"255": 0.053622673256331355}}}}