{"info": {"team type": null, "cutoff": 1630.0, "cutoff deviation": 0, "metagame": "gen3uu", "number of battles": 13}, "data": {"Granbull": {"Moves": {"protect": 0.0, "return": 9.253042776435905e-12, "metronome": 0.0, "smellingsalts": 0.0170465137514777, "shadowball": 9.253042776435905e-12, "focuspunch": 0.0170465137514777, "counter": 0.0, "rest": 0.0, "sleeptalk": 0.0, "bodyslam": 0.0170465137514777, "healbell": 9.253042776435905e-12, "earthquake": 9.253042776435905e-12, "substitute": 0.0170465137514777}, "Checks and Counters": {}, "Abilities": {"intimidate": 0.01704651376073074}, "Teammates": {"Chimecho": 9.253042776435905e-12, "Golem": 0.0, "Haunter": 9.253042776435905e-12, "Primeape": 0.014255674928172868, "Grumpig": 0.014255674928172868, "Banette": 0.0, "Scyther": 9.253042776435905e-12, "Fearow": 9.253042776435905e-12, "Arcanine": 0.0, "Persian": 0.0, "Sandslash": 0.0, "Hitmonchan": 9.253042776435905e-12, "Lunatone": 0.0, "Clefable": 0.014255674928172868, "Azumarill": 0.014255674928172868, "Mr. Mime": 0.0, "Vileplume": 0.0, "Rapidash": 0.014255674928172868, "Poliwrath": 0.0}, "usage": 0.0091481, "Items": {"leftovers": 0.01704651376073074}, "Raw count": 13, "Spreads": {"Careful:200/148/56/0/104/0": 0.014255674928172868, "Sassy:248/0/8/0/252/0": 0.0, "Careful:0/252/104/0/150/0": 0.002790838823304831, "Impish:252/0/252/0/0/4": 0.0, "Impish:252/68/188/0/0/0": 9.253042776435905e-12}, "Happiness": {"255": 0.01704651376073074}, "Viability Ceiling": [7, 60, 60, 55]}, "Primeape": {"Moves": {"counter": 0.0, "return": 0.014255674928172868, "dig": 0.0, "bulkup": 0.0, "aerialace": 0.014255674928172868, "crosschop": 0.014255674928172868, "hiddenpowerghost": 0.014255674928172868, "earthquake": 0.0}, "Checks and Counters": {}, "Abilities": {"vitalspirit": 0.014255674928172868}, "Teammates": {"Granbull": 0.014255674928172868, "Grumpig": 0.014255674928172868, "Altaria": 0.0, "Aggron": 0.0, "Arcanine": 0.0, "Rapidash": 0.014255674928172868, "Clefable": 0.014255674928172868, "Azumarill": 0.014255674928172868, "Electrode": 0.0, "empty": 0.0}, "usage": 0.0091481, "Items": {"lumberry": 0.0, "choiceband": 0.014255674928172868}, "Raw count": 3, "Spreads": {"Jolly:4/252/0/0/0/252": 0.014255674928172868, "Hardy:116/140/148/0/0/104": 0.0}, "Happiness": {"255": 0.014255674928172868}, "Viability Ceiling": [2, 45, 45, 45]}, "Scyther": {"Moves": {"hiddenpowerbug": 0.0, "hiddenpowerground": 0.0, "return": 0.002790838823304831, "doubleedge": 0.0, "steelwing": 0.0, "aerialace": 0.002790838823304831, "swordsdance": 0.407348558097747, "silverwind": 0.002790838823304831, "hiddenpowerflying": 0.40734855808849396, "substitute": 0.407348558097747, "reversal": 0.40734855808849396, "morningsun": 0.0, "hiddenpowerrock": 9.253042776435905e-12, "quickattack": 0.0027908388325578737}, "Checks and Counters": {}, "Abilities": {"swarm": 0.41013939692105184}, "Teammates": {"Wailord": 0.0, "Banette": 0.0, "Fearow": 9.253042776435905e-12, "Sandslash": 0.1341810154449572, "Kangaskhan": 0.1341810154449572, "Gorebyss": 0.1341810154449572, "Muk": 0.0, "Haunter": 9.253042776435905e-12, "Camerupt": 0.0, "Ampharos": 0.0, "Shuckle": 0.0, "Hypno": 0.0, "Jumpluff": 0.0, "Hitmonchan": 9.253042776435905e-12, "Granbull": 9.253042776435905e-12, "Tentacruel": 0.0, "Misdreavus": 0.0, "Solrock": 0.0, "Lunatone": 0.0, "Azumarill": 0.0, "Vileplume": 0.0, "Glalie": 0.1341810154449572, "Chimecho": 9.253042776435905e-12, "Murkrow": 0.0, "Arcanine": 0.0, "Omastar": 0.0, "Walrein": 0.0, "Electrode": 0.1341810154449572}, "usage": 0.0861064, "Items": {"liechiberry": 9.253042776435905e-12, "salacberry": 0.40734855808849396, "choiceband": 0.002790838823304831, "lumberry": 0.0}, "Raw count": 14, "Spreads": {"Jolly:4/252/0/0/0/252": 0.41013939692105184, "Jolly:0/96/0/0/160/252": 0.0, "Jolly:0/252/0/0/4/252": 0.0}, "Happiness": {"255": 0.41013939692105184}, "Viability Ceiling": [8, 57, 57, 57]}, "Gorebyss": {"Moves": {"surf": 0.40734855808849396, "hydropump": 0.40734855808849396, "raindance": 0.40734855808849396, "psychic": 0.40734855808849396}, "Checks and Counters": {}, "Abilities": {"swiftswim": 0.40734855808849396}, "Teammates": {"Camerupt": 0.0, "Scyther": 0.1341810154449572, "Sandslash": 0.1341810154449572, "Kangaskhan": 0.1341810154449572, "Electrode": 0.1341810154449572, "Glalie": 0.1341810154449572}, "usage": 0.0861064, "Items": {"mysticwater": 0.40734855808849396}, "Raw count": 5, "Spreads": {"Timid:4/0/0/252/0/252": 0.40734855808849396}, "Happiness": {"255": 0.40734855808849396}, "Viability Ceiling": [2, 57, 57, 57]}, "Grumpig": {"Moves": {"magiccoat": 0.014255674928172868, "psychic": 0.014255674928172868, "firepunch": 0.014255674928172868, "calmmind": 0.014255674928172868}, "Checks and Counters": {}, "Abilities": {"owntempo": 0.014255674928172868}, "Teammates": {"Clefable": 0.014255674928172868, "Granbull": 0.014255674928172868, "Azumarill": 0.014255674928172868, "Primeape": 0.014255674928172868, "Rapidash": 0.014255674928172868}, "usage": 0.0091481, "Items": {"leftovers": 0.014255674928172868}, "Raw count": 2, "Spreads": {"Calm:4/0/0/252/252/0": 0.014255674928172868}, "Happiness": {"255": 0.014255674928172868}, "Viability Ceiling": [1, 41, 41, 41]}, "Kangaskhan": {"Moves": {"return": 0.0, "shadowball": 0.40734855808849396, "rest": 0.0, "yawn": 0.40734855808849396, "doubleedge": 0.40734855808849396, "wish": 0.0, "toxic": 0.0, "earthquake": 0.40734855808849396}, "Checks and Counters": {}, "Abilities": {"earlybird": 0.40734855808849396}, "Teammates": {"Camerupt": 0.0, "Electrode": 0.1341810154449572, "Tentacruel": 0.0, "Solrock": 0.0, "Vileplume": 0.0, "Ampharos": 0.0, "Sandslash": 0.1341810154449572, "Scyther": 0.1341810154449572, "Gorebyss": 0.1341810154449572, "Glalie": 0.1341810154449572}, "usage": 0.0861064, "Items": {"leftovers": 0.40734855808849396}, "Raw count": 9, "Spreads": {"Adamant:0/252/0/0/4/252": 0.40734855808849396, "Careful:252/0/112/0/128/16": 0.0}, "Happiness": {"255": 0.40734855808849396}, "Viability Ceiling": [3, 57, 57, 57]}, "Misdreavus": {"Moves": {"thunderbolt": 0.002790838823304831, "shadowball": 1.409880369554729, "psychic": 0.002790838823304831, "rest": 1.409880369554729, "calmmind": 0.0, "imprison": 1.409880369554729, "toxic": 1.409880369554729, "destinybond": 0.002790838823304831, "substitute": 0.002790838823304831}, "Checks and Counters": {}, "Abilities": {"levitate": 1.412671208378034}, "Teammates": {"Wailord": 0.0, "Scyther": 0.0, "Walrein": 1.409880369554729, "Hypno": 0.0, "Arcanine": 0.0, "Lunatone": 0.0, "Ninjask": 1.409880369554729, "Hitmontop": 1.409880369554729, "Electrode": 1.409880369554729, "Qwilfish": 1.409880369554729}, "usage": 0.9047455, "Items": {"leftovers": 1.412671208378034}, "Raw count": 4, "Spreads": {"Calm:252/0/176/0/16/64": 0.0, "Timid:4/0/0/252/0/252": 0.002790838823304831, "Impish:252/4/252/0/0/0": 1.409880369554729}, "Happiness": {"255": 1.412671208378034}, "Viability Ceiling": [3, 72, 72, 72]}, "Sandslash": {"Moves": {"rockslide": 0.40734855808849396, "rest": 0.0, "swordsdance": 0.40734855808849396, "doubleedge": 0.40734855808849396, "rapidspin": 0.0, "toxic": 0.0, "earthquake": 0.40734855808849396}, "Checks and Counters": {}, "Abilities": {"sandveil": 0.40734855808849396}, "Teammates": {"Granbull": 0.0, "Gorebyss": 0.1341810154449572, "Scyther": 0.1341810154449572, "Arcanine": 0.0, "Vileplume": 0.0, "Lunatone": 0.0, "Kangaskhan": 0.1341810154449572, "Electrode": 0.1341810154449572, "Glalie": 0.1341810154449572, "Poliwrath": 0.0}, "usage": 0.0861064, "Items": {"leftovers": 0.40734855808849396}, "Raw count": 7, "Spreads": {"Jolly:4/252/0/0/0/252": 0.40734855808849396, "Careful:252/0/0/0/252/4": 0.0}, "Happiness": {"255": 0.40734855808849396}, "Viability Ceiling": [4, 55, 55, 55]}, "Rapidash": {"Moves": {"return": 0.014255674928172868, "quickattack": 0.014255674928172868, "bounce": 0.014255674928172868, "doublekick": 0.014255674928172868}, "Checks and Counters": {}, "Abilities": {"runaway": 0.014255674928172868}, "Teammates": {"Clefable": 0.014255674928172868,