{"info": {"metagame": "gen1pu", "cutoff": 1760.0, "cutoff deviation": 0, "team type": null, "number of battles": 23}, "data": {"Golduck": {"Raw count": 41, "Viability Ceiling": [14, 74, 74, 60], "Abilities": {"noability": 0.12495017443932788}, "Items": {"nothing": 0.12495017443932788}, "Spreads": {"Serious:252/252/252/252/252/252": 0.12495017443932788}, "Moves": {"surf": 0.12149188347458545, "blizzard": 0.12149188347458545, "amnesia": 0.12495017443932788, "seismictoss": 0.11723562273403498, "rest": 0.004966996468173501, "hydropump": 0.0, "icebeam": 0.0, "disable": 0.0, "counter": 0.0027475552371193923, "confusion": 0.0034582909647424276, "substitute": 0.0034582909647424276, "bodyslam": 0.0}, "Tera Types": {"nothing": 0.12495017443932788}, "Happiness": {"255": 0.12495017443932788}, "Teammates": {"Magmar": 0.11637886316968432, "Rapidash": 0.11998317797115438, "Nidoking": 0.1234414689358968, "Porygon": 0.11906852709311161, "Pidgeot": 0.11688584374273903, "Venusaur": 0.007831232807527622, "Kingler": 0.0, "Wigglytuff": 0.000349778991295957, "Machamp": 0.0, "Scyther": 0.004023162851489237, "Pikachu": 0.0, "Gastly": 0.0027475552371193923, "Pinsir": 0.0, "Abra": 0.0008849947356199261, "Staryu": 0.0016953906055500179, "Sandslash": 0.003012366602125116, "Primeape": 0.0009049819361706124, "Dragonair": 0.0, "Flareon": 0.0, "Muk": 0.0, "Meowth": 0.0, "Seaking": 0.0, "Omanyte": 0.0, "Nidoqueen": 0.0}, "Checks and Counters": {}, "usage": 0.7406488}, "Nidoking": {"Raw count": 28, "Viability Ceiling": [12, 74, 74, 60], "Abilities": {"noability": 0.12495017443932788}, "Items": {"nothing": 0.12495017443932788}, "Spreads": {"Serious:252/252/252/252/252/252": 0.12495017443932788}, "Moves": {"blizzard": 0.12495017443932788, "earthquake": 0.12495017443932788, "fireblast": 0.11711894163180026, "thunderbolt": 0.12495017443932788, "substitute": 0.0, "bodyslam": 0.0016253866056658017, "megakick": 0.0, "hyperbeam": 0.0027475552371193923, "surf": 0.0034582909647424276, "rockslide": 0.0}, "Tera Types": {"nothing": 0.12495017443932788}, "Happiness": {"255": 0.12495017443932788}, "Teammates": {"Magmar": 0.11637886316968432, "Rapidash": 0.11998317797115438, "Golduck": 0.1234414689358968, "Porygon": 0.11906852709311161, "Pidgeot": 0.11688584374273903, "Scyther": 0.004023162851489237, "Venusaur": 0.007831232807527622, "Pikachu": 0.0, "Machamp": 0.0, "Gastly": 0.0027475552371193923, "Pinsir": 0.0, "Abra": 0.0008849947356199261, "Staryu": 0.0016953906055500179, "Sandslash": 0.003012366602125116, "Primeape": 0.0009049819361706124, "Wigglytuff": 0.000349778991295957, "Kingler": 0.0, "Seaking": 0.0, "Muk": 0.0, "Exeggcute": 0.0}, "Checks and Counters": {}, "usage": 0.7406488}, "Rapidash": {"Raw count": 34, "Viability Ceiling": [15, 74, 74, 60], "Abilities": {"noability": 0.12149188347458545}, "Items": {"nothing": 0.12149188347458545}, "Spreads": {"Serious:252/252/252/252/252/252": 0.12149188347458545, "Serious:252/0/252/252/252/252": 0.0}, "Moves": {"fireblast": 0.12149188347458545, "bodyslam": 0.11874432823746606, "hyperbeam": 0.12149188347458545, "firespin": 0.12149188347458545, "agility": 0.0027475552371193923, "toxic": 0.0, "substitute": 0.0, "stomp": 0.0, "doubleedge": 0.0, "growl": 0.0}, "Tera Types": {"nothing": 0.12149188347458545}, "Happiness": {"255": 0.12149188347458545}, "Teammates": {"Magmar": 0.11561023612836918, "Golduck": 0.11998317797115438, "Nidoking": 0.11998317797115438, "Porygon": 0.11561023612836918, "Pidgeot": 0.11688584374273903, "Venusaur": 0.004372941842785194, "Kingler": 0.0, "Wigglytuff": 0.000349778991295957, "Machamp": 0.0, "Scyther": 0.004023162851489237, "Drowzee": 0.0, "Sandslash": 0.0, "Dragonair": 0.0, "Nidoqueen": 0.0, "Staryu": 0.0, "Gastly": 0.0027475552371193923, "Omanyte": 0.0, "Abra": 0.000349778991295957, "Vileplume": 0.0, "Seaking": 0.0, "Muk": 0.0, "Exeggcute": 0.0, "Pinsir": 0.0}, "Checks and Counters": {}, "usage": 0.7198990999999999}, "Porygon": {"Raw count": 15, "Viability Ceiling": [7, 74, 74, 67], "Abilities": {"noability": 0.11906852709311161}, "Items": {"nothing": 0.11906852709311161}, "Spreads": {"Serious:252/252/252/252/252/252": 0.11906852709311161}, "Moves": {"psychic": 0.11561023612836918, "thunderwave": 0.11906852709311161, "agility": 0.11906852709311161, "recover": 0.11906852709311161, "hyperbeam": 0.0, "psybeam": 0.0034582909647424276, "thunderbolt": 0.0, "blizzard": 0.0, "icebeam": 0.0, "sharpen": 0.0, "reflect": 0.0}, "Tera Types": {"nothing": 0.11906852709311161}, "Happiness": {"255": 0.11906852709311161}, "Teammates": {"Magmar": 0.11637886316968432, "Rapidash": 0.11561023612836918, "Golduck": 0.11906852709311161, "Nidoking": 0.11906852709311161, "Pidgeot": 0.11561023612836918, "Staryu": 0.0016953906055500179, "Venusaur": 0.0034582909647424276, "Sandslash": 0.003012366602125116, "Primeape": 0.0009049819361706124, "Wigglytuff": 0.0, "Scyther": 0.0, "Abra": 0.0005352157443239691, "Exeggcute": 0.0, "Nidoqueen": 0.0, "Graveler": 0.0, "Omanyte": 0.0}, "Checks and Counters": {}, "usage": 0.7144112}, "Pidgeot": {"Raw count": 9, "Viability Ceiling": [5, 74, 74, 74], "Abilities": {"noability": 0.11688584374273903}, "Items": {"nothing": 0.11688584374273903}, "Spreads": {"Serious:252/252/252/252/252/252": 0.11688584374273903}, "Moves": {"doubleedge": 0.11688584374273903, "hyperbeam": 0.11688584374273903, "agility": 0.11688584374273903, "skyattack": 0.11561023612836918, "wingattack": 0.0012756076143698447, "mirrormove": 0.0, "rest": 0.0, "bide": 0.0, "toxic": 0.0, "quickattack": 0.0}, "Tera Types": {"nothing": 0.11688584374273903}, "Happiness": {"255": 0.11688584374273903}, "Teammates": {"Magmar": 0.11561023612836918, "Rapidash": 0.11688584374273903, "Golduck": 0.11688584374273903, "Nidoking": 0.11688584374273903, "Porygon": 0.11561023612836918, "Scyther": 0.0012756076143698447, "Venusaur": 0.0012756076143698447, "Pikachu": 0.0, "Machamp": 0.0, "Sandslash": 0.0, "Kingler": 0.0, "Pinsir": 0.0}, "Checks and Counters": {}, "usage": 0.7013151000000001}, "Magmar": {"Raw count": 9, "Viability Ceiling": [4, 74, 74, 74], "Abilities": {"noability": 0.11637886316968432}, "Items": {"nothing": 0.11637886316968432}, "Spreads": {"Serious:252/252/252/252/252/252": 0.11637886316968432}, "Moves": {"fireblast": 0.11561023612836918, "hyperbeam": 0.11561023612836918, "psychic": 0.11561023612836918, "counter": 0.11561023612836918, "bodyslam": 0.0, "confuseray": 0.0007686270413151397, "smokescreen": 0.0007686270413151397, "flamethrower": 0.0007686270413151397, "toxic": 0.0007686270413151397}, "Tera Types": {"nothing": 0.11637886316968432}, "Happiness": {"255": 0.11637886316968432}, "Teammates": {"Rapidash": 0.11561023612836918, "Golduck": 0.11637886316968432, "Nidoking": 0.11637886316968432, "Porygon": 0.11637886316968432, "Pidgeot": 0.11561023612836918, "Venusaur": 0.0007686270413151397, "Sandslash": 0.0003227026786978282, "Abra": 0.0004459243626173115, "Wigglytuff": 0.0}, "Checks and Counters": {}, "usage": 0.6982732}, "Venusaur": {"Raw count": 36, "Viability Ceiling": [13, 60, 60, 58], "Abilities": {"noability": 0.009339938310958695}, "Items": {"nothing": 0.009339938310958695}, "Spreads": {"Serious:252/252/252/252/252/252": 0.009339938310958695, "Serious:252/0/252/252/252/252": 0.0}, "Moves": {"sleeppowder": 0.009339938310958695, "hyperbeam": 0.004372941842785194, "razorleaf": 0.005881647346216268, "swordsdance": 0.00806433069658885, "bodyslam": 0.006242604082543346, "megadrain": 0.0, "leechseed": 0.0034582909647424276, "rest": 0.0, "toxic": 0.0, "solarbeam": 0.0}, "Tera Types": {"nothing": 0.009339938310958695}, "Happiness": {"255": 0.009339938310958695}, "Teammates": {"Rapidash": 0.004372941842785194, "Kingler": 0.0, "Golduck": 0.007831232807527622, "Wigglytuff": 0.000349778991295957, "Machamp": 0.0, "Pidgeot": 0.0012756076143698447, "Nidoking": 0.007831232807527622, "Scyther": 0.004023162851489237, "Pikachu": 0.0, "Gastly": 0.0027475552371193923, "Pinsir": 0.0, "Abra": 0.0008849947356199261, "Staryu": 0.0016953906055500179,