{"info": {"metagame": "gen9aprilfoolsday", "cutoff": 1760.0, "cutoff deviation": 0, "team type": null, "number of battles": 6257}, "data": {"Leafeon": {"Raw count": 83496, "Viability Ceiling": [6390, 76, 67, 55], "Abilities": {"illuminate": 364.1523174718842}, "Items": {"leftovers": 364.1523174718842}, "Spreads": {"Jolly:0/252/4/0/0/252": 364.1523174718842}, "Moves": {"tidyup": 364.1523174718842, "bitterblade": 364.1523174718842, "razorshell": 186.4916275748008, "strengthsap": 177.66068989707944}, "Tera Types": {"fire": 364.1523174718842}, "Happiness": {"255": 364.1523174718842}, "Teammates": {"Leafeon": 845.4774737900135}, "Checks and Counters": {}, "usage": 6.0}}}