{"info": {"metagame": "gen1uu", "cutoff": 1500.0, "cutoff deviation": 0, "team type": null, "number of battles": 3}, "data": {"Lapras": {"Raw count": 7, "Viability Ceiling": [6, 83, 83, 71], "Abilities": {"noability": 5.54811559084435}, "Items": {"nothing": 5.54811559084435}, "Spreads": {"Serious:252/252/252/252/252/252": 5.54811559084435}, "Moves": {"blizzard": 5.54811559084435, "thunderbolt": 5.54811559084435, "bodyslam": 2.425699703537756, "confuseray": 1.8113228684096168, "surf": 0.6677152623121155, "sing": 3.736792722434733, "rest": 2.4547006249944783}, "Tera Types": {"nothing": 5.54811559084435}, "Happiness": {"255": 5.54811559084435}, "Teammates": {"Dodrio": 1.4499824656083782, "Tangela": 0.8356056304802391, "Magneton": 0.8356056304802391, "Golem": 0.8356056304802391, "Gyarados": 0.8356056304802391, "Moltres": 0.6143768351281391, "Hypno": 1.240354737857451, "Persian": 0.6143768351281391, "Haunter": 0.6143768351281391, "Kangaskhan": 0.6259779027293121, "Slowbro": 0.6259779027293121, "Raichu": 0.6259779027293121, "Electabuzz": 0.6259779027293121}, "Checks and Counters": {}, "usage": 0.6080596}, "Haunter": {"Raw count": 6, "Viability Ceiling": [3, 71, 71, 71], "Abilities": {"noability": 3.595922992195717}, "Items": {"nothing": 3.595922992195717}, "Spreads": {"Serious:252/252/252/252/252/252": 3.595922992195717}, "Moves": {"thunderbolt": 3.595922992195717, "nightshade": 3.595922992195717, "hypnosis": 2.9334064626328993, "confuseray": 1.6382337674921956, "explosion": 1.9576892247035214, "rest": 0.6625165295628179}, "Tera Types": {"nothing": 3.595922992195717}, "Happiness": {"255": 3.595922992195717}, "Teammates": {"Moltres": 0.6143768351281391, "Hypno": 1.289973962391406, "Lapras": 0.6143768351281391, "Persian": 0.6143768351281391, "Dodrio": 0.6143768351281391, "Kadabra": 0.6625165295628179, "Articuno": 1.338113656826085, "Clefable": 0.6625165295628179, "Ninetales": 0.6625165295628179, "Golem": 0.6625165295628179, "Slowbro": 0.6755971272632668, "Dragonite": 0.6755971272632668, "Dugtrio": 0.6755971272632668}, "Checks and Counters": {}, "usage": 0.5718945999999999}, "Hypno": {"Raw count": 6, "Viability Ceiling": [4, 83, 83, 83], "Abilities": {"noability": 4.412389849698}, "Items": {"nothing": 4.412389849698}, "Spreads": {"Serious:252/252/252/252/252/252": 4.412389849698}, "Moves": {"psychic": 4.412389849698, "hypnosis": 3.7980130145698605, "seismictoss": 2.110814819705844, "thunderwave": 4.412389849698, "rest": 2.240354737857028, "bodyslam": 0.6755971272632668}, "Tera Types": {"nothing": 4.412389849698}, "Happiness": {"255": 4.412389849698}, "Teammates": {"Moltres": 0.6143768351281391, "Lapras": 1.240354737857451, "Persian": 0.6143768351281391, "Dodrio": 0.6143768351281391, "Haunter": 1.289973962391406, "Slowbro": 1.3015750299925788, "Dragonite": 0.6755971272632668, "Articuno": 0.6755971272632668, "Dugtrio": 0.6755971272632668, "Kangaskhan": 0.6259779027293121, "Raichu": 0.6259779027293121, "Electabuzz": 0.6259779027293121}, "Checks and Counters": {}, "usage": 0.5611922}, "Golem": {"Raw count": 5, "Viability Ceiling": [4, 71, 71, 71], "Abilities": {"noability": 3.14155466028455}, "Items": {"nothing": 3.14155466028455}, "Spreads": {"Serious:252/252/252/252/252/252": 3.14155466028455}, "Moves": {"earthquake": 3.14155466028455, "rockslide": 2.479038130721732, "substitute": 2.479038130721732, "explosion": 2.479038130721732, "bodyslam": 0.6625165295628179, "toxic": 0.6625165295628179, "rest": 0.6625165295628179}, "Tera Types": {"nothing": 3.14155466028455}, "Happiness": {"255": 3.14155466028455}, "Teammates": {"Dodrio": 0.8356056304802391, "Tangela": 0.8356056304802391, "Magneton": 0.8356056304802391, "Gyarados": 0.8356056304802391, "Lapras": 0.8356056304802391, "Haunter": 0.6625165295628179, "Kadabra": 0.6625165295628179, "Articuno": 0.6625165295628179, "Clefable": 0.6625165295628179, "Ninetales": 0.6625165295628179}, "Checks and Counters": {}, "usage": 0.4388078}, "Dodrio": {"Raw count": 2, "Viability Ceiling": [2, 64, 64, 64], "Abilities": {"noability": 1.4499824656083782}, "Items": {"nothing": 1.4499824656083782}, "Spreads": {"Serious:252/252/252/252/252/252": 1.4499824656083782}, "Moves": {"bodyslam": 1.4499824656083782, "hyperbeam": 1.4499824656083782, "drillpeck": 1.4499824656083782, "agility": 1.4499824656083782}, "Tera Types": {"nothing": 1.4499824656083782}, "Happiness": {"255": 1.4499824656083782}, "Teammates": {"Tangela": 0.8356056304802391, "Magneton": 0.8356056304802391, "Golem": 0.8356056304802391, "Gyarados": 0.8356056304802391, "Lapras": 1.4499824656083782, "Moltres": 0.6143768351281391, "Hypno": 0.6143768351281391, "Persian": 0.6143768351281391, "Haunter": 0.6143768351281391}, "Checks and Counters": {}, "usage": 0.4247074}, "Articuno": {"Raw count": 3, "Viability Ceiling": [2, 54, 54, 54], "Abilities": {"noability": 1.338113656826085}, "Items": {"nothing": 1.338113656826085}, "Spreads": {"Serious:252/252/224/112/112/252": 0.6625165295628179, "Serious:252/252/252/252/252/252": 0.6755971272632668}, "Moves": {"agility": 1.338113656826085, "icebeam": 0.6625165295628179, "blizzard": 1.338113656826085, "reflect": 0.6625165295628179, "doubleedge": 0.6755971272632668, "hyperbeam": 0.6755971272632668}, "Tera Types": {"nothing": 1.338113656826085}, "Happiness": {"255": 1.338113656826085}, "Teammates": {"Haunter": 1.338113656826085, "Kadabra": 0.6625165295628179, "Clefable": 0.6625165295628179, "Ninetales": 0.6625165295628179, "Golem": 0.6625165295628179, "Slowbro": 0.6755971272632668, "Hypno": 0.6755971272632668, "Dragonite": 0.6755971272632668, "Dugtrio": 0.6755971272632668}, "Checks and Counters": {}, "usage": 0.3919404}, "Slowbro": {"Raw count": 4, "Viability Ceiling": [4, 83, 83, 83], "Abilities": {"noability": 3.130297752257745}, "Items": {"nothing": 3.130297752257745}, "Spreads": {"Serious:252/252/252/252/252/252": 3.130297752257745}, "Moves": {"amnesia": 3.130297752257745, "rest": 3.130297752257745, "psychic": 2.3015750299921556, "thunderwave": 3.130297752257745, "surf": 0.8287227222655895}, "Tera Types": {"nothing": 3.130297752257745}, "Happiness": {"255": 3.130297752257745}, "Teammates": {"Haunter": 0.6755971272632668, "Hypno": 1.3015750299925788, "Dragonite": 0.6755971272632668, "Articuno": 0.6755971272632668, "Dugtrio": 0.6755971272632668, "Kangaskhan": 0.6259779027293121, "Raichu": 0.6259779027293121, "Electabuzz": 0.6259779027293121, "Lapras": 0.6259779027293121}, "Checks and Counters": {}, "usage": 0.38123809999999997}, "Tangela": {"Raw count": 1, "Viability Ceiling": [1, 64, 64, 64], "Abilities": {"noability": 0.8356056304802391}, "Items": {"nothing": 0.8356056304802391}, "Spreads": {"Serious:252/252/252/252/252/252": 0.8356056304802391}, "Moves": {"stunspore": 0.8356056304802391, "sleeppowder": 0.8356056304802391, "megadrain": 0.8356056304802391, "hyperbeam": 0.8356056304802391}, "Tera Types": {"nothing": 0.8356056304802391}, "Happiness": {"255": 0.8356056304802391}, "Teammates": {"Dodrio": 0.8356056304802391, "Magneton": 0.8356056304802391, "Golem": 0.8356056304802391, "Gyarados": 0.8356056304802391, "Lapras": 0.8356056304802391}, "Checks and Counters": {}, "usage": 0.2447532}, "Magneton": {"Raw count": 1, "Viability Ceiling": [1, 64, 64, 64], "Abilities": {"noability": 0.8356056304802391}, "Items": {"nothing": 0.8356056304802391}, "Spreads": {"Serious:252/252/252/252/252/252": 0.8356056304802391}, "Moves": {"thunderbolt": 0.8356056304802391, "rest": 0.8356056304802391, "doubleedge": 0.8356056304802391, "thunderwave": 0.8356056304802391}, "Tera Types": {"nothing": 0.8356056304802391}, "Happiness": {"255": 0.8356056304802391}, "Teammates": {"Dodrio": 0.8356056304802391, "Tangela": 0.8356056304802391, "Golem": 0.8356056304802391, "Gyarados": 0.8356056304802391, "Lapras": 0.8356056304802391}, "Checks and Counters": {}, "usage": 0.2447532}, "Gyarados": {"Raw count": 2, "Viability Ceiling": [2, 71, 71, 71], "Abilities": {"noability": 1.8113228684096168}, "Items": {"nothing": 1.8113228684096168},