{"info": {"metagame": "gen1pu", "cutoff": 1630.0, "cutoff deviation": 0, "team type": null, "number of battles": 23}, "data": {"Golduck": {"Raw count": 41, "Viability Ceiling": [14, 74, 74, 60], "Abilities": {"noability": 4.9682257301427875}, "Items": {"nothing": 4.9682257301427875}, "Spreads": {"Serious:252/252/252/252/252/252": 4.9682257301427875}, "Moves": {"surf": 4.706392345205005, "blizzard": 4.706391925750418, "amnesia": 4.9682257301427875, "seismictoss": 4.257327504055935, "rest": 0.4216113422760404, "hydropump": 1.0702279350516264e-06, "icebeam": 1.4896825228372101e-06, "disable": 0.0, "counter": 0.2892868838108112, "confusion": 0.26183231470984636, "substitute": 0.26183231470984636, "bodyslam": 0.0}, "Tera Types": {"nothing": 4.9682257301427875}, "Happiness": {"255": 4.9682257301427875}, "Teammates": {"Magmar": 4.000114853380463, "Rapidash": 4.546615725625606, "Nidoking": 4.808446702576593, "Porygon": 4.157731872709912, "Pidgeot": 4.205131495107672, "Venusaur": 0.9125484823353869, "Kingler": 1.3377588587992761e-06, "Wigglytuff": 0.052197346707121894, "Machamp": 1.3377588587992761e-06, "Scyther": 0.5985188209184187, "Pikachu": 0.0, "Gastly": 0.2892868838108112, "Pinsir": 0.0, "Abra": 0.1390345411082513, "Staryu": 0.08041953329486151, "Sandslash": 0.19258800152368977, "Primeape": 0.05960326706075564, "Dragonair": 0.0, "Flareon": 0.0, "Muk": 0.0, "Meowth": 0.0, "Seaking": 0.0, "Omanyte": 0.0, "Nidoqueen": 0.0}, "Checks and Counters": {}, "usage": 1.0}, "Nidoking": {"Raw count": 28, "Viability Ceiling": [12, 74, 74, 60], "Abilities": {"noability": 4.968224240460264}, "Items": {"nothing": 4.968224240460264}, "Spreads": {"Serious:252/252/252/252/252/252": 4.968224240460264}, "Moves": {"blizzard": 4.968224240460264, "earthquake": 4.968224240460264, "fireblast": 4.055677095883737, "thunderbolt": 4.968224240460264, "substitute": 0.0, "bodyslam": 0.3614279460558706, "megakick": 0.0, "hyperbeam": 0.2892868838108112, "surf": 0.26183231470984636, "rockslide": 0.0}, "Tera Types": {"nothing": 4.968224240460264}, "Happiness": {"255": 4.968224240460264}, "Teammates": {"Magmar": 4.000114853380463, "Rapidash": 4.546614387866747, "Golduck": 4.808446702576593, "Porygon": 4.157731872709912, "Pidgeot": 4.205131495107672, "Scyther": 0.5985188209184187, "Venusaur": 0.9125471445765281, "Pikachu": 0.0, "Machamp": 0.0, "Gastly": 0.2892868838108112, "Pinsir": 0.0, "Abra": 0.1390345411082513, "Staryu": 0.08041953329486151, "Sandslash": 0.19258800152368977, "Primeape": 0.05960326706075564, "Wigglytuff": 0.052196008948263095, "Kingler": 0.0, "Seaking": 0.0, "Muk": 0.0, "Exeggcute": 0.0}, "Checks and Counters": {}, "usage": 0.9999997}, "Rapidash": {"Raw count": 34, "Viability Ceiling": [15, 74, 74, 60], "Abilities": {"noability": 4.706393415432941}, "Items": {"nothing": 4.706393415432941}, "Spreads": {"Serious:252/252/252/252/252/252": 4.706393415432941, "Serious:252/0/252/252/252/252": 0.0}, "Moves": {"fireblast": 4.706393415432941, "bodyslam": 4.417106531622129, "hyperbeam": 4.706393415432941, "firespin": 4.706393415432941, "agility": 0.2892868838108112, "toxic": 0.0, "substitute": 0.0, "stomp": 0.0, "doubleedge": 0.0, "growl": 0.0}, "Tera Types": {"nothing": 4.706393415432941}, "Happiness": {"255": 4.706393415432941}, "Teammates": {"Magmar": 3.8958995580000653, "Golduck": 4.546615725625606, "Nidoking": 4.546614387866747, "Porygon": 3.8958995580000653, "Pidgeot": 4.205131495107672, "Venusaur": 0.6507161676255404, "Kingler": 1.3377588587992761e-06, "Wigglytuff": 0.052197346707121894, "Machamp": 1.3377588587992761e-06, "Scyther": 0.5985188209184187, "Drowzee": 0.0, "Sandslash": 0.0, "Dragonair": 0.0, "Nidoqueen": 0.0, "Staryu": 0.0, "Gastly": 0.2892868838108112, "Omanyte": 0.0, "Abra": 0.052196008948263095, "Vileplume": 0.0, "Seaking": 0.0, "Muk": 0.0, "Exeggcute": 0.0, "Pinsir": 0.0}, "Checks and Counters": {}, "usage": 0.9455473999999999}, "Pidgeot": {"Raw count": 9, "Viability Ceiling": [5, 74, 74, 74], "Abilities": {"noability": 4.205131495107672}, "Items": {"nothing": 4.205131495107672}, "Spreads": {"Serious:252/252/252/252/252/252": 4.205131495107672}, "Moves": {"doubleedge": 4.205131495107672, "hyperbeam": 4.205131495107672, "agility": 4.205131495107672, "skyattack": 3.8958995580000653, "wingattack": 0.3092319371076075, "mirrormove": 0.0, "rest": 0.0, "bide": 0.0, "toxic": 0.0, "quickattack": 0.0}, "Tera Types": {"nothing": 4.205131495107672}, "Happiness": {"255": 4.205131495107672}, "Teammates": {"Magmar": 3.8958995580000653, "Rapidash": 4.205131495107672, "Golduck": 4.205131495107672, "Nidoking": 4.205131495107672, "Porygon": 3.8958995580000653, "Scyther": 0.3092319371076075, "Venusaur": 0.3092319371076075, "Pikachu": 0.0, "Machamp": 0.0, "Sandslash": 0.0, "Kingler": 0.0, "Pinsir": 0.0}, "Checks and Counters": {}, "usage": 0.8745299}, "Porygon": {"Raw count": 15, "Viability Ceiling": [7, 74, 74, 67], "Abilities": {"noability": 4.157731872709912}, "Items": {"nothing": 4.157731872709912}, "Spreads": {"Serious:252/252/252/252/252/252": 4.157731872709912}, "Moves": {"psychic": 3.8958995580000653, "thunderwave": 4.157731872709912, "agility": 4.157731872709912, "recover": 4.157731872709912, "hyperbeam": 0.0, "psybeam": 0.26183231470984636, "thunderbolt": 0.0, "blizzard": 0.0, "icebeam": 0.0, "sharpen": 0.0, "reflect": 0.0}, "Tera Types": {"nothing": 4.157731872709912}, "Happiness": {"255": 4.157731872709912}, "Teammates": {"Magmar": 4.000114853380463, "Rapidash": 3.8958995580000653, "Golduck": 4.157731872709912, "Nidoking": 4.157731872709912, "Pidgeot": 3.8958995580000653, "Staryu": 0.08041953329486151, "Venusaur": 0.26183231470984636, "Sandslash": 0.19258800152368977, "Primeape": 0.05960326706075564, "Wigglytuff": 0.0, "Scyther": 0.0, "Abra": 0.08683853215998821, "Exeggcute": 0.0, "Nidoqueen": 0.0, "Graveler": 0.0, "Omanyte": 0.0}, "Checks and Counters": {}, "usage": 0.8646723000000001}, "Magmar": {"Raw count": 9, "Viability Ceiling": [4, 74, 74, 74], "Abilities": {"noability": 4.000114853380463}, "Items": {"nothing": 4.000114853380463}, "Spreads": {"Serious:252/252/252/252/252/252": 4.000114853380463}, "Moves": {"fireblast": 3.8958995580000653, "hyperbeam": 3.8958995580000653, "psychic": 3.8958995580000653, "counter": 3.8958995580000653, "bodyslam": 0.0, "confuseray": 0.10421529538039759, "smokescreen": 0.10421529538039759, "flamethrower": 0.10421529538039759, "toxic": 0.10421529538039759}, "Tera Types": {"nothing": 4.000114853380463}, "Happiness": {"255": 4.000114853380463}, "Teammates": {"Rapidash": 3.8958995580000653, "Golduck": 4.000114853380463, "Nidoking": 4.000114853380463, "Porygon": 4.000114853380463, "Pidgeot": 3.8958995580000653, "Venusaur": 0.10421529538039759, "Sandslash": 0.034970982194240996, "Abra": 0.06924431318615659, "Wigglytuff": 0.0}, "Checks and Counters": {}, "usage": 0.8318931}, "Venusaur": {"Raw count": 36, "Viability Ceiling": [13, 60, 60, 58], "Abilities": {"noability": 1.0723261721427222}, "Items": {"nothing": 1.0723261721427222}, "Spreads": {"Serious:252/252/252/252/252/252": 1.0723261721427222, "Serious:252/0/252/252/252/252": 0.0}, "Moves": {"sleeppowder": 1.0723261721427222, "hyperbeam": 0.6507163195492044, "razorleaf": 0.8104938574328756, "swordsdance": 0.7630942350351145, "bodyslam": 0.7308417897011251, "megadrain": 0.0, "leechseed": 0.26183231470984636, "rest": 0.0, "toxic": 0.0, "solarbeam": 0.0}, "Tera Types": {"nothing": 1.0723261721427222}, "Happiness": {"255": 1.0723261721427222}, "Teammates": {"Rapidash": 0.6507161676255404, "Kingler": 1.3377588587992761e-06, "Golduck": 0.9125484823353869, "Wigglytuff": 0.052197346707121894, "Machamp": 1.3377588587992761e-06, "Pidgeot": 0.3092319371076075, "Nidoking": 0.9125471445765281, "Scyther": 0.5985188209184187, "Pikachu": 0.0, "Gastly": 0.2892868838108112, "Pinsir": 0.0, "Abra": 0.1390345411082513, "Staryu": 0.08041953329486151, "Porygon": 0.26183231470984636, "Sandslash": 0.19258800152368977, "Primeape": 0.05960326706075564, "Magmar": 0.10421529538039759, "Dragonair": 0.0,