{"info": {"metagame": "gen3uu", "cutoff": 1760.0, "cutoff deviation": 0, "team type": null, "number of battles": 5}, "data": {"Kangaskhan": {"Raw count": 6, "Viability Ceiling": [4, 61, 61, 61], "Abilities": {"earlybird": 0.005531861102814395}, "Items": {"choiceband": 0.005335982100521219, "leftovers": 0.00019587900229317556}, "Spreads": {"Jolly:0/252/0/0/4/252": 0.005335982100521219, "Adamant:216/56/12/0/216/8": 0.00019587900229317556, "Adamant:208/220/20/0/0/60": 0.0}, "Moves": {"doubleedge": 0.005335982100521219, "earthquake": 0.005335982100521219, "rockslide": 0.0038221521572188166, "shadowball": 0.005335982100521219, "return": 0.00019587900229317556, "focuspunch": 0.00019587900229317556, "toxic": 0.00019587900229317556, "rest": 0.00019587900229317556, "fakeout": 0.0015138299433024027, "wish": 0.0}, "Tera Types": {"nothing": 0.005531861102814395}, "Happiness": {"255": 0.005531861102814395}, "Teammates": {"Manectric": 0.00019587900229317556, "Omastar": 0.00019587900229317556, "Walrein": 0.00019587900229317556, "Nidoqueen": 0.0017097089455955783, "Scyther": 0.0017097089455955783, "Qwilfish": 0.003691891532570879, "Electabuzz": 0.0021780615892684763, "Misdreavus": 0.0021780615892684763, "Tentacruel": 0.0021780615892684763, "Hitmonlee": 0.0021780615892684763, "Quagsire": 0.0015138299433024027, "Feraligatr": 0.0015138299433024027, "Nidoking": 0.0, "Gorebyss": 0.0, "Cradily": 0.0}, "Checks and Counters": {}, "usage": 0.023326600000000003}, "Qwilfish": {"Raw count": 4, "Viability Ceiling": [3, 61, 61, 61], "Abilities": {"poisonpoint": 0.005335982100521219}, "Items": {"leftovers": 0.005335982100521219}, "Spreads": {"Jolly:252/0/0/0/24/232": 0.0038221521572188166, "Hasty:252/0/0/0/24/232": 0.0015138299433024027}, "Moves": {"sludgebomb": 0.005335982100521219, "hydropump": 0.005335982100521219, "destinybond": 0.0038221521572188166, "spikes": 0.005335982100521219, "selfdestruct": 0.0015138299433024027, "substitute": 0.0}, "Tera Types": {"nothing": 0.005335982100521219}, "Happiness": {"255": 0.005335982100521219}, "Teammates": {"Electabuzz": 0.0021780615892684763, "Kangaskhan": 0.003691891532570879, "Misdreavus": 0.0021780615892684763, "Tentacruel": 0.0021780615892684763, "Hitmonlee": 0.0021780615892684763, "Quagsire": 0.0015138299433024027, "Nidoqueen": 0.0015138299433024027, "Feraligatr": 0.0015138299433024027, "Scyther": 0.0015138299433024027, "Hitmontop": 0.0, "Arcanine": 0.0, "Sandslash": 0.0, "Vileplume": 0.0}, "Checks and Counters": {}, "usage": 0.0221513}, "Electabuzz": {"Raw count": 2, "Viability Ceiling": [1, 61, 61, 61], "Abilities": {"static": 0.0038221521572188166}, "Items": {"leftovers": 0.0038221521572188166}, "Spreads": {"Timid:0/0/0/252/4/252": 0.0038221521572188166}, "Moves": {"thunderbolt": 0.0038221521572188166, "icepunch": 0.0038221521572188166, "hiddenpowergrass": 0.0038221521572188166, "quickattack": 0.0038221521572188166}, "Tera Types": {"nothing": 0.0038221521572188166}, "Happiness": {"255": 0.0038221521572188166}, "Teammates": {"Qwilfish": 0.0021780615892684763, "Kangaskhan": 0.0021780615892684763, "Misdreavus": 0.0021780615892684763, "Tentacruel": 0.0021780615892684763, "Hitmonlee": 0.0021780615892684763}, "Checks and Counters": {}, "usage": 0.0130684}, "Misdreavus": {"Raw count": 3, "Viability Ceiling": [2, 61, 61, 61], "Abilities": {"levitate": 0.0038221521572188166}, "Items": {"leftovers": 0.0038221521572188166}, "Spreads": {"Calm:252/0/84/0/172/0": 0.0038221521572188166}, "Moves": {"thunderbolt": 0.0038221521572188166, "hiddenpowerice": 0.0038221521572188166, "toxic": 0.0038221521572188166, "painsplit": 0.0038221521572188166}, "Tera Types": {"nothing": 0.0038221521572188166}, "Happiness": {"255": 0.0038221521572188166}, "Teammates": {"Qwilfish": 0.0021780615892684763, "Electabuzz": 0.0021780615892684763, "Kangaskhan": 0.0021780615892684763, "Tentacruel": 0.0021780615892684763, "Hitmonlee": 0.0021780615892684763, "Hitmontop": 0.0, "Arcanine": 0.0, "Sandslash": 0.0, "Vileplume": 0.0}, "Checks and Counters": {}, "usage": 0.0130684}, "Tentacruel": {"Raw count": 2, "Viability Ceiling": [1, 61, 61, 61], "Abilities": {"liquidooze": 0.0038221521572188166}, "Items": {"leftovers": 0.0038221521572188166}, "Spreads": {"Calm:252/0/0/0/120/136": 0.0038221521572188166}, "Moves": {"surf": 0.0038221521572188166, "rapidspin": 0.0038221521572188166, "toxic": 0.0038221521572188166, "icebeam": 0.0038221521572188166}, "Tera Types": {"nothing": 0.0038221521572188166}, "Happiness": {"255": 0.0038221521572188166}, "Teammates": {"Qwilfish": 0.0021780615892684763, "Electabuzz": 0.0021780615892684763, "Kangaskhan": 0.0021780615892684763, "Misdreavus": 0.0021780615892684763, "Hitmonlee": 0.0021780615892684763}, "Checks and Counters": {}, "usage": 0.0130684}, "Hitmonlee": {"Raw count": 2, "Viability Ceiling": [1, 61, 61, 61], "Abilities": {"limber": 0.0038221521572188166}, "Items": {"salacberry": 0.0038221521572188166}, "Spreads": {"Jolly:0/252/0/0/4/252": 0.0038221521572188166}, "Moves": {"highjumpkick": 0.0038221521572188166, "hiddenpowerghost": 0.0038221521572188166, "rockslide": 0.0038221521572188166, "endure": 0.0038221521572188166}, "Tera Types": {"nothing": 0.0038221521572188166}, "Happiness": {"255": 0.0038221521572188166}, "Teammates": {"Qwilfish": 0.0021780615892684763, "Electabuzz": 0.0021780615892684763, "Kangaskhan": 0.0021780615892684763, "Misdreavus": 0.0021780615892684763, "Tentacruel": 0.0021780615892684763}, "Checks and Counters": {}, "usage": 0.0130684}, "Scyther": {"Raw count": 5, "Viability Ceiling": [4, 55, 55, 55], "Abilities": {"swarm": 0.0017809834836235994}, "Items": {"choiceband": 0.0017809834836235994}, "Spreads": {"Jolly:0/252/0/0/4/252": 0.0015851044813304238, "Jolly:0/252/4/0/0/252": 0.00019587900229317556, "Jolly:0/208/0/0/48/252": 0.0}, "Moves": {"hiddenpowerground": 7.127453802802108e-05, "silverwind": 7.127453802802108e-05, "return": 7.127453802802108e-05, "aerialace": 0.0015851044813304238, "hiddenpowerbug": 0.0017097089455955783, "doubleedge": 0.0017097089455955783, "quickattack": 0.0017097089455955783, "reversal": 0.00019587900229317556, "hiddenpowerflying": 0.0, "pursuit": 0.0}, "Tera Types": {"nothing": 0.0017809834836235994}, "Happiness": {"255": 0.0017809834836235994}, "Teammates": {"Sandslash": 7.127453802802108e-05, "Clefable": 7.127453802802108e-05, "Grumpig": 7.127453802802108e-05, "Primeape": 7.127453802802108e-05, "Ampharos": 7.127453802802108e-05, "Manectric": 0.00019587900229317556, "Kangaskhan": 0.0017097089455955783, "Omastar": 0.00019587900229317556, "Walrein": 0.00019587900229317556, "Nidoqueen": 0.0017097089455955783, "Qwilfish": 0.0015138299433024027, "Quagsire": 0.0015138299433024027, "Feraligatr": 0.0015138299433024027, "Nidoking": 0.0, "Gorebyss": 0.0, "Cradily": 0.0}, "Checks and Counters": {}, "usage": 0.0106859}, "Nidoqueen": {"Raw count": 3, "Viability Ceiling": [2, 50, 50, 50], "Abilities": {"poisonpoint": 0.0017097089455955783}, "Items": {"leftovers": 0.0017097089455955783}, "Spreads": {"Adamant:60/216/16/0/0/216": 0.00019587900229317556, "Naughty:128/252/0/56/0/72": 0.0015138299433024027}, "Moves": {"earthquake": 0.0017097089455955783, "superpower": 0.00019587900229317556, "shadowball": 0.0017097089455955783, "icebeam": 0.0017097089455955783, "sludgebomb": 0.0015138299433024027}, "Tera Types": {"nothing": 0.0017097089455955783}, "Happiness": {"255": 0.0017097089455955783}, "Teammates": {"Manectric": 0.00019587900229317556, "Kangaskhan": 0.0017097089455955783, "Omastar": 0.00019587900229317556, "Walrein": 0.00019587900229317556, "Scyther": 0.0017097089455955783, "Qwilfish": 0.0015138299433024027, "Quagsire": 0.0015138299433024027, "Feraligatr": 0.0015138299433024027}, "Checks and Counters": {}, "usage": 0.0102583}, "Quagsire": {"Raw count": 1, "Viability Ceiling": [1, 48, 48, 48], "Abilities": {"waterabsorb": 0.0015138299433024027}, "Items": {"chestoberry": 0.0015138299433024027}, "Spreads": {"Adamant:252/64/0/0/192/0": 0.0015138299433024027}, "Moves": {"curse": 0.0015138299433024027,