{"info": {"metagame": "gen2uu", "cutoff": 1630.0, "cutoff deviation": 0, "team type": null, "number of battles": 8}, "data": {"Qwilfish": {"Raw count": 11, "Viability Ceiling": [6, 79, 79, 71], "Abilities": {"noability": 5.6203335313401}, "Items": {"leftovers": 5.6203335313401}, "Spreads": {"Serious:252/252/252/252/252/252": 5.6203335313401}, "Moves": {"spikes": 5.6203335313401, "sludgebomb": 5.6203335313401, "hydropump": 3.453513349159869, "haze": 3.453513349159869, "curse": 0.0, "surf": 2.1668201821802313, "rest": 2.1668201821802313}, "Tera Types": {"nothing": 5.6203335313401}, "Happiness": {"255": 5.6203335313401}, "Teammates": {"Haunter": 2.622746457968729, "Slowbro": 0.4559262757884972, "Piloswine": 0.4559262757884972, "Aerodactyl": 0.4559262757884972, "Granbull": 3.453513349159869, "Nidoqueen": 2.1668201821802313, "Ampharos": 0.0, "Gligar": 0.0, "Electabuzz": 2.1668201821802313, "Politoed": 2.1668201821802313, "Chansey": 2.1668201821802313, "Lanturn": 2.9975870733713714, "Sandslash": 2.9975870733713714, "Mr. Mime": 2.9975870733713714, "Feraligatr": 2.9975870733713714, "Scyther": 0.0, "Hypno": 0.0, "Arcanine": 0.0}, "Checks and Counters": {}, "usage": 1.0}, "Granbull": {"Raw count": 8, "Viability Ceiling": [5, 79, 79, 79], "Abilities": {"noability": 3.453513349159869}, "Items": {"leftovers": 3.453513349159869, "polkadotbow": 0.0}, "Spreads": {"Serious:252/252/252/252/252/252": 3.453513349159869}, "Moves": {"curse": 3.453513349159869, "frustration": 0.4559262757884972, "rest": 3.453513349159869, "sleeptalk": 3.453513349159869, "protect": 0.0, "headbutt": 0.0, "firepunch": 0.0, "icepunch": 0.0, "lovelykiss": 0.0, "return": 2.9975870733713714, "hiddenpowerground": 0.0}, "Tera Types": {"nothing": 3.453513349159869}, "Happiness": {"0": 0.4559262757884972, "255": 2.9975870733713714}, "Teammates": {"Haunter": 0.4559262757884972, "Slowbro": 0.4559262757884972, "Qwilfish": 3.453513349159869, "Piloswine": 0.4559262757884972, "Aerodactyl": 0.4559262757884972, "Ampharos": 0.0, "Arcanine": 0.0, "Crobat": 0.0, "Blastoise": 0.0, "Vileplume": 0.0, "Aipom": 0.0, "Girafarig": 0.0, "Butterfree": 0.0, "Primeape": 0.0, "Quagsire": 0.0, "Lanturn": 2.9975870733713714, "Sandslash": 2.9975870733713714, "Mr. Mime": 2.9975870733713714, "Feraligatr": 2.9975870733713714, "Nidoqueen": 0.0}, "Checks and Counters": {}, "usage": 0.6144677000000001}, "Lanturn": {"Raw count": 3, "Viability Ceiling": [1, 79, 79, 79], "Abilities": {"noability": 2.9975870733713714}, "Items": {"mysticwater": 2.9975870733713714}, "Spreads": {"Serious:252/252/252/252/252/252": 2.9975870733713714}, "Moves": {"surf": 2.9975870733713714, "thunderbolt": 2.9975870733713714, "raindance": 2.9975870733713714, "thunderwave": 2.9975870733713714}, "Tera Types": {"nothing": 2.9975870733713714}, "Happiness": {"255": 2.9975870733713714}, "Teammates": {"Sandslash": 2.9975870733713714, "Granbull": 2.9975870733713714, "Qwilfish": 2.9975870733713714, "Mr. Mime": 2.9975870733713714, "Feraligatr": 2.9975870733713714}, "Checks and Counters": {}, "usage": 0.5333468}, "Sandslash": {"Raw count": 3, "Viability Ceiling": [1, 79, 79, 79], "Abilities": {"noability": 2.9975870733713714}, "Items": {"leftovers": 2.9975870733713714}, "Spreads": {"Serious:252/252/252/252/252/252": 2.9975870733713714}, "Moves": {"earthquake": 2.9975870733713714, "rockslide": 2.9975870733713714, "swordsdance": 2.9975870733713714, "substitute": 2.9975870733713714}, "Tera Types": {"nothing": 2.9975870733713714}, "Happiness": {"255": 2.9975870733713714}, "Teammates": {"Lanturn": 2.9975870733713714, "Granbull": 2.9975870733713714, "Qwilfish": 2.9975870733713714, "Mr. Mime": 2.9975870733713714, "Feraligatr": 2.9975870733713714}, "Checks and Counters": {}, "usage": 0.5333468}, "Mr. Mime": {"Raw count": 4, "Viability Ceiling": [2, 79, 79, 79], "Abilities": {"noability": 2.9975870733713714}, "Items": {"leftovers": 2.9975870733713714}, "Spreads": {"Serious:252/252/252/252/252/252": 2.9975870733713714, "Serious:252/0/252/252/252/252": 0.0}, "Moves": {"psychic": 2.9975870733713714, "thunder": 2.9975870733713714, "firepunch": 2.9975870733713714, "encore": 2.9975870733713714, "thunderbolt": 0.0, "thunderwave": 0.0, "hypnosis": 0.0}, "Tera Types": {"nothing": 2.9975870733713714}, "Happiness": {"255": 2.9975870733713714}, "Teammates": {"Lanturn": 2.9975870733713714, "Sandslash": 2.9975870733713714, "Granbull": 2.9975870733713714, "Qwilfish": 2.9975870733713714, "Feraligatr": 2.9975870733713714, "Nidoqueen": 0.0, "Arcanine": 0.0, "Slowbro": 0.0}, "Checks and Counters": {}, "usage": 0.5333468}, "Feraligatr": {"Raw count": 3, "Viability Ceiling": [1, 79, 79, 79], "Abilities": {"noability": 2.9975870733713714}, "Items": {"leftovers": 2.9975870733713714}, "Spreads": {"Serious:252/252/252/252/252/252": 2.9975870733713714}, "Moves": {"earthquake": 2.9975870733713714, "rockslide": 2.9975870733713714, "hydropump": 2.9975870733713714, "screech": 2.9975870733713714}, "Tera Types": {"nothing": 2.9975870733713714}, "Happiness": {"255": 2.9975870733713714}, "Teammates": {"Lanturn": 2.9975870733713714, "Sandslash": 2.9975870733713714, "Granbull": 2.9975870733713714, "Qwilfish": 2.9975870733713714, "Mr. Mime": 2.9975870733713714}, "Checks and Counters": {}, "usage": 0.5333468}, "Haunter": {"Raw count": 4, "Viability Ceiling": [2, 71, 71, 71], "Abilities": {"noability": 2.622746457968729}, "Items": {"nothing": 2.622746457968729}, "Spreads": {"Serious:252/252/252/252/252/252": 2.622746457968729}, "Moves": {"thief": 2.622746457968729, "thunder": 0.4559262757884972, "destinybond": 0.4559262757884972, "psychic": 0.4559262757884972, "thunderbolt": 2.1668201821802313, "meanlook": 2.1668201821802313, "perishsong": 2.1668201821802313}, "Tera Types": {"nothing": 2.622746457968729}, "Happiness": {"255": 2.622746457968729}, "Teammates": {"Slowbro": 0.4559262757884972, "Qwilfish": 2.622746457968729, "Piloswine": 0.4559262757884972, "Aerodactyl": 0.4559262757884972, "Granbull": 0.4559262757884972, "Electabuzz": 2.1668201821802313, "Politoed": 2.1668201821802313, "Nidoqueen": 2.1668201821802313, "Chansey": 2.1668201821802313}, "Checks and Counters": {}, "usage": 0.4666532}, "Nidoqueen": {"Raw count": 7, "Viability Ceiling": [4, 71, 71, 71], "Abilities": {"noability": 2.1668201821802313}, "Items": {"leftovers": 0.0, "nothing": 2.1668201821802313}, "Spreads": {"Serious:252/252/252/252/252/252": 2.1668201821802313}, "Moves": {"earthquake": 2.1668201821802313, "thunder": 0.0, "icebeam": 2.1668201821802313, "moonlight": 0.0, "lovelykiss": 2.1668201821802313, "thief": 2.1668201821802313, "fireblast": 0.0, "thunderbolt": 0.0}, "Tera Types": {"nothing": 2.1668201821802313}, "Happiness": {"255": 2.1668201821802313}, "Teammates": {"Slowbro": 0.0, "Aerodactyl": 0.0, "Qwilfish": 2.1668201821802313, "Ampharos": 0.0, "Gligar": 0.0, "Electabuzz": 2.1668201821802313, "Politoed": 2.1668201821802313, "Chansey": 2.1668201821802313, "Haunter": 2.1668201821802313, "Scyther": 0.0, "Hypno": 0.0, "Mr. Mime": 0.0, "Arcanine": 0.0, "Granbull": 0.0}, "Checks and Counters": {}, "usage": 0.3855323}, "Electabuzz": {"Raw count": 9, "Viability Ceiling": [4, 71, 71, 71], "Abilities": {"noability": 2.246729204934958}, "Items": {"nothing": 2.1668201821802313, "scopelens": 0.053361809095426316, "leftovers": 0.026547213659300406}, "Spreads": {"Serious:252/252/252/252/252/252": 2.246729204934958}, "Moves": {"crosschop": 2.246729204934958, "thunderbolt": 2.246729204934958, "icepunch": 2.246729204934958, "thief": 2.1668201821802313, "raindance": 0.0, "thunder": 0.0, "screech": 0.0, "psychic": 0.0, "firepunch": 0.053361809095426316, "toxic": 0.026547213659300406}, "Tera Types": {"nothing": 2.246729204934958}, "Happiness": {"255": 2.246729204934958}, "Teammates": {"Qwilfish": 2.1668201821802313, "Politoed": 2.1668201821802313, "Nidoqueen": 2.1668201821802313, "Chansey": 2.1668201821802313, "Haunter": 2.1668201821802313, "Magmar": 0.0, "Poliwrath": 0.0, "Hitmonlee": 0.0, "Scyther": 0.0, "Sunflora": 0.0, "Slowbro": 0.0, "Hypno": 0.0},