{"info": {"metagame": "gen9aprilfoolsday", "cutoff": 1500.0, "cutoff deviation": 0, "team type": null, "number of battles": 6257}, "data": {"Leafeon": {"Raw count": 83496, "Viability Ceiling": [6390, 76, 67, 55], "Abilities": {"illuminate": 46951.48721748138}, "Items": {"leftovers": 46951.48721748138}, "Spreads": {"Jolly:0/252/4/0/0/252": 46951.48721748138}, "Moves": {"tidyup": 46951.48721748138, "bitterblade": 46951.48721748138, "razorshell": 23699.96031603253, "strengthsap": 23251.526901444195}, "Tera Types": {"fire": 46951.48721748138}, "Happiness": {"255": 46951.48721748138}, "Teammates": {"Leafeon": 106284.62669292693}, "Checks and Counters": {"Leafeon": [19176.489249276423, 0.49871903357131, 0.003610638664079005]}, "usage": 6.0}}}