{"info": {"metagame": "gen2uu", "cutoff": 1760.0, "cutoff deviation": 0, "team type": null, "number of battles": 8}, "data": {"Qwilfish": {"Raw count": 11, "Viability Ceiling": [6, 79, 79, 71], "Abilities": {"noability": 1.3536647071174137}, "Items": {"leftovers": 1.3536647071174137}, "Spreads": {"Serious:252/252/252/252/252/252": 1.3536647071174137}, "Moves": {"spikes": 1.3536647071174137, "sludgebomb": 1.3536647071174137, "hydropump": 1.205359001226714, "haze": 1.205359001226714, "curse": 0.0, "surf": 0.14830570589069958, "rest": 0.14830570589069958}, "Tera Types": {"nothing": 1.3536647071174137}, "Happiness": {"255": 1.3536647071174137}, "Teammates": {"Haunter": 0.2234582564419944, "Slowbro": 0.07515255055129483, "Piloswine": 0.07515255055129483, "Aerodactyl": 0.07515255055129483, "Granbull": 1.205359001226714, "Nidoqueen": 0.14830570589069958, "Ampharos": 0.0, "Gligar": 0.0, "Electabuzz": 0.14830570589069958, "Politoed": 0.14830570589069958, "Chansey": 0.14830570589069958, "Lanturn": 1.1302064506754192, "Sandslash": 1.1302064506754192, "Mr. Mime": 1.1302064506754192, "Feraligatr": 1.1302064506754192, "Scyther": 0.0, "Hypno": 0.0, "Arcanine": 0.0}, "Checks and Counters": {}, "usage": 1.0}, "Granbull": {"Raw count": 8, "Viability Ceiling": [5, 79, 79, 79], "Abilities": {"noability": 1.205359001226714}, "Items": {"leftovers": 1.205359001226714, "polkadotbow": 0.0}, "Spreads": {"Serious:252/252/252/252/252/252": 1.205359001226714}, "Moves": {"curse": 1.205359001226714, "frustration": 0.07515255055129483, "rest": 1.205359001226714, "sleeptalk": 1.205359001226714, "protect": 0.0, "headbutt": 0.0, "firepunch": 0.0, "icepunch": 0.0, "lovelykiss": 0.0, "return": 1.1302064506754192, "hiddenpowerground": 0.0}, "Tera Types": {"nothing": 1.205359001226714}, "Happiness": {"0": 0.07515255055129483, "255": 1.1302064506754192}, "Teammates": {"Haunter": 0.07515255055129483, "Slowbro": 0.07515255055129483, "Qwilfish": 1.205359001226714, "Piloswine": 0.07515255055129483, "Aerodactyl": 0.07515255055129483, "Ampharos": 0.0, "Arcanine": 0.0, "Crobat": 0.0, "Blastoise": 0.0, "Vileplume": 0.0, "Aipom": 0.0, "Girafarig": 0.0, "Butterfree": 0.0, "Primeape": 0.0, "Quagsire": 0.0, "Lanturn": 1.1302064506754192, "Sandslash": 1.1302064506754192, "Mr. Mime": 1.1302064506754192, "Feraligatr": 1.1302064506754192, "Nidoqueen": 0.0}, "Checks and Counters": {}, "usage": 0.8904413}, "Lanturn": {"Raw count": 3, "Viability Ceiling": [1, 79, 79, 79], "Abilities": {"noability": 1.1302064506754192}, "Items": {"mysticwater": 1.1302064506754192}, "Spreads": {"Serious:252/252/252/252/252/252": 1.1302064506754192}, "Moves": {"surf": 1.1302064506754192, "thunderbolt": 1.1302064506754192, "raindance": 1.1302064506754192, "thunderwave": 1.1302064506754192}, "Tera Types": {"nothing": 1.1302064506754192}, "Happiness": {"255": 1.1302064506754192}, "Teammates": {"Sandslash": 1.1302064506754192, "Granbull": 1.1302064506754192, "Qwilfish": 1.1302064506754192, "Mr. Mime": 1.1302064506754192, "Feraligatr": 1.1302064506754192}, "Checks and Counters": {}, "usage": 0.8349235}, "Sandslash": {"Raw count": 3, "Viability Ceiling": [1, 79, 79, 79], "Abilities": {"noability": 1.1302064506754192}, "Items": {"leftovers": 1.1302064506754192}, "Spreads": {"Serious:252/252/252/252/252/252": 1.1302064506754192}, "Moves": {"earthquake": 1.1302064506754192, "rockslide": 1.1302064506754192, "swordsdance": 1.1302064506754192, "substitute": 1.1302064506754192}, "Tera Types": {"nothing": 1.1302064506754192}, "Happiness": {"255": 1.1302064506754192}, "Teammates": {"Lanturn": 1.1302064506754192, "Granbull": 1.1302064506754192, "Qwilfish": 1.1302064506754192, "Mr. Mime": 1.1302064506754192, "Feraligatr": 1.1302064506754192}, "Checks and Counters": {}, "usage": 0.8349235}, "Mr. Mime": {"Raw count": 4, "Viability Ceiling": [2, 79, 79, 79], "Abilities": {"noability": 1.1302064506754192}, "Items": {"leftovers": 1.1302064506754192}, "Spreads": {"Serious:252/252/252/252/252/252": 1.1302064506754192, "Serious:252/0/252/252/252/252": 0.0}, "Moves": {"psychic": 1.1302064506754192, "thunder": 1.1302064506754192, "firepunch": 1.1302064506754192, "encore": 1.1302064506754192, "thunderbolt": 0.0, "thunderwave": 0.0, "hypnosis": 0.0}, "Tera Types": {"nothing": 1.1302064506754192}, "Happiness": {"255": 1.1302064506754192}, "Teammates": {"Lanturn": 1.1302064506754192, "Sandslash": 1.1302064506754192, "Granbull": 1.1302064506754192, "Qwilfish": 1.1302064506754192, "Feraligatr": 1.1302064506754192, "Nidoqueen": 0.0, "Arcanine": 0.0, "Slowbro": 0.0}, "Checks and Counters": {}, "usage": 0.8349235}, "Feraligatr": {"Raw count": 3, "Viability Ceiling": [1, 79, 79, 79], "Abilities": {"noability": 1.1302064506754192}, "Items": {"leftovers": 1.1302064506754192}, "Spreads": {"Serious:252/252/252/252/252/252": 1.1302064506754192}, "Moves": {"earthquake": 1.1302064506754192, "rockslide": 1.1302064506754192, "hydropump": 1.1302064506754192, "screech": 1.1302064506754192}, "Tera Types": {"nothing": 1.1302064506754192}, "Happiness": {"255": 1.1302064506754192}, "Teammates": {"Lanturn": 1.1302064506754192, "Sandslash": 1.1302064506754192, "Granbull": 1.1302064506754192, "Qwilfish": 1.1302064506754192, "Mr. Mime": 1.1302064506754192}, "Checks and Counters": {}, "usage": 0.8349235}, "Haunter": {"Raw count": 4, "Viability Ceiling": [2, 71, 71, 71], "Abilities": {"noability": 0.2234582564419944}, "Items": {"nothing": 0.2234582564419944}, "Spreads": {"Serious:252/252/252/252/252/252": 0.2234582564419944}, "Moves": {"thief": 0.2234582564419944, "thunder": 0.07515255055129483, "destinybond": 0.07515255055129483, "psychic": 0.07515255055129483, "thunderbolt": 0.14830570589069958, "meanlook": 0.14830570589069958, "perishsong": 0.14830570589069958}, "Tera Types": {"nothing": 0.2234582564419944}, "Happiness": {"255": 0.2234582564419944}, "Teammates": {"Slowbro": 0.07515255055129483, "Qwilfish": 0.2234582564419944, "Piloswine": 0.07515255055129483, "Aerodactyl": 0.07515255055129483, "Granbull": 0.07515255055129483, "Electabuzz": 0.14830570589069958, "Politoed": 0.14830570589069958, "Nidoqueen": 0.14830570589069958, "Chansey": 0.14830570589069958}, "Checks and Counters": {}, "usage": 0.16507650000000001}, "Nidoqueen": {"Raw count": 7, "Viability Ceiling": [4, 71, 71, 71], "Abilities": {"noability": 0.14830570589069958}, "Items": {"leftovers": 0.0, "nothing": 0.14830570589069958}, "Spreads": {"Serious:252/252/252/252/252/252": 0.14830570589069958}, "Moves": {"earthquake": 0.14830570589069958, "thunder": 0.0, "icebeam": 0.14830570589069958, "moonlight": 0.0, "lovelykiss": 0.14830570589069958, "thief": 0.14830570589069958, "fireblast": 0.0, "thunderbolt": 0.0}, "Tera Types": {"nothing": 0.14830570589069958}, "Happiness": {"255": 0.14830570589069958}, "Teammates": {"Slowbro": 0.0, "Aerodactyl": 0.0, "Qwilfish": 0.14830570589069958, "Ampharos": 0.0, "Gligar": 0.0, "Electabuzz": 0.14830570589069958, "Politoed": 0.14830570589069958, "Chansey": 0.14830570589069958, "Haunter": 0.14830570589069958, "Scyther": 0.0, "Hypno": 0.0, "Mr. Mime": 0.0, "Arcanine": 0.0, "Granbull": 0.0}, "Checks and Counters": {}, "usage": 0.10955870000000001}, "Electabuzz": {"Raw count": 9, "Viability Ceiling": [4, 71, 71, 71], "Abilities": {"noability": 0.15017490531719974}, "Items": {"nothing": 0.14830570589069958, "scopelens": 0.0017712045175011237, "leftovers": 9.799490899903285e-05}, "Spreads": {"Serious:252/252/252/252/252/252": 0.15017490531719974}, "Moves": {"crosschop": 0.15017490531719974, "thunderbolt": 0.15017490531719974, "icepunch": 0.15017490531719974, "thief": 0.14830570589069958, "raindance": 0.0, "thunder": 0.0, "screech": 0.0, "psychic": 0.0, "firepunch": 0.0017712045175011237, "toxic": 9.799490899903285e-05}, "Tera Types": {"nothing": 0.15017490531719974}, "Happiness": {"255": 0.15017490531719974}, "Teammates": {"Qwilfish": 0.14830570589069958, "Politoed": 0.14830570589069958, "Nidoqueen": 0.14830570589069958, "Chansey": 0.14830570589069958, "Haunter": 0.14830570589069958,