{"info": {"metagame": "gen9littlecolosseumlc", "cutoff": 1760.0, "cutoff deviation": 0, "team type": null, "number of battles": 20}, "data": {"Mienfoo": {"Raw count": 17, "Viability Ceiling": [4, 69, 69, 69], "Abilities": {"regenerator": 0.5015200733312419, "innerfocus": 0.0}, "Items": {"eviolite": 0.5015200733312419, "muscleband": 0.0}, "Spreads": {"Jolly:0/0/196/0/36/236": 0.4674077123124577, "Adamant:0/236/36/0/196/0": 0.03411236101878429, "Hardy:0/236/196/0/0/76": 0.0, "Impish:236/0/196/0/36/0": 0.0}, "Moves": {"highjumpkick": 0.5015200733312419, "knockoff": 0.5015200733312419, "uturn": 0.5015200733312419, "fakeout": 0.5015200733312419, "closecombat": 0.0, "acrobatics": 0.0, "protect": 0.0}, "Tera Types": {"steel": 0.4674077123124577, "fighting": 0.03411236101878429}, "Happiness": {"255": 0.5015200733312419}, "Teammates": {"Dreepy": 0.34204571468468614, "Wooper-Paldea": 0.34204571468468614, "Vullaby": 0.34204571468468614, "Sprigatito": 0.37615807570347043, "Tepig": 0.37615807570347043, "Foongus": 0.03411236101878429, "Voltorb-Hisui": 0.03411236101878429, "Jangmo-o": 0.03411236101878429, "Doduo": 0.0, "Voltorb": 0.0, "Sobble": 0.0, "Noibat": 0.0, "Bellsprout": 0.0, "Gothita": 0.0, "Diglett-Alola": 0.0, "Mudbray": 0.0, "Mareanie": 0.0}, "Checks and Counters": {}, "usage": 0.9925354}, "Sprigatito": {"Raw count": 15, "Viability Ceiling": [2, 69, 69, 69], "Abilities": {"illuminate": 0.5015200733312419}, "Items": {"lifeorb": 0.5015200733312419}, "Spreads": {"Jolly:0/236/4/0/0/236": 0.4674077123124577, "Jolly:0/236/0/0/0/236": 0.03411236101878429}, "Moves": {"flowertrick": 0.5015200733312419, "knockoff": 0.4674077123124577, "suckerpunch": 0.5015200733312419, "terablast": 0.4674077123124577, "playrough": 0.03411236101878429, "uturn": 0.03411236101878429}, "Tera Types": {"psychic": 0.4674077123124577, "fairy": 0.03411236101878429}, "Happiness": {"255": 0.5015200733312419}, "Teammates": {"Dreepy": 0.34204571468468614, "Wooper-Paldea": 0.34204571468468614, "Vullaby": 0.34204571468468614, "Mienfoo": 0.37615807570347043, "Tepig": 0.37615807570347043, "Foongus": 0.03411236101878429, "Voltorb-Hisui": 0.03411236101878429, "Jangmo-o": 0.03411236101878429}, "Checks and Counters": {}, "usage": 0.9925354}, "Tepig": {"Raw count": 15, "Viability Ceiling": [2, 69, 69, 69], "Abilities": {"sapsipper": 0.5015200733312419}, "Items": {"eviolite": 0.5015200733312419}, "Spreads": {"Adamant:0/12/196/0/196/76": 0.4674077123124577, "Careful:236/12/0/0/236/0": 0.03411236101878429}, "Moves": {"willowisp": 0.5015200733312419, "slackoff": 0.5015200733312419, "earthquake": 0.5015200733312419, "flareblitz": 0.4674077123124577, "stealthrock": 0.03411236101878429}, "Tera Types": {"water": 0.5015200733312419}, "Happiness": {"255": 0.5015200733312419}, "Teammates": {"Dreepy": 0.34204571468468614, "Wooper-Paldea": 0.34204571468468614, "Vullaby": 0.34204571468468614, "Mienfoo": 0.37615807570347043, "Sprigatito": 0.37615807570347043, "Foongus": 0.03411236101878429, "Voltorb-Hisui": 0.03411236101878429, "Jangmo-o": 0.03411236101878429}, "Checks and Counters": {}, "usage": 0.9925354}, "Dreepy": {"Raw count": 14, "Viability Ceiling": [2, 69, 69, 69], "Abilities": {"cursedbody": 0.4674077123124577}, "Items": {"eviolite": 0.4674077123124577, "whiteherb": 0.0}, "Spreads": {"Timid:0/0/0/180/0/180": 0.4674077123124577, "Timid:0/0/0/196/116/180": 0.0}, "Moves": {"dracometeor": 0.4674077123124577, "hex": 0.4674077123124577, "uturn": 0.4674077123124577, "willowisp": 0.4674077123124577, "terablast": 0.0, "curse": 0.0, "disable": 0.0}, "Tera Types": {"ghost": 0.4674077123124577, "poison": 0.0}, "Happiness": {"255": 0.4674077123124577}, "Teammates": {"Wooper-Paldea": 0.34204571468468614, "Vullaby": 0.34204571468468614, "Mienfoo": 0.34204571468468614, "Sprigatito": 0.34204571468468614, "Tepig": 0.34204571468468614, "Arrokuda": 0.0, "Cottonee": 0.0, "Mareep": 0.0, "Rockruff": 0.0, "Slugma": 0.0}, "Checks and Counters": {}, "usage": 0.9025261}, "Wooper-Paldea": {"Raw count": 14, "Viability Ceiling": [2, 69, 69, 69], "Abilities": {"waterabsorb": 0.4674077123124577}, "Items": {"eviolite": 0.4674077123124577, "blacksludge": 0.0}, "Spreads": {"Impish:0/76/156/0/76/156": 0.4674077123124577, "Careful:0/4/252/0/252/0": 0.0}, "Moves": {"stealthrock": 0.4674077123124577, "recover": 0.4674077123124577, "gunkshot": 0.4674077123124577, "earthquake": 0.4674077123124577, "toxic": 0.0, "spikes": 0.0}, "Tera Types": {"flying": 0.4674077123124577, "poison": 0.0}, "Happiness": {"255": 0.4674077123124577}, "Teammates": {"Dreepy": 0.34204571468468614, "Vullaby": 0.34204571468468614, "Mienfoo": 0.34204571468468614, "Sprigatito": 0.34204571468468614, "Tepig": 0.34204571468468614, "Litten": 0.0, "Grookey": 0.0, "Cranidos": 0.0, "Blitzle": 0.0, "Beldum": 0.0}, "Checks and Counters": {}, "usage": 0.9025261}, "Vullaby": {"Raw count": 19, "Viability Ceiling": [5, 69, 69, 69], "Abilities": {"weakarmor": 0.4674077123124577, "bigpecks": 0.0}, "Items": {"eviolite": 0.4674077123124577}, "Spreads": {"Jolly:0/236/76/0/0/196": 0.4674077123124577, "Adamant:0/236/76/0/0/196": 0.0, "Impish:196/76/236/0/0/0": 0.0, "Adamant:0/236/156/0/0/116": 0.0}, "Moves": {"bravebird": 0.4674077123124577, "knockoff": 0.4674077123124577, "roost": 0.4674077123124577, "uturn": 0.4674077123124577, "defog": 0.0, "tailwind": 0.0}, "Tera Types": {"electric": 0.4674077123124577, "dark": 0.0, "ghost": 0.0}, "Happiness": {"255": 0.4674077123124577}, "Teammates": {"Dreepy": 0.34204571468468614, "Wooper-Paldea": 0.34204571468468614, "Mienfoo": 0.34204571468468614, "Sprigatito": 0.34204571468468614, "Tepig": 0.34204571468468614, "Jangmo-o": 0.0, "Foongus": 0.0, "Wooper": 0.0, "Voltorb-Hisui": 0.0, "Meowth-Galar": 0.0, "Toxel": 0.0, "Mudbray": 0.0, "Timburr": 0.0, "Glimmet": 0.0, "Gothita": 0.0, "Diglett-Alola": 0.0, "Mareanie": 0.0}, "Checks and Counters": {}, "usage": 0.9025261}, "Jangmo-o": {"Raw count": 5, "Viability Ceiling": [2, 63, 63, 63], "Abilities": {"overcoat": 0.0, "marvelscale": 0.03411236101878429}, "Items": {"eviolite": 0.03411236101878429}, "Spreads": {"Bold:0/0/156/76/236/0": 0.0, "Modest:0/0/0/236/236/0": 0.03411236101878429}, "Moves": {"bulkup": 0.0, "takeheart": 0.0, "drainingkiss": 0.03411236101878429, "scaleshot": 0.0, "slackoff": 0.03411236101878429, "dracometeor": 0.03411236101878429, "terablast": 0.03411236101878429}, "Tera Types": {"steel": 0.0, "water": 0.03411236101878429}, "Happiness": {"255": 0.03411236101878429}, "Teammates": {"Foongus": 0.03411236101878429, "Wooper": 0.0, "Vullaby": 0.0, "Voltorb-Hisui": 0.03411236101878429, "Meowth-Galar": 0.0, "Sprigatito": 0.03411236101878429, "Mienfoo": 0.03411236101878429, "Tepig": 0.03411236101878429}, "Checks and Counters": {}, "usage": 0.0900093}, "Foongus": {"Raw count": 6, "Viability Ceiling": [3, 63, 63, 63], "Abilities": {"regenerator": 0.03411236101878429}, "Items": {"eviolite": 0.03411236101878429}, "Spreads": {"Bold:124/0/156/0/156/0": 0.03411236101878429, "Calm:0/0/156/0/116/236": 0.0}, "Moves": {"spore": 0.03411236101878429, "gigadrain": 0.03411236101878429, "sludgebomb": 0.03411236101878429, "synthesis": 0.03411236101878429, "protect": 0.0, "ragepowder": 0.0}, "Tera Types": {"ghost": 0.0, "dragon": 0.03411236101878429, "grass": 0.0}, "Happiness": {"255": 0.03411236101878429}, "Teammates": {"Jangmo-o": 0.03411236101878429, "Wooper": 0.0, "Vullaby": 0.0, "Voltorb-Hisui": 0.03411236101878429, "Meowth-Galar": 0.0, "Sprigatito": 0.03411236101878429, "Mienfoo": 0.03411236101878429, "Tepig": 0.03411236101878429, "Cufant": 0.0, "Axew": 0.0, "Growlithe-Hisui": 0.0, "Golett": 0.0, "Flabebe": 0.0}, "Checks and Counters": {}, "usage": 0.0900093}, "Voltorb-Hisui": {"Raw count": 5, "Viability Ceiling": [2, 63, 63, 63], "Abilities": {"static": 0.0, "soundproof": 0.03411236101878429}, "Items": {"eviolite": 0.03411236101878429}, "Spreads": {"Timid:0/0/0/236/76/196": 0.03411236101878429}, "Moves": {"voltswitch": 0.03411236101878429, "gigadrain": 0.03411236101878429, "terablast": 0.0,