{"info": {"metagame": "gen9relayrace", "cutoff": 1630.0, "cutoff deviation": 0, "team type": null, "number of battles": 8}, "data": {"Quaquaval": {"Raw count": 3, "Viability Ceiling": [2, 43, 43, 43], "Abilities": {"moxie": 0.01008669897154918}, "Items": {"focussash": 8.796611083550232e-05, "widelens": 0.009998732860713677}, "Spreads": {"Jolly:0/252/0/0/4/252": 8.796611083550232e-05, "Jolly:0/150/100/0/100/158": 0.009998732860713677}, "Moves": {"aquastep": 0.01008669897154918, "focusenergy": 8.796611083550232e-05, "swordsdance": 8.796611083550232e-05, "brickbreak": 8.796611083550232e-05, "flipturn": 0.009998732860713677, "tripleaxel": 0.009998732860713677, "lowsweep": 0.009998732860713677}, "Tera Types": {"nothing": 0.01008669897154918}, "Happiness": {"255": 0.01008669897154918}, "Teammates": {"Blissey": 8.796611083550232e-05, "Revavroom": 8.796611083550232e-05, "Volcarona": 8.796611083550232e-05, "Serperior": 8.796611083550232e-05, "Hoopa-Unbound": 8.796611083550232e-05, "Garchomp": 0.0062833585259476354, "Gliscor": 0.0062833585259476354, "Dragapult": 0.0062833585259476354, "Malamar": 0.0062833585259476354, "Espathra": 0.0062833585259476354}, "Checks and Counters": {}, "usage": 0.0382279}, "Gliscor": {"Raw count": 4, "Viability Ceiling": [2, 58, 58, 58], "Abilities": {"poisonheal": 0.009998732860713677}, "Items": {"toxicorb": 0.009998732860713677}, "Spreads": {"Jolly:244/0/12/0/0/252": 0.0, "Jolly:0/162/100/0/100/146": 0.009998732860713677}, "Moves": {"earthquake": 0.009998732860713677, "taunt": 0.0, "substitute": 0.0, "protect": 0.0, "knockoff": 0.009998732860713677, "spikes": 0.009998732860713677, "uturn": 0.009998732860713677}, "Tera Types": {"nothing": 0.009998732860713677}, "Happiness": {"255": 0.009998732860713677}, "Teammates": {"Alomomola": 0.0, "Gholdengo": 0.0, "Pecharunt": 0.0, "Serperior": 0.0, "Terapagos": 0.0, "Garchomp": 0.0062833585259476354, "Dragapult": 0.0062833585259476354, "Malamar": 0.0062833585259476354, "Quaquaval": 0.0062833585259476354, "Espathra": 0.0062833585259476354}, "Checks and Counters": {}, "usage": 0.0377002}, "Dragapult": {"Raw count": 3, "Viability Ceiling": [2, 44, 44, 44], "Abilities": {"cursedbody": 0.0, "clearbody": 0.009998732860713677}, "Items": {"sitrusberry": 0.0, "leftovers": 0.009998732860713677}, "Spreads": {"Jolly:0/252/0/0/4/252": 0.0, "Jolly:0/160/92/0/92/164": 0.009998732860713677}, "Moves": {"dragondarts": 0.0, "uturn": 0.009998732860713677, "willowisp": 0.0, "curse": 0.009998732860713677, "dragondance": 0.009998732860713677, "breakingswipe": 0.009998732860713677}, "Tera Types": {"nothing": 0.009998732860713677}, "Happiness": {"255": 0.009998732860713677}, "Teammates": {"Araquanid": 0.0, "Klefki": 0.0, "Alomomola": 0.0, "Kingambit": 0.0, "Raging Bolt": 0.0, "Garchomp": 0.0062833585259476354, "Gliscor": 0.0062833585259476354, "Malamar": 0.0062833585259476354, "Quaquaval": 0.0062833585259476354, "Espathra": 0.0062833585259476354}, "Checks and Counters": {}, "usage": 0.0377002}, "Garchomp": {"Raw count": 5, "Viability Ceiling": [2, 59, 59, 59], "Abilities": {"roughskin": 0.009998732860713677}, "Items": {"loadeddice": 0.0, "rockyhelmet": 0.009998732860713677}, "Spreads": {"Jolly:0/252/0/0/4/252": 0.0, "Jolly:0/144/100/0/100/164": 0.009998732860713677}, "Moves": {"swordsdance": 0.0, "scaleshot": 0.0, "earthquake": 0.009998732860713677, "firefang": 0.0, "ironhead": 0.009998732860713677, "dragonclaw": 0.009998732860713677, "stealthrock": 0.009998732860713677}, "Tera Types": {"nothing": 0.009998732860713677}, "Happiness": {"255": 0.009998732860713677}, "Teammates": {"Klefki": 0.0, "Primarina": 0.0, "Mienshao": 0.0, "Slowbro-Galar": 0.0, "Heatran": 0.0, "Gliscor": 0.0062833585259476354, "Dragapult": 0.0062833585259476354, "Malamar": 0.0062833585259476354, "Quaquaval": 0.0062833585259476354, "Espathra": 0.0062833585259476354}, "Checks and Counters": {}, "usage": 0.0377002}, "Malamar": {"Raw count": 4, "Viability Ceiling": [2, 54, 54, 54], "Abilities": {"contrary": 0.009998732860713677}, "Items": {"leftovers": 0.0, "expertbelt": 0.009998732860713677}, "Spreads": {"Adamant:252/252/0/0/4/0": 0.0, "Adamant:0/172/100/0/100/136": 0.009998732860713677}, "Moves": {"superpower": 0.009998732860713677, "knockoff": 0.009998732860713677, "psychocut": 0.009998732860713677, "lunge": 0.0, "topsyturvy": 0.009998732860713677}, "Tera Types": {"nothing": 0.009998732860713677}, "Happiness": {"255": 0.009998732860713677}, "Teammates": {"Serperior": 0.0, "Blissey": 0.0, "Espeon": 0.0, "Gholdengo": 0.0, "Alomomola": 0.0, "Garchomp": 0.0062833585259476354, "Gliscor": 0.0062833585259476354, "Dragapult": 0.0062833585259476354, "Quaquaval": 0.0062833585259476354, "Espathra": 0.0062833585259476354}, "Checks and Counters": {}, "usage": 0.0377002}, "Espathra": {"Raw count": 2, "Viability Ceiling": [1, 43, 43, 43], "Abilities": {"opportunist": 0.009998732860713677}, "Items": {"metronome": 0.009998732860713677}, "Spreads": {"Timid:0/0/92/160/92/164": 0.009998732860713677}, "Moves": {"calmmind": 0.009998732860713677, "storedpower": 0.009998732860713677, "luminacrash": 0.009998732860713677, "terablast": 0.009998732860713677}, "Tera Types": {"nothing": 0.009998732860713677}, "Happiness": {"255": 0.009998732860713677}, "Teammates": {"Garchomp": 0.0062833585259476354, "Gliscor": 0.0062833585259476354, "Dragapult": 0.0062833585259476354, "Malamar": 0.0062833585259476354, "Quaquaval": 0.0062833585259476354}, "Checks and Counters": {}, "usage": 0.0377002}, "Serperior": {"Raw count": 6, "Viability Ceiling": [4, 58, 58, 58], "Abilities": {"contrary": 0.0014584010041651663}, "Items": {"leftovers": 0.0014584010041651663}, "Spreads": {"Timid:244/0/12/0/0/252": 0.0, "Timid:0/0/0/252/4/252": 8.796611083550232e-05, "Timid:0/0/4/252/0/252": 0.001370434893329664, "Timid:252/0/0/4/0/252": 0.0}, "Moves": {"leafstorm": 0.0014584010041651663, "substitute": 0.001370434893329664, "glare": 0.0, "leechseed": 0.0014584010041651663, "synthesis": 8.796611083550232e-05, "dragonpulse": 8.796611083550232e-05, "taunt": 0.001370434893329664, "terablast": 0.0}, "Tera Types": {"nothing": 0.0014584010041651663}, "Happiness": {"255": 0.0014584010041651663}, "Teammates": {"Alomomola": 0.0, "Gliscor": 0.0, "Gholdengo": 0.001370434893329664, "Pecharunt": 0.0, "Terapagos": 0.0, "Blissey": 8.796611083550232e-05, "Quaquaval": 8.796611083550232e-05, "Revavroom": 8.796611083550232e-05, "Volcarona": 8.796611083550232e-05, "Hoopa-Unbound": 8.796611083550232e-05, "Glimmora": 0.001370434893329664, "Samurott-Hisui": 0.001370434893329664, "Clefable": 0.001370434893329664, "Incineroar": 0.001370434893329664, "Malamar": 0.0, "Espeon": 0.0}, "Checks and Counters": {}, "usage": 0.0087504}, "Gholdengo": {"Raw count": 6, "Viability Ceiling": [4, 58, 58, 58], "Abilities": {"goodasgold": 0.001370434893329664}, "Items": {"weaknesspolicy": 0.0, "airballoon": 0.0, "heavydutyboots": 0.001370434893329664, "choicescarf": 0.0}, "Spreads": {"Timid:112/0/0/144/0/252": 0.0, "Modest:252/0/0/252/4/0": 0.0, "Bold:252/0/196/0/0/60": 0.001370434893329664, "Timid:0/0/0/252/4/252": 0.0}, "Moves": {"makeitrain": 0.0, "shadowball": 0.001370434893329664, "nastyplot": 0.0, "recover": 0.001370434893329664, "dazzlinggleam": 0.0, "substitute": 0.001370434893329664, "flashcannon": 0.001370434893329664, "trick": 0.0}, "Tera Types": {"nothing": 0.001370434893329664}, "Happiness": {"255": 0.001370434893329664}, "Teammates": {"Alomomola": 0.0, "Gliscor": 0.0, "Pecharunt": 0.0, "Serperior": 0.001370434893329664, "Terapagos": 0.0, "Numel": 0.0, "Deoxys-Speed": 0.0, "Ninetales": 0.0, "Roaring Moon": 0.0, "Glimmora": 0.001370434893329664, "Samurott-Hisui": 0.001370434893329664, "Clefable": 0.001370434893329664, "Incineroar": 0.001370434893329664, "Malamar": 0.0, "Blissey": 0.0, "Espeon": 0.0}, "Checks and Counters": {}, "usage": 0.0082226}, "Clefable": {"Raw count": 5, "Viability Ceiling": [3, 58, 58, 58], "Abilities": {"unaware": 0.001370434893329664}, "Items": {"leftovers": 0.0, "focussash": 0.0,