{"info": {"metagame": "gen9nationaldexubersuu", "cutoff": 1760.0, "cutoff deviation": 0, "team type": null, "number of battles": 4}, "data": {"Chien-Pao": {"Raw count": 3, "Viability Ceiling": [3, 76, 76, 76], "Abilities": {"swordofruin": 0.2936906832799583}, "Items": {"heavydutyboots": 0.0, "darkiniumz": 0.2895856737396756, "expertbelt": 0.0041050095402827}, "Spreads": {"Jolly:0/252/0/0/4/252": 0.0, "Naive:0/252/0/4/0/252": 0.2895856737396756, "Jolly:4/252/0/0/0/252": 0.0041050095402827}, "Moves": {"swordsdance": 0.2895856737396756, "iciclecrash": 0.2936906832799583, "suckerpunch": 0.0, "sacredsword": 0.0041050095402827, "crunch": 0.2936906832799583, "substitute": 0.2895856737396756, "terablast": 0.0041050095402827}, "Tera Types": {"fighting": 0.0, "nothing": 0.2895856737396756, "electric": 0.0041050095402827}, "Happiness": {"255": 0.2936906832799583}, "Teammates": {"Ribombee": 0.0, "Lucario-Mega": 0.0, "Genesect": 0.0, "Landorus": 0.0041050095402827, "Spectrier": 0.0, "Tapu Lele": 0.2895856737396756, "Metagross-Mega": 0.2895856737396756, "Arceus-Steel": 0.2895856737396756, "Landorus-Therian": 0.2895856737396756, "Pheromosa": 0.2895856737396756, "Mewtwo-Mega-X": 0.0041050095402827, "Groudon": 0.0041050095402827, "Reshiram": 0.0041050095402827, "Terapagos": 0.0041050095402827}, "Checks and Counters": {}, "usage": 0.9998345999999999}, "Landorus-Therian": {"Raw count": 2, "Viability Ceiling": [2, 76, 76, 76], "Abilities": {"intimidate": 0.289634248434802}, "Items": {"rockyhelmet": 0.289634248434802}, "Spreads": {"Impish:112/48/108/0/84/156": 4.8574695126424317e-05, "Adamant:0/252/0/0/4/252": 0.2895856737396756}, "Moves": {"earthquake": 0.289634248434802, "uturn": 0.289634248434802, "defog": 4.8574695126424317e-05, "taunt": 4.8574695126424317e-05, "stealthrock": 0.2895856737396756, "toxic": 0.2895856737396756}, "Tera Types": {"dragon": 4.8574695126424317e-05, "water": 0.2895856737396756}, "Happiness": {"255": 0.289634248434802}, "Teammates": {"Magearna": 4.8574695126424317e-05, "Moltres": 4.8574695126424317e-05, "Terapagos": 4.8574695126424317e-05, "Urshifu": 4.8574695126424317e-05, "Gholdengo": 4.8574695126424317e-05, "Tapu Lele": 0.2895856737396756, "Chien-Pao": 0.2895856737396756, "Metagross-Mega": 0.2895856737396756, "Arceus-Steel": 0.2895856737396756, "Pheromosa": 0.2895856737396756}, "Checks and Counters": {}, "usage": 0.986025}, "Arceus-Steel": {"Raw count": 2, "Viability Ceiling": [2, 76, 76, 76], "Abilities": {"multitype": 0.2895856737396756}, "Items": {"ironplate": 0.2895856737396756}, "Spreads": {"Adamant:0/252/4/0/0/252": 0.0, "Timid:252/0/0/4/0/252": 0.2895856737396756}, "Moves": {"ironhead": 0.0, "earthquake": 0.0, "dragondance": 0.0, "tailwind": 0.0, "judgment": 0.2895856737396756, "calmmind": 0.2895856737396756, "taunt": 0.2895856737396756, "recover": 0.2895856737396756}, "Tera Types": {"ground": 0.0, "fairy": 0.2895856737396756}, "Happiness": {"255": 0.2895856737396756}, "Teammates": {"Mewtwo-Mega-X": 0.0, "Dialga-Origin": 0.0, "Ursaluna-Bloodmoon": 0.0, "Dracovish": 0.0, "Pheromosa": 0.2895856737396756, "Tapu Lele": 0.2895856737396756, "Chien-Pao": 0.2895856737396756, "Metagross-Mega": 0.2895856737396756, "Landorus-Therian": 0.2895856737396756}, "Checks and Counters": {}, "usage": 0.9858596}, "Pheromosa": {"Raw count": 2, "Viability Ceiling": [2, 76, 76, 76], "Abilities": {"beastboost": 0.2895856737396756}, "Items": {"focussash": 0.0, "choiceband": 0.2895856737396756}, "Spreads": {"Adamant:0/252/4/0/0/252": 0.0, "Jolly:0/252/0/0/4/252": 0.2895856737396756}, "Moves": {"closecombat": 0.2895856737396756, "throatchop": 0.0, "tripleaxel": 0.2895856737396756, "rapidspin": 0.2895856737396756, "uturn": 0.2895856737396756}, "Tera Types": {"dark": 0.0, "fighting": 0.2895856737396756}, "Happiness": {"255": 0.2895856737396756}, "Teammates": {"Mewtwo-Mega-X": 0.0, "Arceus-Steel": 0.2895856737396756, "Dialga-Origin": 0.0, "Ursaluna-Bloodmoon": 0.0, "Dracovish": 0.0, "Tapu Lele": 0.2895856737396756, "Chien-Pao": 0.2895856737396756, "Metagross-Mega": 0.2895856737396756, "Landorus-Therian": 0.2895856737396756}, "Checks and Counters": {}, "usage": 0.9858596}, "Metagross-Mega": {"Raw count": 2, "Viability Ceiling": [2, 76, 76, 76], "Abilities": {"toughclaws": 0.2895856737396756}, "Items": {"metagrossite": 0.2895856737396756}, "Spreads": {"Jolly:0/252/0/4/0/252": 0.0, "Adamant:0/252/0/0/4/252": 0.2895856737396756}, "Moves": {"ironhead": 0.0, "psychicfangs": 0.2895856737396756, "knockoff": 0.0, "poweruppunch": 0.0, "stompingtantrum": 0.2895856737396756, "meteormash": 0.2895856737396756, "trailblaze": 0.2895856737396756}, "Tera Types": {"nothing": 0.2895856737396756}, "Happiness": {"255": 0.2895856737396756}, "Teammates": {"Palkia-Origin": 0.0, "Terapagos": 0.0, "Ursaluna-Bloodmoon": 0.0, "Arceus-Grass": 0.0, "Giratina": 0.0, "Tapu Lele": 0.2895856737396756, "Chien-Pao": 0.2895856737396756, "Arceus-Steel": 0.2895856737396756, "Landorus-Therian": 0.2895856737396756, "Pheromosa": 0.2895856737396756}, "Checks and Counters": {}, "usage": 0.9858596}, "Tapu Lele": {"Raw count": 1, "Viability Ceiling": [1, 76, 76, 76], "Abilities": {"psychicsurge": 0.2895856737396756}, "Items": {"choicescarf": 0.2895856737396756}, "Spreads": {"Timid:0/0/0/252/4/252": 0.2895856737396756}, "Moves": {"psychic": 0.2895856737396756, "moonblast": 0.2895856737396756, "focusblast": 0.2895856737396756, "futuresight": 0.2895856737396756}, "Tera Types": {"fairy": 0.2895856737396756}, "Happiness": {"255": 0.2895856737396756}, "Teammates": {"Chien-Pao": 0.2895856737396756, "Metagross-Mega": 0.2895856737396756, "Arceus-Steel": 0.2895856737396756, "Landorus-Therian": 0.2895856737396756, "Pheromosa": 0.2895856737396756}, "Checks and Counters": {}, "usage": 0.9858596}, "Terapagos": {"Raw count": 3, "Viability Ceiling": [2, 52, 52, 52], "Abilities": {"terashift": 0.004153584235409125}, "Items": {"heavydutyboots": 4.8574695126424317e-05, "leftovers": 0.0041050095402827}, "Spreads": {"Modest:248/0/0/252/8/0": 4.8574695126424317e-05, "Modest:252/0/128/0/128/0": 0.0, "Modest:252/0/252/0/0/4": 0.0041050095402827}, "Moves": {"terastarstorm": 0.004153584235409125, "rapidspin": 0.004153584235409125, "calmmind": 0.004153584235409125, "earthpower": 4.8574695126424317e-05, "icebeam": 0.0, "thunderbolt": 0.0041050095402827}, "Tera Types": {"stellar": 0.004153584235409125}, "Happiness": {"255": 0.004153584235409125}, "Teammates": {"Magearna": 4.8574695126424317e-05, "Moltres": 4.8574695126424317e-05, "Urshifu": 4.8574695126424317e-05, "Landorus-Therian": 4.8574695126424317e-05, "Gholdengo": 4.8574695126424317e-05, "Metagross-Mega": 0.0, "Palkia-Origin": 0.0, "Ursaluna-Bloodmoon": 0.0, "Arceus-Grass": 0.0, "Giratina": 0.0, "Mewtwo-Mega-X": 0.0041050095402827, "Groudon": 0.0041050095402827, "Chien-Pao": 0.0041050095402827, "Landorus": 0.0041050095402827, "Reshiram": 0.0041050095402827}, "Checks and Counters": {}, "usage": 0.0141404}, "Mewtwo-Mega-X": {"Raw count": 2, "Viability Ceiling": [2, 56, 56, 56], "Abilities": {"steadfast": 0.0041050095402827}, "Items": {"mewtwonitex": 0.0041050095402827}, "Spreads": {"Jolly:0/252/4/0/0/252": 0.0, "Timid:4/0/0/252/0/252": 0.0041050095402827}, "Moves": {"drainpunch": 0.0, "zenheadbutt": 0.0, "knockoff": 0.0, "taunt": 0.0, "darkpulse": 0.0041050095402827, "psystrike": 0.0041050095402827, "nastyplot": 0.0041050095402827, "focusblast": 0.0041050095402827}, "Tera Types": {"nothing": 0.0041050095402827}, "Happiness": {"255": 0.0041050095402827}, "Teammates": {"Arceus-Steel": 0.0, "Dialga-Origin": 0.0, "Ursaluna-Bloodmoon": 0.0, "Dracovish": 0.0, "Pheromosa": 0.0, "Groudon": 0.0041050095402827, "Chien-Pao": 0.0041050095402827, "Landorus": 0.0041050095402827, "Reshiram": 0.0041050095402827, "Terapagos": 0.0041050095402827}, "Checks and Counters": {}, "usage": 0.013975}, "Groudon": {"Raw count": 2, "Viability Ceiling": [1, 56, 56, 56], "Abilities": {"drought": 0.0041050095402827}, "Items": {"heatrock": 0.0, "leftovers": 0.0041050095402827},