{"info": {"metagame": "gen1uu", "cutoff": 1630.0, "cutoff deviation": 0, "team type": null, "number of battles": 3}, "data": {"Hypno": {"Raw count": 6, "Viability Ceiling": [4, 83, 83, 83], "Abilities": {"noability": 1.1576479066887873}, "Items": {"nothing": 1.1576479066887873}, "Spreads": {"Serious:252/252/252/252/252/252": 1.1576479066887873}, "Moves": {"psychic": 1.1576479066887873, "hypnosis": 1.1156340191969147, "seismictoss": 0.1020027978794083, "thunderwave": 1.1576479066887873, "rest": 1.0419947711447173, "bodyslam": 0.055664225156534186}, "Tera Types": {"nothing": 1.1576479066887873}, "Happiness": {"255": 1.1576479066887873}, "Teammates": {"Moltres": 0.042013887491872404, "Lapras": 0.042013887491872404, "Persian": 0.042013887491872404, "Dodrio": 0.042013887491872404, "Haunter": 0.09767811264840659, "Slowbro": 0.055664225156534186, "Dragonite": 0.055664225156534186, "Articuno": 0.055664225156534186, "Dugtrio": 0.055664225156534186, "Kangaskhan": 0.0, "Raichu": 0.0, "Electabuzz": 0.0}, "Checks and Counters": {}, "usage": 0.5860687}, "Haunter": {"Raw count": 6, "Viability Ceiling": [3, 71, 71, 71], "Abilities": {"noability": 0.8342338359150574}, "Items": {"nothing": 0.8342338359150574}, "Spreads": {"Serious:252/252/252/252/252/252": 0.8342338359150574}, "Moves": {"thunderbolt": 0.8342338359150574, "nightshade": 0.8342338359150574, "hypnosis": 0.8342338359150574, "confuseray": 0.676566812879115, "explosion": 0.1576670230359425, "rest": 0.0}, "Tera Types": {"nothing": 0.8342338359150574}, "Happiness": {"255": 0.8342338359150574}, "Teammates": {"Moltres": 0.042013887491872404, "Hypno": 0.09767811264840659, "Lapras": 0.042013887491872404, "Persian": 0.042013887491872404, "Dodrio": 0.042013887491872404, "Kadabra": 0.0, "Articuno": 0.055664225156534186, "Clefable": 0.0, "Ninetales": 0.0, "Golem": 0.0, "Slowbro": 0.055664225156534186, "Dragonite": 0.055664225156534186, "Dugtrio": 0.055664225156534186}, "Checks and Counters": {}, "usage": 0.5860687}, "Articuno": {"Raw count": 3, "Viability Ceiling": [2, 54, 54, 54], "Abilities": {"noability": 0.055664225156534186}, "Items": {"nothing": 0.055664225156534186}, "Spreads": {"Serious:252/252/224/112/112/252": 0.0, "Serious:252/252/252/252/252/252": 0.055664225156534186}, "Moves": {"agility": 0.055664225156534186, "icebeam": 0.0, "blizzard": 0.055664225156534186, "reflect": 0.0, "doubleedge": 0.055664225156534186, "hyperbeam": 0.055664225156534186}, "Tera Types": {"nothing": 0.055664225156534186}, "Happiness": {"255": 0.055664225156534186}, "Teammates": {"Haunter": 0.055664225156534186, "Kadabra": 0.0, "Clefable": 0.0, "Ninetales": 0.0, "Golem": 0.0, "Slowbro": 0.055664225156534186, "Hypno": 0.055664225156534186, "Dragonite": 0.055664225156534186, "Dugtrio": 0.055664225156534186}, "Checks and Counters": {}, "usage": 0.3339854}, "Slowbro": {"Raw count": 4, "Viability Ceiling": [4, 83, 83, 83], "Abilities": {"noability": 1.055645108809379}, "Items": {"nothing": 1.055645108809379}, "Spreads": {"Serious:252/252/252/252/252/252": 1.055645108809379}, "Moves": {"amnesia": 1.055645108809379, "rest": 1.055645108809379, "psychic": 1.055645108809379, "thunderwave": 1.055645108809379, "surf": 0.0}, "Tera Types": {"nothing": 1.055645108809379}, "Happiness": {"255": 1.055645108809379}, "Teammates": {"Haunter": 0.055664225156534186, "Hypno": 0.055664225156534186, "Dragonite": 0.055664225156534186, "Articuno": 0.055664225156534186, "Dugtrio": 0.055664225156534186, "Kangaskhan": 0.0, "Raichu": 0.0, "Electabuzz": 0.0, "Lapras": 0.0}, "Checks and Counters": {}, "usage": 0.3339854}, "Dragonite": {"Raw count": 1, "Viability Ceiling": [1, 54, 54, 54], "Abilities": {"noability": 0.055664225156534186}, "Items": {"nothing": 0.055664225156534186}, "Spreads": {"Serious:252/252/252/252/252/252": 0.055664225156534186}, "Moves": {"hyperbeam": 0.055664225156534186, "blizzard": 0.055664225156534186, "thunderbolt": 0.055664225156534186, "thunderwave": 0.055664225156534186}, "Tera Types": {"nothing": 0.055664225156534186}, "Happiness": {"255": 0.055664225156534186}, "Teammates": {"Haunter": 0.055664225156534186, "Slowbro": 0.055664225156534186, "Hypno": 0.055664225156534186, "Articuno": 0.055664225156534186, "Dugtrio": 0.055664225156534186}, "Checks and Counters": {}, "usage": 0.3339854}, "Dugtrio": {"Raw count": 1, "Viability Ceiling": [1, 54, 54, 54], "Abilities": {"noability": 0.055664225156534186}, "Items": {"nothing": 0.055664225156534186}, "Spreads": {"Serious:252/252/252/252/252/252": 0.055664225156534186}, "Moves": {"earthquake": 0.055664225156534186, "rockslide": 0.055664225156534186, "slash": 0.055664225156534186, "substitute": 0.055664225156534186}, "Tera Types": {"nothing": 0.055664225156534186}, "Happiness": {"255": 0.055664225156534186}, "Teammates": {"Haunter": 0.055664225156534186, "Slowbro": 0.055664225156534186, "Hypno": 0.055664225156534186, "Dragonite": 0.055664225156534186, "Articuno": 0.055664225156534186}, "Checks and Counters": {}, "usage": 0.3339854}, "Dodrio": {"Raw count": 2, "Viability Ceiling": [2, 64, 64, 64], "Abilities": {"noability": 0.042013887491872404}, "Items": {"nothing": 0.042013887491872404}, "Spreads": {"Serious:252/252/252/252/252/252": 0.042013887491872404}, "Moves": {"bodyslam": 0.042013887491872404, "hyperbeam": 0.042013887491872404, "drillpeck": 0.042013887491872404, "agility": 0.042013887491872404}, "Tera Types": {"nothing": 0.042013887491872404}, "Happiness": {"255": 0.042013887491872404}, "Teammates": {"Tangela": 0.0, "Magneton": 0.0, "Golem": 0.0, "Gyarados": 0.0, "Lapras": 0.042013887491872404, "Moltres": 0.042013887491872404, "Hypno": 0.042013887491872404, "Persian": 0.042013887491872404, "Haunter": 0.042013887491872404}, "Checks and Counters": {}, "usage": 0.2520833}, "Lapras": {"Raw count": 7, "Viability Ceiling": [6, 83, 83, 71], "Abilities": {"noability": 1.778550494411368}, "Items": {"nothing": 1.778550494411368}, "Spreads": {"Serious:252/252/252/252/252/252": 1.778550494411368}, "Moves": {"blizzard": 1.778550494411368, "thunderbolt": 1.778550494411368, "bodyslam": 0.7185807003709874, "confuseray": 0.676566812879115, "surf": 0.0599889103875359, "sing": 1.101983681532253, "rest": 0.9999808836528448}, "Tera Types": {"nothing": 1.778550494411368}, "Happiness": {"255": 1.778550494411368}, "Teammates": {"Dodrio": 0.042013887491872404, "Tangela": 0.0, "Magneton": 0.0, "Golem": 0.0, "Gyarados": 0.0, "Moltres": 0.042013887491872404, "Hypno": 0.042013887491872404, "Persian": 0.042013887491872404, "Haunter": 0.042013887491872404, "Kangaskhan": 0.0, "Slowbro": 0.0, "Raichu": 0.0, "Electabuzz": 0.0}, "Checks and Counters": {}, "usage": 0.2520833}, "Moltres": {"Raw count": 1, "Viability Ceiling": [1, 52, 52, 52], "Abilities": {"noability": 0.042013887491872404}, "Items": {"nothing": 0.042013887491872404}, "Spreads": {"Serious:252/252/252/252/252/252": 0.042013887491872404}, "Moves": {"fireblast": 0.042013887491872404, "doubleedge": 0.042013887491872404, "hyperbeam": 0.042013887491872404, "agility": 0.042013887491872404}, "Tera Types": {"nothing": 0.042013887491872404}, "Happiness": {"255": 0.042013887491872404}, "Teammates": {"Hypno": 0.042013887491872404, "Lapras": 0.042013887491872404, "Persian": 0.042013887491872404, "Dodrio": 0.042013887491872404, "Haunter": 0.042013887491872404}, "Checks and Counters": {}, "usage": 0.2520833}, "Persian": {"Raw count": 1, "Viability Ceiling": [1, 52, 52, 52], "Abilities": {"noability": 0.042013887491872404}, "Items": {"nothing": 0.042013887491872404}, "Spreads": {"Serious:252/252/252/252/252/252": 0.042013887491872404}, "Moves": {"slash": 0.042013887491872404, "bodyslam": 0.042013887491872404, "thunderbolt": 0.042013887491872404, "bubblebeam": 0.042013887491872404}, "Tera Types": {"nothing": 0.042013887491872404}, "Happiness": {"255": 0.042013887491872404}, "Teammates": {"Moltres": 0.042013887491872404, "Hypno": 0.042013887491872404, "Lapras": 0.042013887491872404, "Dodrio": 0.042013887491872404, "Haunter": 0.042013887491872404}, "Checks and Counters": {},