{"info": {"metagame": "gen9nationaldexubersuu", "cutoff": 1630.0, "cutoff deviation": 0, "team type": null, "number of battles": 4}, "data": {"Chien-Pao": {"Raw count": 3, "Viability Ceiling": [3, 76, 76, 76], "Abilities": {"swordofruin": 0.9957868942205552}, "Items": {"heavydutyboots": 0.0, "darkiniumz": 0.8999054935947529, "expertbelt": 0.09588140062580236}, "Spreads": {"Jolly:0/252/0/0/4/252": 0.0, "Naive:0/252/0/4/0/252": 0.8999054935947529, "Jolly:4/252/0/0/0/252": 0.09588140062580236}, "Moves": {"swordsdance": 0.8999054935947529, "iciclecrash": 0.9957868942205552, "suckerpunch": 0.0, "sacredsword": 0.09588140062580236, "crunch": 0.9957868942205552, "substitute": 0.8999054935947529, "terablast": 0.09588140062580236}, "Tera Types": {"fighting": 0.0, "nothing": 0.8999054935947529, "electric": 0.09588140062580236}, "Happiness": {"255": 0.9957868942205552}, "Teammates": {"Ribombee": 0.0, "Lucario-Mega": 0.0, "Genesect": 0.0, "Landorus": 0.09588140062580236, "Spectrier": 0.0, "Tapu Lele": 0.8999054935947529, "Metagross-Mega": 0.8999054935947529, "Arceus-Steel": 0.8999054935947529, "Landorus-Therian": 0.8999054935947529, "Pheromosa": 0.8999054935947529, "Mewtwo-Mega-X": 0.09588140062580236, "Groudon": 0.09588140062580236, "Reshiram": 0.09588140062580236, "Terapagos": 0.09588140062580236}, "Checks and Counters": {}, "usage": 0.985393}, "Landorus-Therian": {"Raw count": 2, "Viability Ceiling": [2, 76, 76, 76], "Abilities": {"intimidate": 0.9146665628782419}, "Items": {"rockyhelmet": 0.9146665628782419}, "Spreads": {"Impish:112/48/108/0/84/156": 0.01476106928348897, "Adamant:0/252/0/0/4/252": 0.8999054935947529}, "Moves": {"earthquake": 0.9146665628782419, "uturn": 0.9146665628782419, "defog": 0.01476106928348897, "taunt": 0.01476106928348897, "stealthrock": 0.8999054935947529, "toxic": 0.8999054935947529}, "Tera Types": {"dragon": 0.01476106928348897, "water": 0.8999054935947529}, "Happiness": {"255": 0.9146665628782419}, "Teammates": {"Magearna": 0.01476106928348897, "Moltres": 0.01476106928348897, "Terapagos": 0.01476106928348897, "Urshifu": 0.01476106928348897, "Gholdengo": 0.01476106928348897, "Tapu Lele": 0.8999054935947529, "Chien-Pao": 0.8999054935947529, "Metagross-Mega": 0.8999054935947529, "Arceus-Steel": 0.8999054935947529, "Pheromosa": 0.8999054935947529}, "Checks and Counters": {}, "usage": 0.9051193999999999}, "Arceus-Steel": {"Raw count": 2, "Viability Ceiling": [2, 76, 76, 76], "Abilities": {"multitype": 0.8999054935947529}, "Items": {"ironplate": 0.8999054935947529}, "Spreads": {"Adamant:0/252/4/0/0/252": 0.0, "Timid:252/0/0/4/0/252": 0.8999054935947529}, "Moves": {"ironhead": 0.0, "earthquake": 0.0, "dragondance": 0.0, "tailwind": 0.0, "judgment": 0.8999054935947529, "calmmind": 0.8999054935947529, "taunt": 0.8999054935947529, "recover": 0.8999054935947529}, "Tera Types": {"ground": 0.0, "fairy": 0.8999054935947529}, "Happiness": {"255": 0.8999054935947529}, "Teammates": {"Mewtwo-Mega-X": 0.0, "Dialga-Origin": 0.0, "Ursaluna-Bloodmoon": 0.0, "Dracovish": 0.0, "Pheromosa": 0.8999054935947529, "Tapu Lele": 0.8999054935947529, "Chien-Pao": 0.8999054935947529, "Metagross-Mega": 0.8999054935947529, "Landorus-Therian": 0.8999054935947529}, "Checks and Counters": {}, "usage": 0.8905124000000001}, "Pheromosa": {"Raw count": 2, "Viability Ceiling": [2, 76, 76, 76], "Abilities": {"beastboost": 0.8999054935947529}, "Items": {"focussash": 0.0, "choiceband": 0.8999054935947529}, "Spreads": {"Adamant:0/252/4/0/0/252": 0.0, "Jolly:0/252/0/0/4/252": 0.8999054935947529}, "Moves": {"closecombat": 0.8999054935947529, "throatchop": 0.0, "tripleaxel": 0.8999054935947529, "rapidspin": 0.8999054935947529, "uturn": 0.8999054935947529}, "Tera Types": {"dark": 0.0, "fighting": 0.8999054935947529}, "Happiness": {"255": 0.8999054935947529}, "Teammates": {"Mewtwo-Mega-X": 0.0, "Arceus-Steel": 0.8999054935947529, "Dialga-Origin": 0.0, "Ursaluna-Bloodmoon": 0.0, "Dracovish": 0.0, "Tapu Lele": 0.8999054935947529, "Chien-Pao": 0.8999054935947529, "Metagross-Mega": 0.8999054935947529, "Landorus-Therian": 0.8999054935947529}, "Checks and Counters": {}, "usage": 0.8905124000000001}, "Metagross-Mega": {"Raw count": 2, "Viability Ceiling": [2, 76, 76, 76], "Abilities": {"toughclaws": 0.8999054935947529}, "Items": {"metagrossite": 0.8999054935947529}, "Spreads": {"Jolly:0/252/0/4/0/252": 0.0, "Adamant:0/252/0/0/4/252": 0.8999054935947529}, "Moves": {"ironhead": 0.0, "psychicfangs": 0.8999054935947529, "knockoff": 0.0, "poweruppunch": 0.0, "stompingtantrum": 0.8999054935947529, "meteormash": 0.8999054935947529, "trailblaze": 0.8999054935947529}, "Tera Types": {"nothing": 0.8999054935947529}, "Happiness": {"255": 0.8999054935947529}, "Teammates": {"Palkia-Origin": 0.0, "Terapagos": 0.0, "Ursaluna-Bloodmoon": 0.0, "Arceus-Grass": 0.0, "Giratina": 0.0, "Tapu Lele": 0.8999054935947529, "Chien-Pao": 0.8999054935947529, "Arceus-Steel": 0.8999054935947529, "Landorus-Therian": 0.8999054935947529, "Pheromosa": 0.8999054935947529}, "Checks and Counters": {}, "usage": 0.8905124000000001}, "Tapu Lele": {"Raw count": 1, "Viability Ceiling": [1, 76, 76, 76], "Abilities": {"psychicsurge": 0.8999054935947529}, "Items": {"choicescarf": 0.8999054935947529}, "Spreads": {"Timid:0/0/0/252/4/252": 0.8999054935947529}, "Moves": {"psychic": 0.8999054935947529, "moonblast": 0.8999054935947529, "focusblast": 0.8999054935947529, "futuresight": 0.8999054935947529}, "Tera Types": {"fairy": 0.8999054935947529}, "Happiness": {"255": 0.8999054935947529}, "Teammates": {"Chien-Pao": 0.8999054935947529, "Metagross-Mega": 0.8999054935947529, "Arceus-Steel": 0.8999054935947529, "Landorus-Therian": 0.8999054935947529, "Pheromosa": 0.8999054935947529}, "Checks and Counters": {}, "usage": 0.8905124000000001}, "Terapagos": {"Raw count": 3, "Viability Ceiling": [2, 52, 52, 52], "Abilities": {"terashift": 0.11064246990929133}, "Items": {"heavydutyboots": 0.01476106928348897, "leftovers": 0.09588140062580236}, "Spreads": {"Modest:248/0/0/252/8/0": 0.01476106928348897, "Modest:252/0/128/0/128/0": 0.0, "Modest:252/0/252/0/0/4": 0.09588140062580236}, "Moves": {"terastarstorm": 0.11064246990929133, "rapidspin": 0.11064246990929133, "calmmind": 0.11064246990929133, "earthpower": 0.01476106928348897, "icebeam": 0.0, "thunderbolt": 0.09588140062580236}, "Tera Types": {"stellar": 0.11064246990929133}, "Happiness": {"255": 0.11064246990929133}, "Teammates": {"Magearna": 0.01476106928348897, "Moltres": 0.01476106928348897, "Urshifu": 0.01476106928348897, "Landorus-Therian": 0.01476106928348897, "Gholdengo": 0.01476106928348897, "Metagross-Mega": 0.0, "Palkia-Origin": 0.0, "Ursaluna-Bloodmoon": 0.0, "Arceus-Grass": 0.0, "Giratina": 0.0, "Mewtwo-Mega-X": 0.09588140062580236, "Groudon": 0.09588140062580236, "Chien-Pao": 0.09588140062580236, "Landorus": 0.09588140062580236, "Reshiram": 0.09588140062580236}, "Checks and Counters": {}, "usage": 0.1094876}, "Mewtwo-Mega-X": {"Raw count": 2, "Viability Ceiling": [2, 56, 56, 56], "Abilities": {"steadfast": 0.09588140062580236}, "Items": {"mewtwonitex": 0.09588140062580236}, "Spreads": {"Jolly:0/252/4/0/0/252": 0.0, "Timid:4/0/0/252/0/252": 0.09588140062580236}, "Moves": {"drainpunch": 0.0, "zenheadbutt": 0.0, "knockoff": 0.0, "taunt": 0.0, "darkpulse": 0.09588140062580236, "psystrike": 0.09588140062580236, "nastyplot": 0.09588140062580236, "focusblast": 0.09588140062580236}, "Tera Types": {"nothing": 0.09588140062580236}, "Happiness": {"255": 0.09588140062580236}, "Teammates": {"Arceus-Steel": 0.0, "Dialga-Origin": 0.0, "Ursaluna-Bloodmoon": 0.0, "Dracovish": 0.0, "Pheromosa": 0.0, "Groudon": 0.09588140062580236, "Chien-Pao": 0.09588140062580236, "Landorus": 0.09588140062580236, "Reshiram": 0.09588140062580236, "Terapagos": 0.09588140062580236}, "Checks and Counters": {}, "usage": 0.09488060000000001}, "Groudon": {"Raw count": 2, "Viability Ceiling": [1, 56, 56, 56], "Abilities": {"drought": 0.09588140062580236}, "Items": {"heatrock": 0.0, "leftovers": 0.09588140062580236},