{"info": {"metagame": "gen5vgc2011", "cutoff": 1760.0, "cutoff deviation": 0, "team type": null, "number of battles": 6}, "data": {"Thundurus": {"Raw count": 10, "Viability Ceiling": [8, 79, 79, 71], "Abilities": {"prankster": 1.042166687246616}, "Items": {"chartiberry": 1.0420859687467217, "leftovers": 0.0, "sitrusberry": 1.8502064152992048e-06, "electricgem": 7.886829347908408e-05}, "Spreads": {"Bold:248/0/156/8/84/12": 9.674738843390429e-09, "Bold:252/0/212/0/44/0": 0.0, "Calm:252/0/4/0/252/0": 1.8502064152992048e-06, "Timid:8/0/0/248/0/252": 0.17653726915914209, "Bold:244/0/160/20/80/4": 0.0, "Timid:4/0/0/252/0/252": 0.8656275582063198}, "Moves": {"thunderbolt": 1.0421648370402006, "hiddenpowerflying": 0.17653727883388093, "thunderwave": 1.042166687246616, "substitute": 0.8743919956036448, "taunt": 1.8502064152992048e-06, "protect": 0.1677746916429711, "voltswitch": 1.8502064152992048e-06, "hiddenpowerice": 0.8656275582063198}, "Tera Types": {"nothing": 1.042166687246616}, "Happiness": {"255": 1.042166687246616}, "Teammates": {"Tornadus": 0.8743919956036448, "Conkeldurr": 0.16777285111129464, "Hydreigon": 0.16777470131770994, "Jellicent": 0.8657064361745377, "Eelektross": 0.008685569103846047, "Terrakion": 0.8657082767062141, "Amoonguss": 1.0334003996428756, "Volcarona": 1.8502064152992048e-06, "Ferrothorn": 1.8502064152992048e-06, "Mienshao": 1.8502064152992048e-06, "Haxorus": 0.008685559429107204, "Krookodile": 0.176458400865663, "Scrafty": 0.874391985928906, "Whimsicott": 7.886829347908408e-05, "Gothitelle": 0.1677728414365558, "Escavalier": 0.0}, "Checks and Counters": {}, "usage": 1.0}, "Amoonguss": {"Raw count": 4, "Viability Ceiling": [3, 79, 79, 79], "Abilities": {"effectspore": 1.0334003996428756}, "Items": {"blacksludge": 0.0, "cobaberry": 0.8656275582063198, "lumberry": 0.1677728414365558}, "Spreads": {"Bold:252/0/212/0/44/0": 0.0, "Timid:100/0/116/4/36/252": 0.8656275582063198, "Calm:252/0/172/4/76/4": 0.1677728414365558}, "Moves": {"gigadrain": 1.0334003996428756, "ragepowder": 1.0334003996428756, "protect": 0.0, "spore": 1.0334003996428756, "hiddenpowerfire": 0.8656275582063198, "sludgebomb": 0.1677728414365558}, "Tera Types": {"nothing": 1.0334003996428756}, "Happiness": {"255": 1.0334003996428756}, "Teammates": {"Conkeldurr": 0.1677728414365558, "Hydreigon": 0.1677728414365558, "Thundurus": 1.0334003996428756, "Terrakion": 0.8656275582063198, "Tornadus": 0.8656275582063198, "Scrafty": 0.8656275582063198, "Jellicent": 0.8656275582063198, "Krookodile": 0.1677728414365558, "Gothitelle": 0.1677728414365558}, "Checks and Counters": {}, "usage": 0.9915883999999999}, "Tornadus": {"Raw count": 6, "Viability Ceiling": [5, 79, 79, 79], "Abilities": {"prankster": 0.8743919956036448}, "Items": {"flyinggem": 0.8743919956036448}, "Spreads": {"Jolly:4/252/0/0/0/252": 0.8743919956036448}, "Moves": {"acrobatics": 0.8743919956036448, "tailwind": 0.8743919956036448, "substitute": 0.8743919956036448, "protect": 0.8743919956036448, "uturn": 0.0}, "Tera Types": {"nothing": 0.8743919956036448}, "Happiness": {"255": 0.8743919956036448}, "Teammates": {"Thundurus": 0.8743919956036448, "Conkeldurr": 9.674738843390429e-09, "Hydreigon": 9.674738843390429e-09, "Jellicent": 0.8657064361745377, "Eelektross": 0.008685569103846047, "Terrakion": 0.8657064264997988, "Amoonguss": 0.8656275582063198, "Haxorus": 0.008685559429107204, "Krookodile": 0.008685559429107204, "Scrafty": 0.874391985928906, "Whimsicott": 7.886829347908408e-05}, "Checks and Counters": {}, "usage": 0.8390135999999999}, "Scrafty": {"Raw count": 4, "Viability Ceiling": [3, 79, 79, 79], "Abilities": {"moxie": 0.874391985928906}, "Items": {"chopleberry": 0.874391985928906}, "Spreads": {"Adamant:148/252/0/0/0/108": 0.008685559429107204, "Adamant:252/252/0/0/4/0": 7.886829347908408e-05, "Adamant:108/252/0/0/0/148": 0.8656275582063198}, "Moves": {"crunch": 0.874391985928906, "drainpunch": 0.874391985928906, "fakeout": 0.874391985928906, "protect": 0.874391985928906}, "Tera Types": {"nothing": 0.874391985928906}, "Happiness": {"255": 0.874391985928906}, "Teammates": {"Tornadus": 0.874391985928906, "Haxorus": 0.008685559429107204, "Krookodile": 0.008685559429107204, "Thundurus": 0.874391985928906, "Eelektross": 0.008685559429107204, "Whimsicott": 7.886829347908408e-05, "Terrakion": 0.8657064264997988, "Jellicent": 0.8657064264997988, "Amoonguss": 0.8656275582063198}, "Checks and Counters": {}, "usage": 0.8390135999999999}, "Terrakion": {"Raw count": 7, "Viability Ceiling": [5, 79, 79, 79], "Abilities": {"justified": 0.8657082767062141}, "Items": {"choiceband": 1.8502064152992048e-06, "lumberry": 7.886829347908408e-05, "lifeorb": 0.0, "focussash": 0.8656275582063198}, "Spreads": {"Jolly:4/252/0/0/0/252": 0.8657064264997988, "Jolly:0/252/0/0/4/252": 1.8502064152992048e-06, "Jolly:20/212/12/0/12/252": 0.0}, "Moves": {"rockslide": 0.8657082767062141, "closecombat": 0.8657082767062141, "quickattack": 0.8657064264997988, "xscissor": 1.8502064152992048e-06, "earthquake": 1.8502064152992048e-06, "protect": 0.8657064264997988, "safeguard": 0.0}, "Tera Types": {"nothing": 0.8657082767062141}, "Happiness": {"255": 0.8657082767062141}, "Teammates": {"Conkeldurr": 0.0, "Hydreigon": 1.8502064152992048e-06, "Thundurus": 0.8657082767062141, "Amoonguss": 0.8656275582063198, "Tornadus": 0.8657064264997988, "Volcarona": 1.8502064152992048e-06, "Ferrothorn": 1.8502064152992048e-06, "Mienshao": 1.8502064152992048e-06, "Whimsicott": 7.886829347908408e-05, "Scrafty": 0.8657064264997988, "Jellicent": 0.8657064264997988, "Gothitelle": 0.0, "Escavalier": 0.0}, "Checks and Counters": {}, "usage": 0.8306811999999999}, "Jellicent": {"Raw count": 4, "Viability Ceiling": [3, 79, 79, 79], "Abilities": {"waterabsorb": 9.674738843390429e-09, "cursedbody": 0.8657064264997988}, "Items": {"choicescarf": 0.8656275678810585, "watergem": 7.886829347908408e-05}, "Spreads": {"Timid:0/0/0/252/4/252": 9.674738843390429e-09, "Modest:4/0/0/252/0/252": 7.886829347908408e-05, "Timid:4/0/0/252/0/252": 0.8656275582063198}, "Moves": {"waterspout": 0.8657064361745377, "shadowball": 0.8657064361745377, "icebeam": 0.8657064361745377, "hydropump": 9.674738843390429e-09, "protect": 7.886829347908408e-05, "scald": 0.8656275582063198}, "Tera Types": {"nothing": 0.8657064361745377}, "Happiness": {"255": 0.8657064361745377}, "Teammates": {"Thundurus": 0.8657064361745377, "Tornadus": 0.8657064361745377, "Conkeldurr": 9.674738843390429e-09, "Hydreigon": 9.674738843390429e-09, "Eelektross": 9.674738843390429e-09, "Whimsicott": 7.886829347908408e-05, "Terrakion": 0.8657064264997988, "Scrafty": 0.8657064264997988, "Amoonguss": 0.8656275582063198}, "Checks and Counters": {}, "usage": 0.8306794}, "Krookodile": {"Raw count": 2, "Viability Ceiling": [2, 71, 71, 71], "Abilities": {"intimidate": 0.176458400865663}, "Items": {"focussash": 0.008685559429107204, "choicescarf": 0.1677728414365558}, "Spreads": {"Adamant:164/252/0/0/0/92": 0.176458400865663}, "Moves": {"earthquake": 0.176458400865663, "crunch": 0.176458400865663, "rockslide": 0.176458400865663, "protect": 0.008685559429107204, "stoneedge": 0.1677728414365558}, "Tera Types": {"nothing": 0.176458400865663}, "Happiness": {"255": 0.176458400865663}, "Teammates": {"Tornadus": 0.008685559429107204, "Haxorus": 0.008685559429107204, "Thundurus": 0.176458400865663, "Scrafty": 0.008685559429107204, "Eelektross": 0.008685559429107204, "Hydreigon": 0.1677728414365558, "Conkeldurr": 0.1677728414365558, "Amoonguss": 0.1677728414365558, "Gothitelle": 0.1677728414365558}, "Checks and Counters": {}, "usage": 0.1693188}, "Hydreigon": {"Raw count": 6, "Viability Ceiling": [5, 71, 71, 71], "Abilities": {"levitate": 0.16777470131770994}, "Items": {"lifeorb": 9.674738843390429e-09, "dragongem": 1.8502064152992048e-06, "habanberry": 0.0, "chopleberry": 0.1677728414365558}, "Spreads": {"Timid:0/0/0/252/4/252": 1.8598811541425952e-06, "Timid:4/0/0/252/0/252": 0.1677728414365558, "Modest:244/0/4/132/12/116": 0.0},