{"info": {"metagame": "gen1uu", "cutoff": 1760.0, "cutoff deviation": 0, "team type": null, "number of battles": 3}, "data": {"Hypno": {"Raw count": 6, "Viability Ceiling": [4, 83, 83, 83], "Abilities": {"noability": 0.860893874094568}, "Items": {"nothing": 0.860893874094568}, "Spreads": {"Serious:252/252/252/252/252/252": 0.860893874094568}, "Moves": {"psychic": 0.860893874094568, "hypnosis": 0.860804144512824, "seismictoss": 0.0002872712621426743, "thunderwave": 0.860893874094568, "rest": 0.8605599724740495, "bodyslam": 0.00013635994011973462}, "Tera Types": {"nothing": 0.860893874094568}, "Happiness": {"255": 0.860893874094568}, "Teammates": {"Moltres": 8.972958174391366e-05, "Lapras": 8.972958174391366e-05, "Persian": 8.972958174391366e-05, "Dodrio": 8.972958174391366e-05, "Haunter": 0.00022608952186364828, "Slowbro": 0.00013635994011973462, "Dragonite": 0.00013635994011973462, "Articuno": 0.00013635994011973462, "Dugtrio": 0.00013635994011973462, "Kangaskhan": 0.0, "Raichu": 0.0, "Electabuzz": 0.0}, "Checks and Counters": {}, "usage": 0.0013564999999999998}, "Haunter": {"Raw count": 6, "Viability Ceiling": [3, 71, 71, 71], "Abilities": {"noability": 0.14587422921495724}, "Items": {"nothing": 0.14587422921495724}, "Spreads": {"Serious:252/252/252/252/252/252": 0.14587422921495724}, "Moves": {"thunderbolt": 0.14587422921495724, "nightshade": 0.14587422921495724, "hypnosis": 0.14587422921495724, "confuseray": 0.14545059801269483, "explosion": 0.0004236312022624089, "rest": 0.0}, "Tera Types": {"nothing": 0.14587422921495724}, "Happiness": {"255": 0.14587422921495724}, "Teammates": {"Moltres": 8.972958174391366e-05, "Hypno": 0.00022608952186364828, "Lapras": 8.972958174391366e-05, "Persian": 8.972958174391366e-05, "Dodrio": 8.972958174391366e-05, "Kadabra": 0.0, "Articuno": 0.00013635994011973462, "Clefable": 0.0, "Ninetales": 0.0, "Golem": 0.0, "Slowbro": 0.00013635994011973462, "Dragonite": 0.00013635994011973462, "Dugtrio": 0.00013635994011973462}, "Checks and Counters": {}, "usage": 0.0013564999999999998}, "Articuno": {"Raw count": 3, "Viability Ceiling": [2, 54, 54, 54], "Abilities": {"noability": 0.00013635994011973462}, "Items": {"nothing": 0.00013635994011973462}, "Spreads": {"Serious:252/252/224/112/112/252": 0.0, "Serious:252/252/252/252/252/252": 0.00013635994011973462}, "Moves": {"agility": 0.00013635994011973462, "icebeam": 0.0, "blizzard": 0.00013635994011973462, "reflect": 0.0, "doubleedge": 0.00013635994011973462, "hyperbeam": 0.00013635994011973462}, "Tera Types": {"nothing": 0.00013635994011973462}, "Happiness": {"255": 0.00013635994011973462}, "Teammates": {"Haunter": 0.00013635994011973462, "Kadabra": 0.0, "Clefable": 0.0, "Ninetales": 0.0, "Golem": 0.0, "Slowbro": 0.00013635994011973462, "Hypno": 0.00013635994011973462, "Dragonite": 0.00013635994011973462, "Dugtrio": 0.00013635994011973462}, "Checks and Counters": {}, "usage": 0.0008182}, "Slowbro": {"Raw count": 4, "Viability Ceiling": [4, 83, 83, 83], "Abilities": {"noability": 0.8606066028324253}, "Items": {"nothing": 0.8606066028324253}, "Spreads": {"Serious:252/252/252/252/252/252": 0.8606066028324253}, "Moves": {"amnesia": 0.8606066028324253, "rest": 0.8606066028324253, "psychic": 0.8606066028324253, "thunderwave": 0.8606066028324253, "surf": 0.0}, "Tera Types": {"nothing": 0.8606066028324253}, "Happiness": {"255": 0.8606066028324253}, "Teammates": {"Haunter": 0.00013635994011973462, "Hypno": 0.00013635994011973462, "Dragonite": 0.00013635994011973462, "Articuno": 0.00013635994011973462, "Dugtrio": 0.00013635994011973462, "Kangaskhan": 0.0, "Raichu": 0.0, "Electabuzz": 0.0, "Lapras": 0.0}, "Checks and Counters": {}, "usage": 0.0008182}, "Dragonite": {"Raw count": 1, "Viability Ceiling": [1, 54, 54, 54], "Abilities": {"noability": 0.00013635994011973462}, "Items": {"nothing": 0.00013635994011973462}, "Spreads": {"Serious:252/252/252/252/252/252": 0.00013635994011973462}, "Moves": {"hyperbeam": 0.00013635994011973462, "blizzard": 0.00013635994011973462, "thunderbolt": 0.00013635994011973462, "thunderwave": 0.00013635994011973462}, "Tera Types": {"nothing": 0.00013635994011973462}, "Happiness": {"255": 0.00013635994011973462}, "Teammates": {"Haunter": 0.00013635994011973462, "Slowbro": 0.00013635994011973462, "Hypno": 0.00013635994011973462, "Articuno": 0.00013635994011973462, "Dugtrio": 0.00013635994011973462}, "Checks and Counters": {}, "usage": 0.0008182}, "Dugtrio": {"Raw count": 1, "Viability Ceiling": [1, 54, 54, 54], "Abilities": {"noability": 0.00013635994011973462}, "Items": {"nothing": 0.00013635994011973462}, "Spreads": {"Serious:252/252/252/252/252/252": 0.00013635994011973462}, "Moves": {"earthquake": 0.00013635994011973462, "rockslide": 0.00013635994011973462, "slash": 0.00013635994011973462, "substitute": 0.00013635994011973462}, "Tera Types": {"nothing": 0.00013635994011973462}, "Happiness": {"255": 0.00013635994011973462}, "Teammates": {"Haunter": 0.00013635994011973462, "Slowbro": 0.00013635994011973462, "Hypno": 0.00013635994011973462, "Dragonite": 0.00013635994011973462, "Articuno": 0.00013635994011973462}, "Checks and Counters": {}, "usage": 0.0008182}, "Dodrio": {"Raw count": 2, "Viability Ceiling": [2, 64, 64, 64], "Abilities": {"noability": 8.972958174391366e-05}, "Items": {"nothing": 8.972958174391366e-05}, "Spreads": {"Serious:252/252/252/252/252/252": 8.972958174391366e-05}, "Moves": {"bodyslam": 8.972958174391366e-05, "hyperbeam": 8.972958174391366e-05, "drillpeck": 8.972958174391366e-05, "agility": 8.972958174391366e-05}, "Tera Types": {"nothing": 8.972958174391366e-05}, "Happiness": {"255": 8.972958174391366e-05}, "Teammates": {"Tangela": 0.0, "Magneton": 0.0, "Golem": 0.0, "Gyarados": 0.0, "Lapras": 8.972958174391366e-05, "Moltres": 8.972958174391366e-05, "Hypno": 8.972958174391366e-05, "Persian": 8.972958174391366e-05, "Haunter": 8.972958174391366e-05}, "Checks and Counters": {}, "usage": 0.0005384}, "Lapras": {"Raw count": 7, "Viability Ceiling": [6, 83, 83, 71], "Abilities": {"noability": 1.0062081121671431}, "Items": {"nothing": 1.0062081121671431}, "Spreads": {"Serious:252/252/252/252/252/252": 1.0062081121671431}, "Moves": {"blizzard": 1.0062081121671431, "thunderbolt": 1.0062081121671431, "bodyslam": 0.14554032759443875, "confuseray": 0.14545059801269483, "surf": 0.00019754168039876063, "sing": 0.8607575141544482, "rest": 0.8604702428923056}, "Tera Types": {"nothing": 1.0062081121671431}, "Happiness": {"255": 1.0062081121671431}, "Teammates": {"Dodrio": 8.972958174391366e-05, "Tangela": 0.0, "Magneton": 0.0, "Golem": 0.0, "Gyarados": 0.0, "Moltres": 8.972958174391366e-05, "Hypno": 8.972958174391366e-05, "Persian": 8.972958174391366e-05, "Haunter": 8.972958174391366e-05, "Kangaskhan": 0.0, "Slowbro": 0.0, "Raichu": 0.0, "Electabuzz": 0.0}, "Checks and Counters": {}, "usage": 0.0005384}, "Moltres": {"Raw count": 1, "Viability Ceiling": [1, 52, 52, 52], "Abilities": {"noability": 8.972958174391366e-05}, "Items": {"nothing": 8.972958174391366e-05}, "Spreads": {"Serious:252/252/252/252/252/252": 8.972958174391366e-05}, "Moves": {"fireblast": 8.972958174391366e-05, "doubleedge": 8.972958174391366e-05, "hyperbeam": 8.972958174391366e-05, "agility": 8.972958174391366e-05}, "Tera Types": {"nothing": 8.972958174391366e-05}, "Happiness": {"255": 8.972958174391366e-05}, "Teammates": {"Hypno": 8.972958174391366e-05, "Lapras": 8.972958174391366e-05, "Persian": 8.972958174391366e-05, "Dodrio": 8.972958174391366e-05, "Haunter": 8.972958174391366e-05}, "Checks and Counters": {}, "usage": 0.0005384}, "Persian": {"Raw count": 1, "Viability Ceiling": [1, 52, 52, 52], "Abilities": {"noability": 8.972958174391366e-05}, "Items": {"nothing": 8.972958174391366e-05}, "Spreads": {"Serious:252/252/252/252/252/252": 8.972958174391366e-05}, "Moves": {"slash": 8.972958174391366e-05, "bodyslam": 8.972958174391366e-05, "thunderbolt": 8.972958174391366e-05, "bubblebeam": 8.972958174391366e-05}, "Tera Types": {"nothing": 8.972958174391366e-05},