{"info": {"metagame": "gen3ru", "cutoff": 1630.0, "cutoff deviation": 0, "team type": null, "number of battles": 6}, "data": {"Clefable": {"Raw count": 11, "Viability Ceiling": [5, 55, 55, 55], "Abilities": {"cutecharm": 0.09880646403554427}, "Items": {"leftovers": 0.09880646403554427}, "Spreads": {"Bold:252/0/252/0/0/4": 0.009795924710516102, "Careful:252/4/0/0/252/0": 0.0, "Calm:252/0/4/0/252/0": 0.06392815548543573, "Calm:0/0/0/252/252/0": 0.0, "Calm:252/0/212/0/40/4": 0.025082383839592437}, "Moves": {"thunderbolt": 0.03487830855010854, "icebeam": 0.009795924710516102, "calmmind": 0.009795924710516102, "softboiled": 0.03487830855010854, "toxic": 0.06392815548543573, "meteormash": 0.0, "substitute": 0.0, "seismictoss": 0.08901053932502817, "wish": 0.06392815548543573, "protect": 0.06392815548543573, "flamethrower": 0.0, "psychic": 0.0, "thunderwave": 0.025082383839592437}, "Tera Types": {"nothing": 0.09880646403554427}, "Happiness": {"255": 0.09880646403554427}, "Teammates": {"Absol": 0.0, "Ninetales": 0.06663571209568431, "Haunter": 0.025082383839592437, "Persian": 0.0, "Meganium": 0.025082383839592437, "Glalie": 0.06663571209568431, "Banette": 0.06663571209568431, "Lickitung": 0.0027075566102485737, "Mr. Mime": 0.0027075566102485737, "Politoed": 0.06392815548543573, "Azumarill": 0.08901053932502817, "Victreebel": 0.0, "Aggron": 0.0, "Wailord": 0.0, "Raichu": 0.025082383839592437, "Rapidash": 0.025082383839592437}, "Checks and Counters": {}, "usage": 0.5503085999999999}, "Azumarill": {"Raw count": 2, "Viability Ceiling": [2, 55, 55, 55], "Abilities": {"hugepower": 0.08901053932502817}, "Items": {"choiceband": 0.06392815548543573, "lumberry": 0.025082383839592437}, "Spreads": {"Adamant:172/252/0/0/0/84": 0.06392815548543573, "Brave:252/252/4/0/0/0": 0.025082383839592437}, "Moves": {"bodyslam": 0.08901053932502817, "brickbreak": 0.08901053932502817, "return": 0.06392815548543573, "hiddenpowerghost": 0.08901053932502817, "hydropump": 0.025082383839592437}, "Tera Types": {"nothing": 0.08901053932502817}, "Happiness": {"255": 0.08901053932502817}, "Teammates": {"Glalie": 0.06392815548543573, "Banette": 0.06392815548543573, "Clefable": 0.08901053932502817, "Politoed": 0.06392815548543573, "Ninetales": 0.06392815548543573, "Raichu": 0.025082383839592437, "Haunter": 0.025082383839592437, "Rapidash": 0.025082383839592437, "Meganium": 0.025082383839592437}, "Checks and Counters": {}, "usage": 0.5340632}, "Glalie": {"Raw count": 12, "Viability Ceiling": [4, 66, 66, 66], "Abilities": {"innerfocus": 0.07372408019595184}, "Items": {"salacberry": 0.07372408019595184, "leftovers": 0.0, "silkscarf": 0.0}, "Spreads": {"Hasty:0/252/0/4/0/252": 0.009795924710516102, "Calm:252/0/0/0/80/176": 0.0, "Jolly:0/180/168/0/0/160": 0.0, "Timid:0/4/0/252/0/252": 0.06392815548543573}, "Moves": {"explosion": 0.07372408019595184, "spikes": 0.07372408019595184, "earthquake": 0.009795924710516102, "icebeam": 0.07372408019595184, "toxic": 0.0, "taunt": 0.06392815548543573}, "Tera Types": {"nothing": 0.07372408019595184}, "Happiness": {"255": 0.07372408019595184}, "Teammates": {"Primeape": 0.0, "Shiftry": 0.0, "Victreebel": 0.0, "Rapidash": 0.0, "Haunter": 0.0, "Ninetales": 0.06663571209568431, "Clefable": 0.06663571209568431, "Banette": 0.06663571209568431, "Lickitung": 0.0027075566102485737, "Mr. Mime": 0.0027075566102485737, "Politoed": 0.06392815548543573, "Azumarill": 0.06392815548543573}, "Checks and Counters": {}, "usage": 0.3998143}, "Ninetales": {"Raw count": 11, "Viability Ceiling": [5, 55, 55, 55], "Abilities": {"flashfire": 0.07372408019595184}, "Items": {"leftovers": 0.07372408019595184, "whiteherb": 0.0}, "Spreads": {"Calm:248/0/0/0/244/16": 0.009795924710516102, "Timid:4/0/96/160/0/248": 0.0, "Timid:0/0/0/252/4/252": 0.06392815548543573, "Timid:0/0/0/4/252/252": 0.0}, "Moves": {"willowisp": 0.07372408019595184, "flamethrower": 0.07372408019595184, "toxic": 0.009795924710516102, "protect": 0.009795924710516102, "overheat": 0.0, "hiddenpowergrass": 0.0, "substitute": 0.0, "disable": 0.0, "sunnyday": 0.0, "hiddenpowerpsychic": 0.06392815548543573, "hypnosis": 0.06392815548543573, "roar": 0.0}, "Tera Types": {"nothing": 0.07372408019595184}, "Happiness": {"255": 0.07372408019595184}, "Teammates": {"Absol": 0.0, "Haunter": 0.0, "Clefable": 0.06663571209568431, "Persian": 0.0, "Meganium": 0.0, "Glalie": 0.06663571209568431, "Banette": 0.06663571209568431, "Lickitung": 0.0027075566102485737, "Mr. Mime": 0.0027075566102485737, "Politoed": 0.06392815548543573, "Azumarill": 0.06392815548543573, "Victreebel": 0.0, "Aggron": 0.0, "Wailord": 0.0}, "Checks and Counters": {}, "usage": 0.3998143}, "Banette": {"Raw count": 7, "Viability Ceiling": [2, 55, 55, 55], "Abilities": {"insomnia": 0.07372408019595184}, "Items": {"leftovers": 0.07372408019595184}, "Spreads": {"Impish:248/0/252/0/0/8": 0.009795924710516102, "Adamant:116/252/0/0/0/140": 0.06392815548543573}, "Moves": {"willowisp": 0.07372408019595184, "shadowball": 0.07372408019595184, "hiddenpowerfighting": 0.07372408019595184, "thunderwave": 0.009795924710516102, "substitute": 0.06392815548543573}, "Tera Types": {"nothing": 0.07372408019595184}, "Happiness": {"255": 0.07372408019595184}, "Teammates": {"Glalie": 0.06663571209568431, "Ninetales": 0.06663571209568431, "Clefable": 0.06663571209568431, "Lickitung": 0.0027075566102485737, "Mr. Mime": 0.0027075566102485737, "Politoed": 0.06392815548543573, "Azumarill": 0.06392815548543573}, "Checks and Counters": {}, "usage": 0.3998143}, "Politoed": {"Raw count": 2, "Viability Ceiling": [2, 58, 58, 58], "Abilities": {"waterabsorb": 0.2501422912210682}, "Items": {"leftovers": 0.2501422912210682}, "Spreads": {"Bold:252/0/180/0/72/4": 0.18621413573563245, "Modest:4/0/0/252/0/252": 0.06392815548543573}, "Moves": {"icebeam": 0.2501422912210682, "protect": 0.18621413573563245, "surf": 0.18621413573563245, "toxic": 0.2501422912210682, "hydropump": 0.06392815548543573, "hiddenpowerelectric": 0.06392815548543573}, "Tera Types": {"nothing": 0.2501422912210682}, "Happiness": {"255": 0.2501422912210682}, "Teammates": {"Glalie": 0.06392815548543573, "Banette": 0.06392815548543573, "Clefable": 0.06392815548543573, "Azumarill": 0.06392815548543573, "Ninetales": 0.06392815548543573}, "Checks and Counters": {}, "usage": 0.3835689}, "Rapidash": {"Raw count": 8, "Viability Ceiling": [3, 66, 66, 66], "Abilities": {"flashfire": 0.04512005228812366}, "Items": {"lumberry": 0.04512005228812366, "charcoal": 0.0}, "Spreads": {"Naive:0/4/0/252/0/252": 0.0, "Calm:64/0/68/60/0/0": 0.0, "Hasty:0/152/0/104/0/252": 0.04512005228812366}, "Moves": {"sunnyday": 0.04512005228812366, "fireblast": 0.0, "solarbeam": 0.025082383839592437, "hiddenpowerrock": 0.0, "flamethrower": 0.04512005228812366, "agility": 0.0, "hiddenpowerfire": 0.0, "substitute": 0.0, "return": 0.02003766844853122, "hiddenpowergrass": 0.02003766844853122, "hiddenpowerground": 0.025082383839592437}, "Tera Types": {"nothing": 0.04512005228812366}, "Happiness": {"255": 0.04512005228812366}, "Teammates": {"Primeape": 0.0, "Glalie": 0.0, "Shiftry": 0.0, "Victreebel": 0.02003766844853122, "Haunter": 0.025082383839592437, "Meganium": 0.025082383839592437, "Aggron": 0.0, "Mantine": 0.0, "Raichu": 0.04512005228812366, "Absol": 0.0, "Stantler": 0.02003766844853122, "Poliwrath": 0.02003766844853122, "Hitmonchan": 0.02003766844853122, "Azumarill": 0.025082383839592437, "Clefable": 0.025082383839592437}, "Checks and Counters": {}, "usage": 0.2707203}, "Raichu": {"Raw count": 4, "Viability Ceiling": [2, 55, 55, 55], "Abilities": {"static": 0.04512005228812366}, "Items": {"magnet": 0.025082383839592437, "nothing": 0.02003766844853122}, "Spreads": {"Bold:0/0/32/0/0/0": 0.0, "Timid:252/0/0/4/0/252": 0.02003766844853122, "Timid:0/0/0/252/4/252": 0.025082383839592437}, "Moves": {"agility": 0.0, "quickattack": 0.0, "surf": 0.0, "thunderbolt": 0.04512005228812366, "thunderwave": 0.02003766844853122, "encore": 0.04512005228812366, "lightscreen": 0.02003766844853122,