{"info": {"metagame": "gen9crossevolution", "cutoff": 1630.0, "cutoff deviation": 0, "team type": null, "number of battles": 7}, "data": {"Gligar": {"Raw count": 10, "Viability Ceiling": [4, 91, 91, 91], "Abilities": {"adaptability": 0.0, "moxie": 2.412099381185713, "unaware": 1.9999996780950968, "drizzle": 0.003474271073090951}, "Items": {"choiceband": 0.0, "choicescarf": 2.412099381185713, "leftovers": 1.9999996780950968, "damprock": 0.003474271073090951}, "Spreads": {"Jolly:0/252/0/0/4/252": 0.0, "Adamant:4/252/0/0/0/252": 2.412099381185713, "Relaxed:252/0/252/0/4/0": 1.9999996780950968, "Relaxed:252/4/252/0/0/0": 0.003474271073090951}, "Moves": {"uturn": 4.4155733303539, "earthquake": 4.4155733303539, "crunch": 0.0, "liquidation": 0.0, "dualwingbeat": 2.412099381185713, "knockoff": 2.412099381185713, "recover": 1.9999996780950968, "spikes": 1.9999996780950968, "roost": 0.003474271073090951, "stealthrock": 0.003474271073090951}, "Tera Types": {"nothing": 4.4155733303539}, "Happiness": {"255": 4.4155733303539}, "Teammates": {"Misdreavus": 0.0, "Cutiefly": 0.0, "empty": 0.0, "Girafarig": 1.593502413091683, "Munchlax": 1.593502413091683, "Magneton": 2.5935022675881876, "Rhydon": 1.593502413091683, "Bisharp": 2.5935022675881876, "Dusclops": 0.9999998544965047, "Chansey": 0.9999998544965047, "Vullaby": 0.9999998544965047}, "Checks and Counters": {}, "usage": 0.9326323999999999}, "Magneton": {"Raw count": 8, "Viability Ceiling": [2, 91, 91, 91], "Abilities": {"magicguard": 2.412099381185713, "levitate": 1.9999996780950968}, "Items": {"choicespecs": 2.412099381185713, "choicescarf": 1.9999996780950968}, "Spreads": {"Timid:4/0/0/252/0/252": 2.412099381185713, "Modest:20/0/0/252/0/236": 1.9999996780950968}, "Moves": {"steelbeam": 2.412099381185713, "voltswitch": 4.412099059280809, "fireblast": 2.412099381185713, "icebeam": 2.412099381185713, "surf": 1.9999996780950968, "flamethrower": 1.9999996780950968, "flashcannon": 1.9999996780950968}, "Tera Types": {"nothing": 4.412099059280809}, "Happiness": {"255": 4.412099059280809}, "Teammates": {"Girafarig": 1.593502413091683, "Munchlax": 1.593502413091683, "Gligar": 2.5935022675881876, "Rhydon": 1.593502413091683, "Bisharp": 2.5935022675881876, "Dusclops": 0.9999998544965047, "Chansey": 0.9999998544965047, "Vullaby": 0.9999998544965047}, "Checks and Counters": {}, "usage": 0.9326323999999999}, "Bisharp": {"Raw count": 9, "Viability Ceiling": [3, 91, 91, 91], "Abilities": {"defiant": 2.412099381185713, "queenlymajesty": 2.0034739491681877}, "Items": {"chestoberry": 2.412099381185713, "heavydutyboots": 1.9999996780950968, "assaultvest": 0.003474271073090951}, "Spreads": {"Adamant:0/252/0/0/252/4": 2.412099381185713, "Adamant:248/252/0/0/8/0": 1.9999996780950968, "Careful:252/4/0/0/252/0": 0.003474271073090951}, "Moves": {"bulkup": 2.412099381185713, "ragefist": 2.412099381185713, "drainpunch": 2.412099381185713, "rest": 2.412099381185713, "suckerpunch": 2.0034739491681877, "knockoff": 2.0034739491681877, "tripleaxel": 1.9999996780950968, "uturn": 2.0034739491681877, "rapidspin": 0.003474271073090951}, "Tera Types": {"nothing": 4.4155733303539}, "Happiness": {"255": 4.4155733303539}, "Teammates": {"Girafarig": 1.593502413091683, "Munchlax": 1.593502413091683, "Gligar": 2.5935022675881876, "Magneton": 2.5935022675881876, "Rhydon": 1.593502413091683, "Dusclops": 0.9999998544965047, "Chansey": 0.9999998544965047, "Vullaby": 0.9999998544965047}, "Checks and Counters": {}, "usage": 0.9326323999999999}, "Rhydon": {"Raw count": 10, "Viability Ceiling": [3, 66, 66, 66], "Abilities": {"magicbounce": 0.18732625653313917, "queenlymajesty": 1.229578516137586e-05, "protean": 2.412099381185713}, "Items": {"rockyhelmet": 0.18732625653313917, "assaultvest": 2.412111676970875}, "Spreads": {"Brave:252/252/0/0/4/0": 0.18732625653313917, "Adamant:0/252/96/0/162/0": 1.229578516137586e-05, "Adamant:0/252/0/0/252/4": 2.412099381185713}, "Moves": {"playrough": 0.18732625653313917, "trickroom": 0.18732625653313917, "icepunch": 0.18732625653313917, "earthquake": 2.5994379335040136, "tropkick": 1.229578516137586e-05, "stoneedge": 1.229578516137586e-05, "rapidspin": 1.229578516137586e-05, "knockoff": 2.412099381185713, "suckerpunch": 2.412099381185713, "uturn": 2.412099381185713}, "Tera Types": {"nothing": 2.5994379335040136}, "Happiness": {"255": 2.5994379335040136}, "Teammates": {"Vullaby": 0.18732625653313917, "Munchlax": 1.780828669624822, "Houndour": 0.18732625653313917, "Chansey": 0.18733855231830054, "Girafarig": 1.780828669624822, "Cosmoem": 1.229578516137586e-05, "Duosion": 1.229578516137586e-05, "Sliggoo": 1.229578516137586e-05, "Electabuzz": 1.229578516137586e-05, "Gligar": 1.593502413091683, "Magneton": 1.593502413091683, "Bisharp": 1.593502413091683}, "Checks and Counters": {}, "usage": 0.6403966}, "Girafarig": {"Raw count": 10, "Viability Ceiling": [4, 66, 66, 66], "Abilities": {"voltabsorb": 0.18732625653313917, "marvelscale": 2.412099381185713, "icebody": 1.506211722013262e-08, "synchronize": 0.0}, "Items": {"airballoon": 0.18732625653313917, "leftovers": 2.412099381185713, "throatspray": 1.506211722013262e-08}, "Spreads": {"Timid:0/0/0/252/4/252": 0.1873262715952564, "Calm:4/0/252/0/252/0": 2.412099381185713, "Timid:252/0/60/68/64/64": 0.0}, "Moves": {"voltswitch": 0.18732625653313917, "psychicnoise": 0.18732625653313917, "thunderbolt": 0.18732625653313917, "nastyplot": 2.5994256377188525, "recover": 2.412099381185713, "hypervoice": 2.41209939624783, "psyshock": 2.412099381185713, "blizzard": 1.506211722013262e-08, "freezedry": 1.506211722013262e-08, "twinbeam": 1.506211722013262e-08, "psychic": 0.0, "darkpulse": 0.0, "alluringvoice": 0.0, "wish": 0.0}, "Tera Types": {"nothing": 2.5994256527809694}, "Happiness": {"255": 2.5994256527809694}, "Teammates": {"Rhydon": 1.780828669624822, "Vullaby": 0.18732625653313917, "Munchlax": 1.780828669624822, "Houndour": 0.18732625653313917, "Chansey": 0.18732625653313917, "Gligar": 1.593502413091683, "Magneton": 1.593502413091683, "Bisharp": 1.593502413091683, "Dusclops": 1.506211722013262e-08, "Qwilfish-Hisui": 1.506211722013262e-08, "Porygon2": 1.506211722013262e-08, "Dipplin": 1.506211722013262e-08, "Primeape": 1.506211722013262e-08, "Stantler": 0.0, "Chinchou": 0.0, "Torracat": 0.0, "Electabuzz": 0.0}, "Checks and Counters": {}, "usage": 0.6403922}, "Munchlax": {"Raw count": 8, "Viability Ceiling": [2, 66, 66, 66], "Abilities": {"guts": 0.18732625653313917, "prankster": 2.412099381185713}, "Items": {"flameorb": 0.18732625653313917, "sitrusberry": 2.412099381185713}, "Spreads": {"Brave:252/252/0/0/4/0": 0.18732625653313917, "Adamant:4/252/0/0/252/0": 2.412099381185713}, "Moves": {"closecombat": 0.18732625653313917, "headlongrush": 0.18732625653313917, "facade": 0.18732625653313917, "knockoff": 2.5994256377188525, "bellydrum": 2.412099381185713, "copycat": 2.412099381185713, "bodyslam": 2.412099381185713}, "Tera Types": {"nothing": 2.5994256377188525}, "Happiness": {"255": 2.5994256377188525}, "Teammates": {"Rhydon": 1.780828669624822, "Vullaby": 0.18732625653313917, "Houndour": 0.18732625653313917, "Chansey": 0.18732625653313917, "Girafarig": 1.780828669624822, "Gligar": 1.593502413091683, "Magneton": 1.593502413091683, "Bisharp": 1.593502413091683}, "Checks and Counters": {}, "usage": 0.6403922}, "Chansey": {"Raw count": 6, "Viability Ceiling": [3, 91, 91, 91], "Abilities": {"trace": 2.1873259346282357, "truant": 1.229578516137586e-05}, "Items": {"leftovers": 0.18732625653313917, "rockyhelmet": 1.229578516137586e-05, "heavydutyboots": 1.9999996780950968}, "Spreads": {"Relaxed:248/0/252/0/8/0": 0.18732625653313917, "Impish:252/6/252/0/0/0": 1.229578516137586e-05, "Calm:252/0/4/0/252/0": 1.9999996780950968}, "Moves": {"teleport": 2.1873259346282357, "trickroom": 0.18732625653313917, "softboiled": 2.1873259346282357, "seismictoss": 0.18732625653313917, "skillswap": 1.229578516137586e-05, "facade": 1.229578516137586e-05, "thunderwave": 1.229578516137586e-05,