{"info": {"metagame": "gen9littlecolosseumlc", "cutoff": 1630.0, "cutoff deviation": 0, "team type": null, "number of battles": 20}, "data": {"Mienfoo": {"Raw count": 17, "Viability Ceiling": [4, 69, 69, 69], "Abilities": {"regenerator": 4.177126290825308, "innerfocus": 0.0}, "Items": {"eviolite": 4.177126290825308, "muscleband": 0.0}, "Spreads": {"Jolly:0/0/196/0/36/236": 3.5366768455365523, "Adamant:0/236/36/0/196/0": 0.6404494452887566, "Hardy:0/236/196/0/0/76": 0.0, "Impish:236/0/196/0/36/0": 0.0}, "Moves": {"highjumpkick": 4.177126290825308, "knockoff": 4.177126290825308, "uturn": 4.177126290825308, "fakeout": 4.177126290825308, "closecombat": 0.0, "acrobatics": 0.0, "protect": 0.0}, "Tera Types": {"steel": 3.5366768455365523, "fighting": 0.6404494452887566}, "Happiness": {"255": 4.177126290825308}, "Teammates": {"Dreepy": 2.4285971115869467, "Wooper-Paldea": 2.4285971115869467, "Vullaby": 2.4285971115869467, "Sprigatito": 3.069046556875703, "Tepig": 3.069046556875703, "Foongus": 0.6404494452887566, "Voltorb-Hisui": 0.6404494452887566, "Jangmo-o": 0.6404494452887566, "Doduo": 0.0, "Voltorb": 0.0, "Sobble": 0.0, "Noibat": 0.0, "Bellsprout": 0.0, "Gothita": 0.0, "Diglett-Alola": 0.0, "Mudbray": 0.0, "Mareanie": 0.0}, "Checks and Counters": {}, "usage": 0.9575444000000001}, "Sprigatito": {"Raw count": 15, "Viability Ceiling": [2, 69, 69, 69], "Abilities": {"illuminate": 4.177126290825308}, "Items": {"lifeorb": 4.177126290825308}, "Spreads": {"Jolly:0/236/4/0/0/236": 3.5366768455365523, "Jolly:0/236/0/0/0/236": 0.6404494452887566}, "Moves": {"flowertrick": 4.177126290825308, "knockoff": 3.5366768455365523, "suckerpunch": 4.177126290825308, "terablast": 3.5366768455365523, "playrough": 0.6404494452887566, "uturn": 0.6404494452887566}, "Tera Types": {"psychic": 3.5366768455365523, "fairy": 0.6404494452887566}, "Happiness": {"255": 4.177126290825308}, "Teammates": {"Dreepy": 2.4285971115869467, "Wooper-Paldea": 2.4285971115869467, "Vullaby": 2.4285971115869467, "Mienfoo": 3.069046556875703, "Tepig": 3.069046556875703, "Foongus": 0.6404494452887566, "Voltorb-Hisui": 0.6404494452887566, "Jangmo-o": 0.6404494452887566}, "Checks and Counters": {}, "usage": 0.9575444000000001}, "Tepig": {"Raw count": 15, "Viability Ceiling": [2, 69, 69, 69], "Abilities": {"sapsipper": 4.177126290825308}, "Items": {"eviolite": 4.177126290825308}, "Spreads": {"Adamant:0/12/196/0/196/76": 3.5366768455365523, "Careful:236/12/0/0/236/0": 0.6404494452887566}, "Moves": {"willowisp": 4.177126290825308, "slackoff": 4.177126290825308, "earthquake": 4.177126290825308, "flareblitz": 3.5366768455365523, "stealthrock": 0.6404494452887566}, "Tera Types": {"water": 4.177126290825308}, "Happiness": {"255": 4.177126290825308}, "Teammates": {"Dreepy": 2.4285971115869467, "Wooper-Paldea": 2.4285971115869467, "Vullaby": 2.4285971115869467, "Mienfoo": 3.069046556875703, "Sprigatito": 3.069046556875703, "Foongus": 0.6404494452887566, "Voltorb-Hisui": 0.6404494452887566, "Jangmo-o": 0.6404494452887566}, "Checks and Counters": {}, "usage": 0.9575444000000001}, "Dreepy": {"Raw count": 14, "Viability Ceiling": [2, 69, 69, 69], "Abilities": {"cursedbody": 3.5366768455365523}, "Items": {"eviolite": 3.5366768455365523, "whiteherb": 0.0}, "Spreads": {"Timid:0/0/0/180/0/180": 3.5366768455365523, "Timid:0/0/0/196/116/180": 0.0}, "Moves": {"dracometeor": 3.5366768455365523, "hex": 3.5366768455365523, "uturn": 3.5366768455365523, "willowisp": 3.5366768455365523, "terablast": 0.0, "curse": 0.0, "disable": 0.0}, "Tera Types": {"ghost": 3.5366768455365523, "poison": 0.0}, "Happiness": {"255": 3.5366768455365523}, "Teammates": {"Wooper-Paldea": 2.4285971115869467, "Vullaby": 2.4285971115869467, "Mienfoo": 2.4285971115869467, "Sprigatito": 2.4285971115869467, "Tepig": 2.4285971115869467, "Arrokuda": 0.0, "Cottonee": 0.0, "Mareep": 0.0, "Rockruff": 0.0, "Slugma": 0.0}, "Checks and Counters": {}, "usage": 0.7577238}, "Wooper-Paldea": {"Raw count": 14, "Viability Ceiling": [2, 69, 69, 69], "Abilities": {"waterabsorb": 3.5366768455365523}, "Items": {"eviolite": 3.5366768455365523, "blacksludge": 0.0}, "Spreads": {"Impish:0/76/156/0/76/156": 3.5366768455365523, "Careful:0/4/252/0/252/0": 0.0}, "Moves": {"stealthrock": 3.5366768455365523, "recover": 3.5366768455365523, "gunkshot": 3.5366768455365523, "earthquake": 3.5366768455365523, "toxic": 0.0, "spikes": 0.0}, "Tera Types": {"flying": 3.5366768455365523, "poison": 0.0}, "Happiness": {"255": 3.5366768455365523}, "Teammates": {"Dreepy": 2.4285971115869467, "Vullaby": 2.4285971115869467, "Mienfoo": 2.4285971115869467, "Sprigatito": 2.4285971115869467, "Tepig": 2.4285971115869467, "Litten": 0.0, "Grookey": 0.0, "Cranidos": 0.0, "Blitzle": 0.0, "Beldum": 0.0}, "Checks and Counters": {}, "usage": 0.7577238}, "Vullaby": {"Raw count": 19, "Viability Ceiling": [5, 69, 69, 69], "Abilities": {"weakarmor": 3.5366768455365523, "bigpecks": 0.0}, "Items": {"eviolite": 3.5366768455365523}, "Spreads": {"Jolly:0/236/76/0/0/196": 3.5366768455365523, "Adamant:0/236/76/0/0/196": 0.0, "Impish:196/76/236/0/0/0": 0.0, "Adamant:0/236/156/0/0/116": 0.0}, "Moves": {"bravebird": 3.5366768455365523, "knockoff": 3.5366768455365523, "roost": 3.5366768455365523, "uturn": 3.5366768455365523, "defog": 0.0, "tailwind": 0.0}, "Tera Types": {"electric": 3.5366768455365523, "dark": 0.0, "ghost": 0.0}, "Happiness": {"255": 3.5366768455365523}, "Teammates": {"Dreepy": 2.4285971115869467, "Wooper-Paldea": 2.4285971115869467, "Mienfoo": 2.4285971115869467, "Sprigatito": 2.4285971115869467, "Tepig": 2.4285971115869467, "Jangmo-o": 0.0, "Foongus": 0.0, "Wooper": 0.0, "Voltorb-Hisui": 0.0, "Meowth-Galar": 0.0, "Toxel": 0.0, "Mudbray": 0.0, "Timburr": 0.0, "Glimmet": 0.0, "Gothita": 0.0, "Diglett-Alola": 0.0, "Mareanie": 0.0}, "Checks and Counters": {}, "usage": 0.7577238}, "Jangmo-o": {"Raw count": 5, "Viability Ceiling": [2, 63, 63, 63], "Abilities": {"overcoat": 0.0, "marvelscale": 0.6404494452887566}, "Items": {"eviolite": 0.6404494452887566}, "Spreads": {"Bold:0/0/156/76/236/0": 0.0, "Modest:0/0/0/236/236/0": 0.6404494452887566}, "Moves": {"bulkup": 0.0, "takeheart": 0.0, "drainingkiss": 0.6404494452887566, "scaleshot": 0.0, "slackoff": 0.6404494452887566, "dracometeor": 0.6404494452887566, "terablast": 0.6404494452887566}, "Tera Types": {"steel": 0.0, "water": 0.6404494452887566}, "Happiness": {"255": 0.6404494452887566}, "Teammates": {"Foongus": 0.6404494452887566, "Wooper": 0.0, "Vullaby": 0.0, "Voltorb-Hisui": 0.6404494452887566, "Meowth-Galar": 0.0, "Sprigatito": 0.6404494452887566, "Mienfoo": 0.6404494452887566, "Tepig": 0.6404494452887566}, "Checks and Counters": {}, "usage": 0.19982060000000001}, "Foongus": {"Raw count": 6, "Viability Ceiling": [3, 63, 63, 63], "Abilities": {"regenerator": 0.6404494452887566}, "Items": {"eviolite": 0.6404494452887566}, "Spreads": {"Bold:124/0/156/0/156/0": 0.6404494452887566, "Calm:0/0/156/0/116/236": 0.0}, "Moves": {"spore": 0.6404494452887566, "gigadrain": 0.6404494452887566, "sludgebomb": 0.6404494452887566, "synthesis": 0.6404494452887566, "protect": 0.0, "ragepowder": 0.0}, "Tera Types": {"ghost": 0.0, "dragon": 0.6404494452887566, "grass": 0.0}, "Happiness": {"255": 0.6404494452887566}, "Teammates": {"Jangmo-o": 0.6404494452887566, "Wooper": 0.0, "Vullaby": 0.0, "Voltorb-Hisui": 0.6404494452887566, "Meowth-Galar": 0.0, "Sprigatito": 0.6404494452887566, "Mienfoo": 0.6404494452887566, "Tepig": 0.6404494452887566, "Cufant": 0.0, "Axew": 0.0, "Growlithe-Hisui": 0.0, "Golett": 0.0, "Flabebe": 0.0}, "Checks and Counters": {}, "usage": 0.19982060000000001}, "Voltorb-Hisui": {"Raw count": 5, "Viability Ceiling": [2, 63, 63, 63], "Abilities": {"static": 0.0, "soundproof": 0.6404494452887566}, "Items": {"eviolite": 0.6404494452887566}, "Spreads": {"Timid:0/0/0/236/76/196": 0.6404494452887566}, "Moves": {"voltswitch": 0.6404494452887566, "gigadrain": 0.6404494452887566, "terablast": 0.0, "protect": 0.6404494452887566, "thunderbolt": 0.6404494452887566},