{"info": {"metagame": "gen1zu", "cutoff": 1630.0, "cutoff deviation": 0, "team type": null, "number of battles": 17}, "data": {"Sandslash": {"Raw count": 28, "Viability Ceiling": [10, 78, 78, 70], "Abilities": {"noability": 5.987614577664534}, "Items": {"nothing": 5.987614577664534}, "Spreads": {"Serious:252/252/252/252/252/252": 5.987614577664534}, "Moves": {"earthquake": 5.987614577664534, "rockslide": 5.987614577664534, "swordsdance": 4.131259716165125, "rest": 0.14014291782334581, "slash": 1.903511358397043, "substitute": 3.4643978703382157, "hyperbeam": 2.335917292605338, "bodyslam": 0.0}, "Tera Types": {"nothing": 5.987614577664534}, "Happiness": {"255": 5.987614577664534}, "Teammates": {"Magmar": 5.488835947973378, "Primeape": 5.940458022454569, "Drowzee": 1.0730815670517975, "Marowak": 0.14014291782334581, "Flareon": 0.1872994147209801, "Dragonair": 0.72226089153991, "Scyther": 3.2880721987313457, "Parasect": 2.3359174442619173, "Poliwag": 2.3830737895029723, "Ditto": 2.335917292605338, "Hitmonlee": 0.04715649689763429, "Charmeleon": 1.856354768155159, "Butterfree": 3.464397718681637, "Slowpoke": 0.22348214734574362, "Omanyte": 0.45162219110585144, "Muk": 5.8312329465071144e-08, "Tentacool": 2.1158760632467022e-08, "Weezing": 0.0, "Pidgeot": 0.0, "Lickitung": 0.0}, "Checks and Counters": {}, "usage": 0.9987603}, "Primeape": {"Raw count": 24, "Viability Ceiling": [9, 78, 78, 70], "Abilities": {"noability": 5.947890029971857}, "Items": {"nothing": 5.947890029971857}, "Spreads": {"Serious:252/252/252/252/252/252": 5.947890029971857}, "Moves": {"rockslide": 5.947890029971857, "hyperbeam": 5.496267897178335, "bodyslam": 4.8748084417612985, "lowkick": 0.1475749253406322, "thunderbolt": 0.5917650506168678, "seismictoss": 5.125210824491958, "submission": 0.6751043012980262, "counter": 0.9329386492284517}, "Tera Types": {"nothing": 5.947890029971857}, "Happiness": {"255": 5.947890029971857}, "Teammates": {"Butterfree": 3.4718297261989237, "Omanyte": 0.4590541403108084, "Scyther": 3.248347651038669, "Drowzee": 1.080513574569084, "Flareon": 0.1475749253406322, "Magmar": 5.488835889661049, "Marowak": 0.14014291782334581, "Sandslash": 5.940458022454569, "Dragonair": 0.6751043946422757, "Parasect": 2.3359173859495876, "Poliwag": 2.335917292605338, "Ditto": 2.335917292605338, "Charmeleon": 1.856354768155159, "Arbok": 0.0, "Onix": 0.0, "Slowpoke": 0.22348214734574362, "Golbat": 0.0, "Tentacool": 2.1158760632467022e-08}, "Checks and Counters": {}, "usage": 0.9921340999999999}, "Magmar": {"Raw count": 24, "Viability Ceiling": [9, 78, 78, 70], "Abilities": {"noability": 5.488835947973378}, "Items": {"nothing": 5.488835947973378}, "Spreads": {"Serious:252/252/252/252/252/252": 5.488835947973378}, "Moves": {"psychic": 2.699542357774427, "fireblast": 3.1529186553680395, "confuseray": 0.36362515851333893, "hyperbeam": 5.488835947973378, "bodyslam": 5.125210824491958, "flamethrower": 2.335917292605338, "seismictoss": 2.789293496854701, "counter": 5.8312329465071144e-08, "smokescreen": 0.0}, "Tera Types": {"nothing": 5.488835947973378}, "Happiness": {"255": 5.488835947973378}, "Teammates": {"Primeape": 5.488835889661049, "Drowzee": 1.0730815670517975, "Marowak": 0.14014291782334581, "Sandslash": 5.488835947973378, "Flareon": 0.14014291782334581, "Dragonair": 0.22348226184875375, "Scyther": 2.78929356904019, "Parasect": 2.3359174442619173, "Poliwag": 2.335917292605338, "Ditto": 2.335917292605338, "Arbok": 0.0, "Onix": 0.0, "Weezing": 0.0, "Slowpoke": 0.22348214734574362, "Charmeleon": 1.856354768155159, "Butterfree": 3.0127755858881153, "Muk": 5.8312329465071144e-08, "Omanyte": 5.8312329465071144e-08, "Golbat": 0.0, "Tentacool": 2.1158760632467022e-08, "Hitmonlee": 0.0, "Doduo": 0.0}, "Checks and Counters": {}, "usage": 0.9155619}, "Butterfree": {"Raw count": 12, "Viability Ceiling": [5, 78, 78, 78], "Abilities": {"noability": 3.4718297261989237}, "Items": {"nothing": 3.4718297261989237}, "Spreads": {"Serious:252/252/252/252/252/252": 3.4718297261989237}, "Moves": {"sleeppowder": 3.4718297261989237, "psychic": 3.4718297261989237, "megadrain": 0.6825362876565519, "stunspore": 3.4718297261989237, "substitute": 2.789293417383611, "doubleedge": 2.1158760632467022e-08}, "Tera Types": {"nothing": 3.4718297261989237}, "Happiness": {"255": 3.4718297261989237}, "Teammates": {"Primeape": 3.4718297261989237, "Omanyte": 0.4590541403108084, "Scyther": 3.2483475576944194, "Drowzee": 0.9403706567457382, "Flareon": 0.007432007517286399, "Charmeleon": 1.856354768155159, "Magmar": 3.0127755858881153, "Sandslash": 3.464397718681637, "Slowpoke": 0.22348214734574362, "Dragonair": 0.6751043012980262, "Tentacool": 2.1158760632467022e-08, "Pidgeot": 0.0, "Muk": 0.0, "Lickitung": 0.0}, "Checks and Counters": {}, "usage": 0.5791164}, "Scyther": {"Raw count": 18, "Viability Ceiling": [8, 78, 78, 67], "Abilities": {"noability": 3.2955042062486326}, "Items": {"nothing": 3.2955042062486326}, "Spreads": {"Serious:252/252/252/252/252/252": 3.2955042062486326}, "Moves": {"hyperbeam": 3.2955042062486326, "slash": 3.2955042062486326, "substitute": 0.05458859775917019, "swordsdance": 3.2955042062486326, "agility": 3.2409156084894626, "wingattack": 0.0, "doubleedge": 0.0}, "Tera Types": {"nothing": 3.2955042062486326}, "Happiness": {"255": 3.2955042062486326}, "Teammates": {"Butterfree": 3.2483475576944194, "Primeape": 3.248347651038669, "Omanyte": 0.45905419862313784, "Drowzee": 0.9403706567457382, "Flareon": 0.05458850441492069, "Dragonair": 0.49877872303540577, "Sandslash": 3.2880721987313457, "Magmar": 2.78929356904019, "Parasect": 1.516565789616564e-07, "Hitmonlee": 0.04715649689763429, "Poliwag": 0.04715649689763429, "Charmeleon": 1.856354768155159, "Arbok": 0.0, "Onix": 0.0, "Muk": 5.8312329465071144e-08, "Weezing": 0.0}, "Checks and Counters": {}, "usage": 0.5497045}, "Poliwag": {"Raw count": 4, "Viability Ceiling": [2, 70, 70, 70], "Abilities": {"noability": 2.3830737895029723}, "Items": {"nothing": 2.3830737895029723}, "Spreads": {"Serious:252/252/252/252/252/252": 2.335917292605338, "Serious:252/0/252/252/252/252": 0.04715649689763429}, "Moves": {"surf": 2.335917292605338, "blizzard": 2.3830737895029723, "amnesia": 2.3830737895029723, "hypnosis": 2.3830737895029723, "psychic": 0.04715649689763429}, "Tera Types": {"nothing": 2.3830737895029723}, "Happiness": {"255": 2.3830737895029723}, "Teammates": {"Parasect": 2.335917292605338, "Sandslash": 2.3830737895029723, "Magmar": 2.335917292605338, "Primeape": 2.335917292605338, "Ditto": 2.335917292605338, "Dragonair": 0.04715649689763429, "Flareon": 0.04715649689763429, "Hitmonlee": 0.04715649689763429, "Scyther": 0.04715649689763429}, "Checks and Counters": {}, "usage": 0.3975071}, "Parasect": {"Raw count": 14, "Viability Ceiling": [6, 70, 70, 67], "Abilities": {"noability": 2.3359174442619173}, "Items": {"nothing": 2.3359174442619173}, "Spreads": {"Serious:252/252/252/252/252/252": 2.3359174442619173}, "Moves": {"spore": 2.3359174442619173, "stunspore": 2.3359174442619173, "slash": 9.334424949658526e-08, "substitute": 9.334424949658526e-08, "megadrain": 2.3359173509176676, "bodyslam": 2.3359173509176676, "hyperbeam": 0.0, "swordsdance": 0.0}, "Tera Types": {"nothing": 2.3359174442619173}, "Happiness": {"255": 2.3359174442619173}, "Teammates": {"Dragonair": 9.334424949658526e-08, "Sandslash": 2.3359174442619173, "Magmar": 2.3359174442619173, "Scyther": 1.516565789616564e-07, "Primeape": 2.3359173859495876, "Poliwag": 2.335917292605338, "Ditto": 2.335917292605338, "Muk": 5.8312329465071144e-08, "Omanyte": 5.8312329465071144e-08, "Slowpoke": 0.0, "Hitmonlee": 0.0, "Drowzee": 0.0, "Marowak": 0.0, "Doduo": 0.0, "Flareon": 0.0, "Weezing": 0.0}, "Checks and Counters": {}, "usage": 0.3896412}, "Ditto": {"Raw count": 4, "Viability Ceiling": [2, 70, 70, 70], "Abilities": {"noability": 2.335917292605338}, "Items": {"nothing": 2.335917292605338}, "Spreads": {"Serious:252/252/252/252/252/252": 2.335917292605338},