{"info": {"metagame": "gen9nationaldexgodlygift", "cutoff": 1760.0, "cutoff deviation": 0, "team type": null, "number of battles": 9}, "data": {"Arceus": {"Raw count": 4, "Viability Ceiling": [2, 77, 77, 77], "Abilities": {"multitype": 0.649757140554715}, "Items": {"leftovers": 0.649757140554715}, "Spreads": {"Adamant:252/252/0/0/4/0": 0.6497567233776418, "Adamant:4/252/0/0/0/252": 4.171770732197544e-07}, "Moves": {"extremespeed": 0.649757140554715, "swordsdance": 0.649757140554715, "earthquake": 0.6497567233776418, "shadowclaw": 0.6497567233776418, "flareblitz": 4.171770732197544e-07, "taunt": 4.171770732197544e-07}, "Tera Types": {"nothing": 0.649757140554715}, "Happiness": {"255": 0.649757140554715}, "Teammates": {"Espeon": 0.6497567233776418, "Iron Treads": 0.6497567233776418, "Moltres": 0.6497567233776418, "Tapu Koko": 0.6497567233776418, "Iron Hands": 0.6497567233776418, "Garganacl": 4.171770732197544e-07, "Empoleon": 4.171770732197544e-07, "Nidoking": 4.171770732197544e-07, "Alomomola": 4.171770732197544e-07, "Tyranitar-Mega": 4.171770732197544e-07}, "Checks and Counters": {}, "usage": 0.95891}, "Espeon": {"Raw count": 5, "Viability Ceiling": [2, 77, 77, 77], "Abilities": {"magicbounce": 0.6497570948158973}, "Items": {"normaliumz": 0.6497567233776418, "fairiumz": 3.714382555419782e-07}, "Spreads": {"Modest:76/0/0/252/0/180": 0.6497567233776418, "Bold:252/0/252/4/0/0": 3.714382555419782e-07}, "Moves": {"celebrate": 0.6497567233776418, "drainingkiss": 0.6497570948158973, "storedpower": 0.6497570948158973, "morningsun": 0.6497570948158973, "calmmind": 3.714382555419782e-07}, "Tera Types": {"nothing": 0.6497570948158973}, "Happiness": {"255": 0.6497570948158973}, "Teammates": {"Iron Treads": 0.6497567233776418, "Moltres": 0.6497567233776418, "Tapu Koko": 0.6497567233776418, "Arceus": 0.6497567233776418, "Iron Hands": 0.6497567233776418, "Shuckle": 3.714382555419782e-07, "Gholdengo": 3.714382555419782e-07, "Meowscarada": 3.714382555419782e-07, "Gliscor": 3.714382555419782e-07, "Banette-Mega": 3.714382555419782e-07}, "Checks and Counters": {}, "usage": 0.9589099}, "Iron Treads": {"Raw count": 3, "Viability Ceiling": [1, 77, 77, 77], "Abilities": {"quarkdrive": 0.6497567233776418}, "Items": {"heavydutyboots": 0.6497567233776418}, "Spreads": {"Jolly:0/252/0/0/4/252": 0.6497567233776418}, "Moves": {"earthquake": 0.6497567233776418, "rapidspin": 0.6497567233776418, "knockoff": 0.6497567233776418, "stealthrock": 0.6497567233776418}, "Tera Types": {"nothing": 0.6497567233776418}, "Happiness": {"255": 0.6497567233776418}, "Teammates": {"Espeon": 0.6497567233776418, "Moltres": 0.6497567233776418, "Tapu Koko": 0.6497567233776418, "Arceus": 0.6497567233776418, "Iron Hands": 0.6497567233776418}, "Checks and Counters": {}, "usage": 0.9589094}, "Moltres": {"Raw count": 3, "Viability Ceiling": [1, 77, 77, 77], "Abilities": {"flamebody": 0.6497567233776418}, "Items": {"heavydutyboots": 0.6497567233776418}, "Spreads": {"Bold:248/0/244/16/0/0": 0.6497567233776418}, "Moves": {"flamethrower": 0.6497567233776418, "uturn": 0.6497567233776418, "hurricane": 0.6497567233776418, "roost": 0.6497567233776418}, "Tera Types": {"nothing": 0.6497567233776418}, "Happiness": {"255": 0.6497567233776418}, "Teammates": {"Espeon": 0.6497567233776418, "Iron Treads": 0.6497567233776418, "Tapu Koko": 0.6497567233776418, "Arceus": 0.6497567233776418, "Iron Hands": 0.6497567233776418}, "Checks and Counters": {}, "usage": 0.9589094}, "Tapu Koko": {"Raw count": 3, "Viability Ceiling": [1, 77, 77, 77], "Abilities": {"electricsurge": 0.6497567233776418}, "Items": {"terrainextender": 0.6497567233776418}, "Spreads": {"Timid:0/0/0/252/4/252": 0.6497567233776418}, "Moves": {"thunderbolt": 0.6497567233776418, "uturn": 0.6497567233776418, "hiddenpowerice": 0.6497567233776418, "dazzlinggleam": 0.6497567233776418}, "Tera Types": {"nothing": 0.6497567233776418}, "Happiness": {"255": 0.6497567233776418}, "Teammates": {"Espeon": 0.6497567233776418, "Iron Treads": 0.6497567233776418, "Moltres": 0.6497567233776418, "Arceus": 0.6497567233776418, "Iron Hands": 0.6497567233776418}, "Checks and Counters": {}, "usage": 0.9589094}, "Iron Hands": {"Raw count": 3, "Viability Ceiling": [1, 77, 77, 77], "Abilities": {"quarkdrive": 0.6497567233776418}, "Items": {"punchingglove": 0.6497567233776418}, "Spreads": {"Jolly:36/220/0/0/0/252": 0.6497567233776418}, "Moves": {"drainpunch": 0.6497567233776418, "thunderpunch": 0.6497567233776418, "icepunch": 0.6497567233776418, "swordsdance": 0.6497567233776418}, "Tera Types": {"nothing": 0.6497567233776418}, "Happiness": {"255": 0.6497567233776418}, "Teammates": {"Espeon": 0.6497567233776418, "Iron Treads": 0.6497567233776418, "Moltres": 0.6497567233776418, "Tapu Koko": 0.6497567233776418, "Arceus": 0.6497567233776418}, "Checks and Counters": {}, "usage": 0.9589094}, "Alomomola": {"Raw count": 2, "Viability Ceiling": [2, 71, 71, 71], "Abilities": {"regenerator": 0.01301512760309853}, "Items": {"heavydutyboots": 0.01301512760309853}, "Spreads": {"Relaxed:4/0/252/0/252/0": 0.013014710426025311, "Impish:252/0/252/0/4/0": 4.171770732197544e-07}, "Moves": {"wish": 0.01301512760309853, "flipturn": 0.01301512760309853, "protect": 0.01301512760309853, "toxic": 0.01301512760309853}, "Tera Types": {"nothing": 0.01301512760309853}, "Happiness": {"255": 0.01301512760309853}, "Teammates": {"Gliscor": 0.013014710426025311, "Lokix": 0.013014710426025311, "Tinkaton": 0.013014710426025311, "Electrode-Hisui": 0.013014710426025311, "Kyurem-White": 0.013014710426025311, "Garganacl": 4.171770732197544e-07, "Arceus": 4.171770732197544e-07, "Empoleon": 4.171770732197544e-07, "Nidoking": 4.171770732197544e-07, "Tyranitar-Mega": 4.171770732197544e-07}, "Checks and Counters": {}, "usage": 0.0192077}, "Gliscor": {"Raw count": 3, "Viability Ceiling": [2, 71, 71, 71], "Abilities": {"poisonheal": 0.013015081864280853}, "Items": {"toxicorb": 0.013015081864280853}, "Spreads": {"Careful:252/0/4/0/252/0": 0.013014710426025311, "Jolly:252/176/20/0/0/60": 3.714382555419782e-07}, "Moves": {"earthquake": 0.013015081864280853, "uturn": 0.013014710426025311, "defog": 0.013014710426025311, "protect": 0.013014710426025311, "swordsdance": 3.714382555419782e-07, "agility": 3.714382555419782e-07, "knockoff": 3.714382555419782e-07}, "Tera Types": {"nothing": 0.013015081864280853}, "Happiness": {"255": 0.013015081864280853}, "Teammates": {"Lokix": 0.013014710426025311, "Tinkaton": 0.013014710426025311, "Electrode-Hisui": 0.013014710426025311, "Alomomola": 0.013014710426025311, "Kyurem-White": 0.013014710426025311, "Shuckle": 3.714382555419782e-07, "Gholdengo": 3.714382555419782e-07, "Espeon": 3.714382555419782e-07, "Meowscarada": 3.714382555419782e-07, "Banette-Mega": 3.714382555419782e-07}, "Checks and Counters": {}, "usage": 0.019207600000000002}, "Lokix": {"Raw count": 1, "Viability Ceiling": [1, 71, 71, 71], "Abilities": {"tintedlens": 0.013014710426025311}, "Items": {"lifeorb": 0.013014710426025311}, "Spreads": {"Jolly:0/252/0/0/4/252": 0.013014710426025311}, "Moves": {"swordsdance": 0.013014710426025311, "suckerpunch": 0.013014710426025311, "leechlife": 0.013014710426025311, "knockoff": 0.013014710426025311}, "Tera Types": {"nothing": 0.013014710426025311}, "Happiness": {"255": 0.013014710426025311}, "Teammates": {"Gliscor": 0.013014710426025311, "Tinkaton": 0.013014710426025311, "Electrode-Hisui": 0.013014710426025311, "Alomomola": 0.013014710426025311, "Kyurem-White": 0.013014710426025311}, "Checks and Counters": {}, "usage": 0.019207099999999998}, "Tinkaton": {"Raw count": 1, "Viability Ceiling": [1, 71, 71, 71], "Abilities": {"moldbreaker": 0.013014710426025311}, "Items": {"leftovers": 0.013014710426025311}, "Spreads": {"Careful:252/0/4/0/252/0": 0.013014710426025311}, "Moves": {"stealthrock": 0.013014710426025311, "thunderwave": 0.013014710426025311, "gigatonhammer": 0.013014710426025311, "protect": 0.013014710426025311}, "Tera Types": {"nothing": 0.013014710426025311},