{"info": {"metagame": "gen9aprilfoolsday", "cutoff": 1630.0, "cutoff deviation": 0, "team type": null, "number of battles": 6257}, "data": {"Leafeon": {"Raw count": 83496, "Viability Ceiling": [6390, 76, 67, 55], "Abilities": {"illuminate": 4461.654715208539}, "Items": {"leftovers": 4461.654715208539}, "Spreads": {"Jolly:0/252/4/0/0/252": 4461.654715208539}, "Moves": {"tidyup": 4461.654715208539, "bitterblade": 4461.654715208539, "razorshell": 2246.46718277647, "strengthsap": 2215.187532432126}, "Tera Types": {"fire": 4461.654715208539}, "Happiness": {"255": 4461.654715208539}, "Teammates": {"Leafeon": 10422.206877304403}, "Checks and Counters": {"Leafeon": [628.6084357014302, 0.4955426717848367, 0.019941721389037565]}, "usage": 6.0}}}