{"info": {"metagame": "gen3ru", "cutoff": 1760.0, "cutoff deviation": 0, "team type": null, "number of battles": 6}, "data": {"Clefable": {"Raw count": 11, "Viability Ceiling": [5, 55, 55, 55], "Abilities": {"cutecharm": 0.00016108446049606373}, "Items": {"leftovers": 0.00016108446049606373}, "Spreads": {"Bold:252/0/252/0/0/4": 7.49980754166657e-08, "Careful:252/4/0/0/252/0": 0.0, "Calm:252/0/4/0/252/0": 0.00016028899311110179, "Calm:0/0/0/252/252/0": 0.0, "Calm:252/0/212/0/40/4": 7.204693095452797e-07}, "Moves": {"thunderbolt": 7.954673849619454e-07, "icebeam": 7.49980754166657e-08, "calmmind": 7.49980754166657e-08, "softboiled": 7.954673849619454e-07, "toxic": 0.00016028899311110179, "meteormash": 0.0, "substitute": 0.0, "seismictoss": 0.00016100946242064706, "wish": 0.00016028899311110179, "protect": 0.00016028899311110179, "flamethrower": 0.0, "psychic": 0.0, "thunderwave": 7.204693095452797e-07}, "Tera Types": {"nothing": 0.00016108446049606373}, "Happiness": {"255": 0.00016108446049606373}, "Teammates": {"Absol": 0.0, "Ninetales": 0.00016029909352816007, "Haunter": 7.204693095452797e-07, "Persian": 0.0, "Meganium": 7.204693095452797e-07, "Glalie": 0.00016029909352816007, "Banette": 0.00016029909352816007, "Lickitung": 1.0100417058289679e-08, "Mr. Mime": 1.0100417058289679e-08, "Politoed": 0.00016028899311110179, "Azumarill": 0.00016100946242064706, "Victreebel": 0.0, "Aggron": 0.0, "Wailord": 0.0, "Raichu": 7.204693095452797e-07, "Rapidash": 7.204693095452797e-07}, "Checks and Counters": {}, "usage": 0.0009661}, "Azumarill": {"Raw count": 2, "Viability Ceiling": [2, 55, 55, 55], "Abilities": {"hugepower": 0.00016100946242064706}, "Items": {"choiceband": 0.00016028899311110179, "lumberry": 7.204693095452797e-07}, "Spreads": {"Adamant:172/252/0/0/0/84": 0.00016028899311110179, "Brave:252/252/4/0/0/0": 7.204693095452797e-07}, "Moves": {"bodyslam": 0.00016100946242064706, "brickbreak": 0.00016100946242064706, "return": 0.00016028899311110179, "hiddenpowerghost": 0.00016100946242064706, "hydropump": 7.204693095452797e-07}, "Tera Types": {"nothing": 0.00016100946242064706}, "Happiness": {"255": 0.00016100946242064706}, "Teammates": {"Glalie": 0.00016028899311110179, "Banette": 0.00016028899311110179, "Clefable": 0.00016100946242064706, "Politoed": 0.00016028899311110179, "Ninetales": 0.00016028899311110179, "Raichu": 7.204693095452797e-07, "Haunter": 7.204693095452797e-07, "Rapidash": 7.204693095452797e-07, "Meganium": 7.204693095452797e-07}, "Checks and Counters": {}, "usage": 0.0009661}, "Glalie": {"Raw count": 12, "Viability Ceiling": [4, 66, 66, 66], "Abilities": {"innerfocus": 0.00016036399118651845}, "Items": {"salacberry": 0.00016036399118651845, "leftovers": 0.0, "silkscarf": 0.0}, "Spreads": {"Hasty:0/252/0/4/0/252": 7.49980754166657e-08, "Calm:252/0/0/0/80/176": 0.0, "Jolly:0/180/168/0/0/160": 0.0, "Timid:0/4/0/252/0/252": 0.00016028899311110179}, "Moves": {"explosion": 0.00016036399118651845, "spikes": 0.00016036399118651845, "earthquake": 7.49980754166657e-08, "icebeam": 0.00016036399118651845, "toxic": 0.0, "taunt": 0.00016028899311110179}, "Tera Types": {"nothing": 0.00016036399118651845}, "Happiness": {"255": 0.00016036399118651845}, "Teammates": {"Primeape": 0.0, "Shiftry": 0.0, "Victreebel": 0.0, "Rapidash": 0.0, "Haunter": 0.0, "Ninetales": 0.00016029909352816007, "Clefable": 0.00016029909352816007, "Banette": 0.00016029909352816007, "Lickitung": 1.0100417058289679e-08, "Mr. Mime": 1.0100417058289679e-08, "Politoed": 0.00016028899311110179, "Azumarill": 0.00016028899311110179}, "Checks and Counters": {}, "usage": 0.0009618000000000001}, "Ninetales": {"Raw count": 11, "Viability Ceiling": [5, 55, 55, 55], "Abilities": {"flashfire": 0.00016036399118651845}, "Items": {"leftovers": 0.00016036399118651845, "whiteherb": 0.0}, "Spreads": {"Calm:248/0/0/0/244/16": 7.49980754166657e-08, "Timid:4/0/96/160/0/248": 0.0, "Timid:0/0/0/252/4/252": 0.00016028899311110179, "Timid:0/0/0/4/252/252": 0.0}, "Moves": {"willowisp": 0.00016036399118651845, "flamethrower": 0.00016036399118651845, "toxic": 7.49980754166657e-08, "protect": 7.49980754166657e-08, "overheat": 0.0, "hiddenpowergrass": 0.0, "substitute": 0.0, "disable": 0.0, "sunnyday": 0.0, "hiddenpowerpsychic": 0.00016028899311110179, "hypnosis": 0.00016028899311110179, "roar": 0.0}, "Tera Types": {"nothing": 0.00016036399118651845}, "Happiness": {"255": 0.00016036399118651845}, "Teammates": {"Absol": 0.0, "Haunter": 0.0, "Clefable": 0.00016029909352816007, "Persian": 0.0, "Meganium": 0.0, "Glalie": 0.00016029909352816007, "Banette": 0.00016029909352816007, "Lickitung": 1.0100417058289679e-08, "Mr. Mime": 1.0100417058289679e-08, "Politoed": 0.00016028899311110179, "Azumarill": 0.00016028899311110179, "Victreebel": 0.0, "Aggron": 0.0, "Wailord": 0.0}, "Checks and Counters": {}, "usage": 0.0009618000000000001}, "Banette": {"Raw count": 7, "Viability Ceiling": [2, 55, 55, 55], "Abilities": {"insomnia": 0.00016036399118651845}, "Items": {"leftovers": 0.00016036399118651845}, "Spreads": {"Impish:248/0/252/0/0/8": 7.49980754166657e-08, "Adamant:116/252/0/0/0/140": 0.00016028899311110179}, "Moves": {"willowisp": 0.00016036399118651845, "shadowball": 0.00016036399118651845, "hiddenpowerfighting": 0.00016036399118651845, "thunderwave": 7.49980754166657e-08, "substitute": 0.00016028899311110179}, "Tera Types": {"nothing": 0.00016036399118651845}, "Happiness": {"255": 0.00016036399118651845}, "Teammates": {"Glalie": 0.00016029909352816007, "Ninetales": 0.00016029909352816007, "Clefable": 0.00016029909352816007, "Lickitung": 1.0100417058289679e-08, "Mr. Mime": 1.0100417058289679e-08, "Politoed": 0.00016028899311110179, "Azumarill": 0.00016028899311110179}, "Checks and Counters": {}, "usage": 0.0009618000000000001}, "Politoed": {"Raw count": 2, "Viability Ceiling": [2, 58, 58, 58], "Abilities": {"waterabsorb": 0.005774828642583996}, "Items": {"leftovers": 0.005774828642583996}, "Spreads": {"Bold:252/0/180/0/72/4": 0.005614539649472894, "Modest:4/0/0/252/0/252": 0.00016028899311110179}, "Moves": {"icebeam": 0.005774828642583996, "protect": 0.005614539649472894, "surf": 0.005614539649472894, "toxic": 0.005774828642583996, "hydropump": 0.00016028899311110179, "hiddenpowerelectric": 0.00016028899311110179}, "Tera Types": {"nothing": 0.005774828642583996}, "Happiness": {"255": 0.005774828642583996}, "Teammates": {"Glalie": 0.00016028899311110179, "Banette": 0.00016028899311110179, "Clefable": 0.00016028899311110179, "Azumarill": 0.00016028899311110179, "Ninetales": 0.00016028899311110179}, "Checks and Counters": {}, "usage": 0.0009617}}}