{"info": {"metagame": "gen5vgc2011", "cutoff": 1630.0, "cutoff deviation": 0, "team type": null, "number of battles": 6}, "data": {"Thundurus": {"Raw count": 10, "Viability Ceiling": [8, 79, 79, 71], "Abilities": {"prankster": 2.887766843991024}, "Items": {"chartiberry": 2.87357277494033, "leftovers": 0.0, "sitrusberry": 0.0010512554826139775, "electricgem": 0.01314281356807967}, "Spreads": {"Bold:248/0/156/8/84/12": 0.005244783468679293, "Bold:252/0/212/0/44/0": 0.0, "Calm:252/0/4/0/252/0": 0.0010512554826139775, "Timid:8/0/0/248/0/252": 0.9443537359700904, "Bold:244/0/160/20/80/4": 0.0, "Timid:4/0/0/252/0/252": 1.9371170690696398}, "Moves": {"thunderbolt": 2.8867155885084097, "hiddenpowerflying": 0.9495985194387697, "thunderwave": 2.887766843991024, "substitute": 2.198483129594347, "taunt": 0.0010512554826139775, "protect": 0.6892837143966764, "voltswitch": 0.0010512554826139775, "hiddenpowerice": 1.9371170690696398}, "Tera Types": {"nothing": 2.887766843991024}, "Happiness": {"255": 2.887766843991024}, "Teammates": {"Tornadus": 2.198483129594347, "Conkeldurr": 0.6934772423827417, "Hydreigon": 0.6945284978653556, "Jellicent": 1.9555046661063988, "Eelektross": 0.24822324695662773, "Terrakion": 1.9513111381203334, "Amoonguss": 2.625349527983702, "Volcarona": 0.0010512554826139775, "Ferrothorn": 0.0010512554826139775, "Mienshao": 0.0010512554826139775, "Haxorus": 0.24297846348794844, "Krookodile": 0.9312109224020109, "Scrafty": 2.1932383461256677, "Whimsicott": 0.01314281356807967, "Gothitelle": 0.6882324589140624, "Escavalier": 0.0}, "Checks and Counters": {}, "usage": 1.0}, "Amoonguss": {"Raw count": 4, "Viability Ceiling": [3, 79, 79, 79], "Abilities": {"effectspore": 2.625349527983702}, "Items": {"blacksludge": 0.0, "cobaberry": 1.9371170690696398, "lumberry": 0.6882324589140624}, "Spreads": {"Bold:252/0/212/0/44/0": 0.0, "Timid:100/0/116/4/36/252": 1.9371170690696398, "Calm:252/0/172/4/76/4": 0.6882324589140624}, "Moves": {"gigadrain": 2.625349527983702, "ragepowder": 2.625349527983702, "protect": 0.0, "spore": 2.625349527983702, "hiddenpowerfire": 1.9371170690696398, "sludgebomb": 0.6882324589140624}, "Tera Types": {"nothing": 2.625349527983702}, "Happiness": {"255": 2.625349527983702}, "Teammates": {"Conkeldurr": 0.6882324589140624, "Hydreigon": 0.6882324589140624, "Thundurus": 2.625349527983702, "Terrakion": 1.9371170690696398, "Tornadus": 1.9371170690696398, "Scrafty": 1.9371170690696398, "Jellicent": 1.9371170690696398, "Krookodile": 0.6882324589140624, "Gothitelle": 0.6882324589140624}, "Checks and Counters": {}, "usage": 0.9091279}, "Tornadus": {"Raw count": 6, "Viability Ceiling": [5, 79, 79, 79], "Abilities": {"prankster": 2.198483129594347}, "Items": {"flyinggem": 2.198483129594347}, "Spreads": {"Jolly:4/252/0/0/0/252": 2.198483129594347}, "Moves": {"acrobatics": 2.198483129594347, "tailwind": 2.198483129594347, "substitute": 2.198483129594347, "protect": 2.198483129594347, "uturn": 0.0}, "Tera Types": {"nothing": 2.198483129594347}, "Happiness": {"255": 2.198483129594347}, "Teammates": {"Thundurus": 2.198483129594347, "Conkeldurr": 0.005244783468679293, "Hydreigon": 0.005244783468679293, "Jellicent": 1.9555046661063988, "Eelektross": 0.24822324695662773, "Terrakion": 1.9502598826377193, "Amoonguss": 1.9371170690696398, "Haxorus": 0.24297846348794844, "Krookodile": 0.24297846348794844, "Scrafty": 2.1932383461256677, "Whimsicott": 0.01314281356807967}, "Checks and Counters": {}, "usage": 0.7613091}, "Scrafty": {"Raw count": 4, "Viability Ceiling": [3, 79, 79, 79], "Abilities": {"moxie": 2.1932383461256677}, "Items": {"chopleberry": 2.1932383461256677}, "Spreads": {"Adamant:148/252/0/0/0/108": 0.24297846348794844, "Adamant:252/252/0/0/4/0": 0.01314281356807967, "Adamant:108/252/0/0/0/148": 1.9371170690696398}, "Moves": {"crunch": 2.1932383461256677, "drainpunch": 2.1932383461256677, "fakeout": 2.1932383461256677, "protect": 2.1932383461256677}, "Tera Types": {"nothing": 2.1932383461256677}, "Happiness": {"255": 2.1932383461256677}, "Teammates": {"Tornadus": 2.1932383461256677, "Haxorus": 0.24297846348794844, "Krookodile": 0.24297846348794844, "Thundurus": 2.1932383461256677, "Eelektross": 0.24297846348794844, "Whimsicott": 0.01314281356807967, "Terrakion": 1.9502598826377193, "Jellicent": 1.9502598826377193, "Amoonguss": 1.9371170690696398}, "Checks and Counters": {}, "usage": 0.7594929}, "Jellicent": {"Raw count": 4, "Viability Ceiling": [3, 79, 79, 79], "Abilities": {"waterabsorb": 0.005244783468679293, "cursedbody": 1.9502598826377193}, "Items": {"choicescarf": 1.942361852538319, "watergem": 0.01314281356807967}, "Spreads": {"Timid:0/0/0/252/4/252": 0.005244783468679293, "Modest:4/0/0/252/0/252": 0.01314281356807967, "Timid:4/0/0/252/0/252": 1.9371170690696398}, "Moves": {"waterspout": 1.9555046661063988, "shadowball": 1.9555046661063988, "icebeam": 1.9555046661063988, "hydropump": 0.005244783468679293, "protect": 0.01314281356807967, "scald": 1.9371170690696398}, "Tera Types": {"nothing": 1.9555046661063988}, "Happiness": {"255": 1.9555046661063988}, "Teammates": {"Thundurus": 1.9555046661063988, "Tornadus": 1.9555046661063988, "Conkeldurr": 0.005244783468679293, "Hydreigon": 0.005244783468679293, "Eelektross": 0.005244783468679293, "Whimsicott": 0.01314281356807967, "Terrakion": 1.9502598826377193, "Scrafty": 1.9502598826377193, "Amoonguss": 1.9371170690696398}, "Checks and Counters": {}, "usage": 0.6771685}, "Terrakion": {"Raw count": 7, "Viability Ceiling": [5, 79, 79, 79], "Abilities": {"justified": 1.9513111381203334}, "Items": {"choiceband": 0.0010512554826139775, "lumberry": 0.01314281356807967, "lifeorb": 0.0, "focussash": 1.9371170690696398}, "Spreads": {"Jolly:4/252/0/0/0/252": 1.9502598826377193, "Jolly:0/252/0/0/4/252": 0.0010512554826139775, "Jolly:20/212/12/0/12/252": 0.0}, "Moves": {"rockslide": 1.9513111381203334, "closecombat": 1.9513111381203334, "quickattack": 1.9502598826377193, "xscissor": 0.0010512554826139775, "earthquake": 0.0010512554826139775, "protect": 1.9502598826377193, "safeguard": 0.0}, "Tera Types": {"nothing": 1.9513111381203334}, "Happiness": {"255": 1.9513111381203334}, "Teammates": {"Conkeldurr": 0.0, "Hydreigon": 0.0010512554826139775, "Thundurus": 1.9513111381203334, "Amoonguss": 1.9371170690696398, "Tornadus": 1.9502598826377193, "Volcarona": 0.0010512554826139775, "Ferrothorn": 0.0010512554826139775, "Mienshao": 0.0010512554826139775, "Whimsicott": 0.01314281356807967, "Scrafty": 1.9502598826377193, "Jellicent": 1.9502598826377193, "Gothitelle": 0.0, "Escavalier": 0.0}, "Checks and Counters": {}, "usage": 0.6757162999999999}, "Krookodile": {"Raw count": 2, "Viability Ceiling": [2, 71, 71, 71], "Abilities": {"intimidate": 0.9312109224020109}, "Items": {"focussash": 0.24297846348794844, "choicescarf": 0.6882324589140624}, "Spreads": {"Adamant:164/252/0/0/0/92": 0.9312109224020109}, "Moves": {"earthquake": 0.9312109224020109, "crunch": 0.9312109224020109, "rockslide": 0.9312109224020109, "protect": 0.24297846348794844, "stoneedge": 0.6882324589140624}, "Tera Types": {"nothing": 0.9312109224020109}, "Happiness": {"255": 0.9312109224020109}, "Teammates": {"Tornadus": 0.24297846348794844, "Haxorus": 0.24297846348794844, "Thundurus": 0.9312109224020109, "Scrafty": 0.24297846348794844, "Eelektross": 0.24297846348794844, "Hydreigon": 0.6882324589140624, "Conkeldurr": 0.6882324589140624, "Amoonguss": 0.6882324589140624, "Gothitelle": 0.6882324589140624}, "Checks and Counters": {}, "usage": 0.32246749999999996}, "Hydreigon": {"Raw count": 6, "Viability Ceiling": [5, 71, 71, 71], "Abilities": {"levitate": 0.6945284978653556}, "Items": {"lifeorb": 0.005244783468679293, "dragongem": 0.0010512554826139775, "habanberry": 0.0, "chopleberry": 0.6882324589140624}, "Spreads": {"Timid:0/0/0/252/4/252": 0.00629603895129327, "Timid:4/0/0/252/0/252": 0.6882324589140624, "Modest:244/0/4/132/12/116": 0.0}, "Moves": {"dracometeor": 0.00629603895129327, "surf": 0.005244783468679293, "fireblast": 0.005244783468679293,