{"info": {"metagame": "gen9crossevolution", "cutoff": 1760.0, "cutoff deviation": 0, "team type": null, "number of battles": 7}, "data": {"Gligar": {"Raw count": 10, "Viability Ceiling": [4, 91, 91, 91], "Abilities": {"adaptability": 0.0, "moxie": 0.0017444393391330415, "unaware": 1.9962554494481708, "drizzle": 7.263669757340274e-07}, "Items": {"choiceband": 0.0, "choicescarf": 0.0017444393391330415, "leftovers": 1.9962554494481708, "damprock": 7.263669757340274e-07}, "Spreads": {"Jolly:0/252/0/0/4/252": 0.0, "Adamant:4/252/0/0/0/252": 0.0017444393391330415, "Relaxed:252/0/252/0/4/0": 1.9962554494481708, "Relaxed:252/4/252/0/0/0": 7.263669757340274e-07}, "Moves": {"uturn": 1.9980006151542797, "earthquake": 1.9980006151542797, "crunch": 0.0, "liquidation": 0.0, "dualwingbeat": 0.0017444393391330415, "knockoff": 0.0017444393391330415, "recover": 1.9962554494481708, "spikes": 1.9962554494481708, "roost": 7.263669757340274e-07, "stealthrock": 7.263669757340274e-07}, "Tera Types": {"nothing": 1.9980006151542797}, "Happiness": {"255": 1.9980006151542797}, "Teammates": {"Misdreavus": 0.0, "Cutiefly": 0.0, "empty": 0.0, "Girafarig": 0.0011302339884399215, "Munchlax": 0.0011302339884399215, "Magneton": 0.9993466996213836, "Rhydon": 0.0011302339884399215, "Bisharp": 0.9993466996213836, "Dusclops": 0.9982164656329436, "Chansey": 0.9982164656329436, "Vullaby": 0.9982164656329436}, "Checks and Counters": {}, "usage": 0.9999340999999999}, "Magneton": {"Raw count": 8, "Viability Ceiling": [2, 91, 91, 91], "Abilities": {"magicguard": 0.0017444393391330415, "levitate": 1.9962554494481708}, "Items": {"choicespecs": 0.0017444393391330415, "choicescarf": 1.9962554494481708}, "Spreads": {"Timid:4/0/0/252/0/252": 0.0017444393391330415, "Modest:20/0/0/252/0/236": 1.9962554494481708}, "Moves": {"steelbeam": 0.0017444393391330415, "voltswitch": 1.9979998887873038, "fireblast": 0.0017444393391330415, "icebeam": 0.0017444393391330415, "surf": 1.9962554494481708, "flamethrower": 1.9962554494481708, "flashcannon": 1.9962554494481708}, "Tera Types": {"nothing": 1.9979998887873038}, "Happiness": {"255": 1.9979998887873038}, "Teammates": {"Girafarig": 0.0011302339884399215, "Munchlax": 0.0011302339884399215, "Gligar": 0.9993466996213836, "Rhydon": 0.0011302339884399215, "Bisharp": 0.9993466996213836, "Dusclops": 0.9982164656329436, "Chansey": 0.9982164656329436, "Vullaby": 0.9982164656329436}, "Checks and Counters": {}, "usage": 0.9999340999999999}, "Bisharp": {"Raw count": 9, "Viability Ceiling": [3, 91, 91, 91], "Abilities": {"defiant": 0.0017444393391330415, "queenlymajesty": 1.9962561758151462}, "Items": {"chestoberry": 0.0017444393391330415, "heavydutyboots": 1.9962554494481708, "assaultvest": 7.263669757340274e-07}, "Spreads": {"Adamant:0/252/0/0/252/4": 0.0017444393391330415, "Adamant:248/252/0/0/8/0": 1.9962554494481708, "Careful:252/4/0/0/252/0": 7.263669757340274e-07}, "Moves": {"bulkup": 0.0017444393391330415, "ragefist": 0.0017444393391330415, "drainpunch": 0.0017444393391330415, "rest": 0.0017444393391330415, "suckerpunch": 1.9962561758151462, "knockoff": 1.9962561758151462, "tripleaxel": 1.9962554494481708, "uturn": 1.9962561758151462, "rapidspin": 7.263669757340274e-07}, "Tera Types": {"nothing": 1.9980006151542797}, "Happiness": {"255": 1.9980006151542797}, "Teammates": {"Girafarig": 0.0011302339884399215, "Munchlax": 0.0011302339884399215, "Gligar": 0.9993466996213836, "Magneton": 0.9993466996213836, "Rhydon": 0.0011302339884399215, "Dusclops": 0.9982164656329436, "Chansey": 0.9982164656329436, "Vullaby": 0.9982164656329436}, "Checks and Counters": {}, "usage": 0.9999340999999999}, "Chansey": {"Raw count": 6, "Viability Ceiling": [3, 91, 91, 91], "Abilities": {"trace": 1.996321337129209, "truant": 1.4150070004603776e-10}, "Items": {"leftovers": 6.588768103843456e-05, "rockyhelmet": 1.4150070004603776e-10, "heavydutyboots": 1.9962554494481708}, "Spreads": {"Relaxed:248/0/252/0/8/0": 6.588768103843456e-05, "Impish:252/6/252/0/0/0": 1.4150070004603776e-10, "Calm:252/0/4/0/252/0": 1.9962554494481708}, "Moves": {"teleport": 1.996321337129209, "trickroom": 6.588768103843456e-05, "softboiled": 1.996321337129209, "seismictoss": 6.588768103843456e-05, "skillswap": 1.4150070004603776e-10, "facade": 1.4150070004603776e-10, "thunderwave": 1.4150070004603776e-10, "knockoff": 1.4150070004603776e-10, "healbell": 1.9962554494481708, "stealthrock": 1.9962554494481708}, "Tera Types": {"nothing": 1.9963213372707098}, "Happiness": {"255": 1.9963213372707098}, "Teammates": {"Rhydon": 6.588782253913461e-05, "Vullaby": 0.9982823533139821, "Munchlax": 6.588768103843456e-05, "Houndour": 6.588768103843456e-05, "Girafarig": 6.588768103843456e-05, "Cosmoem": 1.4150070004603776e-10, "Duosion": 1.4150070004603776e-10, "Sliggoo": 1.4150070004603776e-10, "Electabuzz": 1.4150070004603776e-10, "Dusclops": 0.9982164656329436, "Gligar": 0.9982164656329436, "Bisharp": 0.9982164656329436, "Magneton": 0.9982164656329436}, "Checks and Counters": {}, "usage": 0.9988691}, "Vullaby": {"Raw count": 4, "Viability Ceiling": [2, 91, 91, 91], "Abilities": {"heatproof": 6.588768103843456e-05, "furcoat": 1.9962554494481708}, "Items": {"heavydutyboots": 1.996321337129209}, "Spreads": {"Relaxed:248/0/252/0/8/0": 6.588768103843456e-05, "Relaxed:252/0/252/0/4/0": 1.9962554494481708}, "Moves": {"defog": 6.588768103843456e-05, "strengthsap": 6.588768103843456e-05, "trickroom": 6.588768103843456e-05, "foulplay": 1.996321337129209, "roost": 1.9962554494481708, "partingshot": 1.9962554494481708, "toxic": 1.9962554494481708}, "Tera Types": {"nothing": 1.996321337129209}, "Happiness": {"255": 1.996321337129209}, "Teammates": {"Rhydon": 6.588768103843456e-05, "Munchlax": 6.588768103843456e-05, "Houndour": 6.588768103843456e-05, "Chansey": 0.9982823533139821, "Girafarig": 6.588768103843456e-05, "Dusclops": 0.9982164656329436, "Gligar": 0.9982164656329436, "Bisharp": 0.9982164656329436, "Magneton": 0.9982164656329436}, "Checks and Counters": {}, "usage": 0.9988691}, "Dusclops": {"Raw count": 3, "Viability Ceiling": [2, 91, 91, 91], "Abilities": {"defiant": 0.0, "bulletproof": 1.9962554494481708}, "Items": {"rockyhelmet": 0.0, "heavydutyboots": 1.9962554494481708}, "Spreads": {"Adamant:252/248/0/0/0/8": 0.0, "Impish:248/0/252/0/8/0": 1.9962554494481708}, "Moves": {"ragefist": 0.0, "bulkup": 0.0, "leechlife": 0.0, "drainpunch": 0.0, "synthesis": 1.9962554494481708, "willowisp": 1.9962554494481708, "bodypress": 1.9962554494481708, "leechseed": 1.9962554494481708}, "Tera Types": {"nothing": 1.9962554494481708}, "Happiness": {"255": 1.9962554494481708}, "Teammates": {"Qwilfish-Hisui": 0.0, "Girafarig": 0.0, "Porygon2": 0.0, "Dipplin": 0.0, "Primeape": 0.0, "Gligar": 0.9982164656329436, "Chansey": 0.9982164656329436, "Vullaby": 0.9982164656329436, "Bisharp": 0.9982164656329436, "Magneton": 0.9982164656329436}, "Checks and Counters": {}, "usage": 0.9988032}, "Rhydon": {"Raw count": 10, "Viability Ceiling": [3, 66, 66, 66], "Abilities": {"magicbounce": 6.588768103843456e-05, "queenlymajesty": 1.4150070004603776e-10, "protean": 0.0017444393391330415}, "Items": {"rockyhelmet": 6.588768103843456e-05, "assaultvest": 0.0017444394806337415}, "Spreads": {"Brave:252/252/0/0/4/0": 6.588768103843456e-05, "Adamant:0/252/96/0/162/0": 1.4150070004603776e-10, "Adamant:0/252/0/0/252/4": 0.0017444393391330415}, "Moves": {"playrough": 6.588768103843456e-05, "trickroom": 6.588768103843456e-05, "icepunch": 6.588768103843456e-05, "earthquake": 0.0018103271616721761, "tropkick": 1.4150070004603776e-10, "stoneedge": 1.4150070004603776e-10, "rapidspin": 1.4150070004603776e-10, "knockoff": 0.0017444393391330415, "suckerpunch": 0.0017444393391330415, "uturn": 0.0017444393391330415}, "Tera Types": {"nothing": 0.0018103271616721761}, "Happiness": {"255": 0.0018103271616721761}, "Teammates": {"Vullaby": 6.588768103843456e-05, "Munchlax": 0.001196121669478356, "Houndour": 6.588768103843456e-05, "Chansey": 6.588782253913461e-05, "Girafarig": 0.001196121669478356,