{"info": {"metagame": "gen9teraoverride", "cutoff": 1760.0, "cutoff deviation": 0, "team type": null, "number of battles": 11}, "data": {"Ceruledge": {"Raw count": 5, "Viability Ceiling": [4, 72, 72, 72], "Abilities": {"flashfire": 0.029266109006857777, "weakarmor": 1.144770432759401e-05}, "Items": {"heavydutyboots": 0.029266109006857777, "focussash": 1.144770432759401e-05}, "Spreads": {"Jolly:0/136/0/0/0/252": 0.02926580897498504, "Jolly:0/252/0/0/4/252": 1.1747736200329317e-05}, "Moves": {"swordsdance": 0.02927755671118537, "bitterblade": 0.02927755671118537, "poltergeist": 0.02927755671118537, "shadowsneak": 0.02926580897498504, "brickbreak": 3.0003187273530685e-07, "throatchop": 0.0, "endure": 1.144770432759401e-05}, "Tera Types": {"ground": 0.029266109006857777, "ghost": 1.144770432759401e-05}, "Happiness": {"255": 0.02927755671118537}, "Teammates": {"Slowking-Galar": 0.013481812094897072, "Chandelure": 0.013481812094897072, "Rillaboom": 0.013481812094897072, "Garganacl": 0.013482112126769807, "Great Tusk": 0.013481812094897072, "Kyurem": 1.1747736200329317e-05, "Iron Treads": 3.0003187273530685e-07, "Hydreigon": 3.0003187273530685e-07, "Thundurus-Therian": 3.0003187273530685e-07, "Oricorio": 0.0, "Araquanid": 0.0, "Primarina": 0.0, "Braviary": 0.0, "Electivire": 0.0, "Bombirdier": 1.144770432759401e-05, "Kleavor": 1.144770432759401e-05, "Alomomola": 1.144770432759401e-05, "Tatsugiri": 1.144770432759401e-05}, "Checks and Counters": {}, "usage": 0.0809614}, "Slowking-Galar": {"Raw count": 8, "Viability Ceiling": [7, 72, 72, 55], "Abilities": {"regenerator": 0.02927173623476781}, "Items": {"icyrock": 0.0, "heavydutyboots": 0.02926580897498504, "leftovers": 5.9272597827675355e-06}, "Spreads": {"Sassy:252/0/8/0/248/0": 0.0, "Calm:216/0/20/56/216/0": 0.02926580897498504, "Sassy:252/0/252/0/4/0": 0.0, "Calm:252/0/0/4/252/0": 0.0, "Sassy:248/0/8/0/252/0": 0.0, "Modest:252/0/0/252/4/0": 5.9272597827675355e-06}, "Moves": {"chillyreception": 0.02927173623476781, "sludgebomb": 0.0, "psychicnoise": 0.02926580897498504, "thunderwave": 0.0, "toxicspikes": 0.02926580897498504, "flamethrower": 0.02926580897498504, "slackoff": 0.0, "curse": 0.0, "futuresight": 0.0, "earthquake": 0.0, "expandingforce": 5.9272597827675355e-06, "calmmind": 5.9272597827675355e-06, "sludgewave": 5.9272597827675355e-06}, "Tera Types": {"fire": 0.02926580897498504, "fairy": 0.0, "poison": 5.9272597827675355e-06, "dragon": 0.0, "steel": 0.0}, "Happiness": {"255": 0.02927173623476781}, "Teammates": {"Clodsire": 5.9272597827675355e-06, "Heatran": 0.0, "Talonflame": 0.0, "Blaziken": 0.0, "Iron Crown": 0.0, "Chandelure": 0.013481812094897072, "Rillaboom": 0.013481812094897072, "Garganacl": 0.013481812094897072, "Ceruledge": 0.013481812094897072, "Great Tusk": 0.013481812094897072, "Florges": 0.0, "Primarina": 0.0, "Gastrodon": 0.0, "Ribombee": 0.0, "Kingambit": 0.0, "Vaporeon": 0.0, "Goodra-Hisui": 0.0, "Indeedee": 5.9272597827675355e-06, "Toxapex": 5.9272597827675355e-06, "Amoonguss": 5.9272597827675355e-06, "Salazzle": 5.9272597827675355e-06}, "Checks and Counters": {}, "usage": 0.0809264}, "Rillaboom": {"Raw count": 4, "Viability Ceiling": [3, 72, 72, 72], "Abilities": {"grassysurge": 0.02926940248411386}, "Items": {"terrainextender": 3.593509128818617e-06, "choiceband": 0.02926580897498504, "lifeorb": 0.0}, "Spreads": {"Jolly:0/252/0/0/4/252": 0.02926940248411386, "Adamant:0/252/4/0/0/252": 0.0}, "Moves": {"grassyglide": 0.02926940248411386, "woodhammer": 0.02926940248411386, "uturn": 0.02926940248411386, "fakeout": 3.593509128818617e-06, "knockoff": 0.02926580897498504}, "Tera Types": {"water": 3.593509128818617e-06, "fire": 0.02926580897498504}, "Happiness": {"255": 0.02926940248411386}, "Teammates": {"Pelipper": 3.593509128818617e-06, "Volcanion": 3.593509128818617e-06, "Blastoise": 3.593509128818617e-06, "Kilowattrel": 3.593509128818617e-06, "Primarina": 3.593509128818617e-06, "Slowking-Galar": 0.013481812094897072, "Chandelure": 0.013481812094897072, "Garganacl": 0.013481812094897072, "Ceruledge": 0.013481812094897072, "Great Tusk": 0.013481812094897072, "Barraskewda": 0.0, "Tornadus-Therian": 0.0, "Iron Treads": 0.0, "Raging Bolt": 0.0}, "Checks and Counters": {}, "usage": 0.08091240000000001}, "Garganacl": {"Raw count": 10, "Viability Ceiling": [7, 72, 72, 60], "Abilities": {"purifyingsalt": 0.02978800898413142}, "Items": {"heavydutyboots": 0.0, "leftovers": 0.02978800898413142}, "Spreads": {"Careful:252/4/0/0/252/0": 0.0, "Impish:252/4/252/0/0/0": 0.0005222000091463785, "Impish:176/0/236/0/96/0": 0.02926580897498504}, "Moves": {"saltcure": 0.02978800898413142, "irondefense": 0.0005196443937893203, "bodypress": 0.029787708952258685, "recover": 0.02978800898413142, "stealthrock": 0.0292683645903421, "protect": 3.0003187273530685e-07, "stoneedge": 0.0}, "Tera Types": {"water": 0.0005199444256620556, "fighting": 0.029268064558469364}, "Happiness": {"255": 0.02978800898413142}, "Teammates": {"Bombirdier": 2.255583484322976e-06, "Talonflame": 0.0, "Arboliva": 0.0, "Clodsire": 0.0, "Hitmonlee": 0.0, "Gholdengo": 2.255583484322976e-06, "Cyclizar": 2.255583484322976e-06, "Kyurem": 2.555615357058283e-06, "Florges": 2.255583484322976e-06, "Slowking-Galar": 0.013481812094897072, "Chandelure": 0.013481812094897072, "Rillaboom": 0.013481812094897072, "Ceruledge": 0.013482112126769807, "Great Tusk": 0.013481812094897072, "Iron Treads": 3.0003187273530685e-07, "Hydreigon": 3.0003187273530685e-07, "Thundurus-Therian": 3.0003187273530685e-07, "Latios": 0.0, "Cobalion": 0.0, "Heatran": 0.0, "Quagsire": 0.0}, "Checks and Counters": {}, "usage": 0.0809062}, "Great Tusk": {"Raw count": 5, "Viability Ceiling": [4, 72, 72, 72], "Abilities": {"protosynthesis": 0.02926580897498504}, "Items": {"boosterenergy": 0.0, "heavydutyboots": 0.02926580897498504}, "Spreads": {"Hardy:96/176/132/0/0/104": 0.0, "Jolly:120/68/44/0/36/240": 0.02926580897498504, "Jolly:0/252/4/0/0/252": 0.0, "Adamant:252/252/0/0/4/0": 0.0}, "Moves": {"earthquake": 0.0, "closecombat": 0.02926580897498504, "icespinner": 0.02926580897498504, "knockoff": 0.0, "rapidspin": 0.02926580897498504, "headlongrush": 0.02926580897498504, "bulkup": 0.0}, "Tera Types": {"grass": 0.0, "water": 0.02926580897498504, "steel": 0.0}, "Happiness": {"255": 0.02926580897498504}, "Teammates": {"Latias": 0.0, "Gholdengo": 0.0, "Heatran": 0.0, "Primarina": 0.0, "Grimmsnarl": 0.0, "Slowking-Galar": 0.013481812094897072, "Chandelure": 0.013481812094897072, "Rillaboom": 0.013481812094897072, "Garganacl": 0.013481812094897072, "Ceruledge": 0.013481812094897072, "Latios": 0.0, "Cobalion": 0.0, "Quagsire": 0.0}, "Checks and Counters": {}, "usage": 0.0808909}, "Chandelure": {"Raw count": 2, "Viability Ceiling": [1, 72, 72, 72], "Abilities": {"flashfire": 0.02926580897498504}, "Items": {"choicescarf": 0.02926580897498504}, "Spreads": {"Timid:0/0/0/252/4/252": 0.02926580897498504}, "Moves": {"shadowball": 0.02926580897498504, "trick": 0.02926580897498504, "overheat": 0.02926580897498504, "energyball": 0.02926580897498504}, "Tera Types": {"ghost": 0.02926580897498504}, "Happiness": {"255": 0.02926580897498504}, "Teammates": {"Slowking-Galar": 0.013481812094897072, "Rillaboom": 0.013481812094897072, "Garganacl": 0.013481812094897072, "Ceruledge": 0.013481812094897072, "Great Tusk": 0.013481812094897072}, "Checks and Counters": {}, "usage": 0.0808909}, "Bombirdier": {"Raw count": 9, "Viability Ceiling": [6, 60, 60, 59], "Abilities": {"rockypayload": 0.005544562863708635}, "Items": {"choicescarf": 1.144770432759401e-05, "normalgem": 0.005533115159381041}, "Spreads": {"Jolly:0/252/0/0/4/252": 0.0005218999772736432, "Jolly:4/252/0/0/0/252": 0.005011215182107398, "Adamant:0/252/0/0/4/252": 1.144770432759401e-05}, "Moves": {"bravebird": 0.0005218999772736432, "uturn": 0.0005310920981169143, "knockoff": 0.005542307280224312, "stoneedge": 0.0, "honeclaws": 2.255583484322976e-06, "suckerpunch": 0.0005333476816012372, "roost": 2.255583484322976e-06, "foulplay": 0.0,