{"info": {"metagame": "gen3uu", "cutoff": 1630.0, "cutoff deviation": 0, "team type": null, "number of battles": 5}, "data": {"Kangaskhan": {"Raw count": 6, "Viability Ceiling": [4, 61, 61, 61], "Abilities": {"earlybird": 0.5522126686556387}, "Items": {"choiceband": 0.49187840923682574, "leftovers": 0.06033425941881293}, "Spreads": {"Jolly:0/252/0/0/4/252": 0.49187840923682574, "Adamant:216/56/12/0/216/8": 0.06033425941881293, "Adamant:208/220/20/0/0/60": 0.0}, "Moves": {"doubleedge": 0.49187840923682574, "earthquake": 0.49187840923682574, "rockslide": 0.43453056219634656, "shadowball": 0.49187840923682574, "return": 0.06033425941881293, "focuspunch": 0.06033425941881293, "toxic": 0.06033425941881293, "rest": 0.06033425941881293, "fakeout": 0.05734784704047918, "wish": 0.0}, "Tera Types": {"nothing": 0.5522126686556387}, "Happiness": {"255": 0.5522126686556387}, "Teammates": {"Manectric": 0.06033425941881293, "Omastar": 0.06033425941881293, "Walrein": 0.06033425941881293, "Nidoqueen": 0.11768210645929211, "Scyther": 0.11768210645929211, "Qwilfish": 0.29197380923561506, "Electabuzz": 0.23462596219513587, "Misdreavus": 0.23462596219513587, "Tentacruel": 0.23462596219513587, "Hitmonlee": 0.23462596219513587, "Quagsire": 0.05734784704047918, "Feraligatr": 0.05734784704047918, "Nidoking": 0.0, "Gorebyss": 0.0, "Cradily": 0.0}, "Checks and Counters": {}, "usage": 0.7846632}, "Qwilfish": {"Raw count": 4, "Viability Ceiling": [3, 61, 61, 61], "Abilities": {"poisonpoint": 0.49187840923682574}, "Items": {"leftovers": 0.49187840923682574}, "Spreads": {"Jolly:252/0/0/0/24/232": 0.43453056219634656, "Hasty:252/0/0/0/24/232": 0.05734784704047918}, "Moves": {"sludgebomb": 0.49187840923682574, "hydropump": 0.49187840923682574, "destinybond": 0.43453056219634656, "spikes": 0.49187840923682574, "selfdestruct": 0.05734784704047918, "substitute": 0.0}, "Tera Types": {"nothing": 0.49187840923682574}, "Happiness": {"255": 0.49187840923682574}, "Teammates": {"Electabuzz": 0.23462596219513587, "Kangaskhan": 0.29197380923561506, "Misdreavus": 0.23462596219513587, "Tentacruel": 0.23462596219513587, "Hitmonlee": 0.23462596219513587, "Quagsire": 0.05734784704047918, "Nidoqueen": 0.05734784704047918, "Feraligatr": 0.05734784704047918, "Scyther": 0.05734784704047918, "Hitmontop": 0.0, "Arcanine": 0.0, "Sandslash": 0.0, "Vileplume": 0.0}, "Checks and Counters": {}, "usage": 0.6502863000000001}, "Electabuzz": {"Raw count": 2, "Viability Ceiling": [1, 61, 61, 61], "Abilities": {"static": 0.43453056219634656}, "Items": {"leftovers": 0.43453056219634656}, "Spreads": {"Timid:0/0/0/252/4/252": 0.43453056219634656}, "Moves": {"thunderbolt": 0.43453056219634656, "icepunch": 0.43453056219634656, "hiddenpowergrass": 0.43453056219634656, "quickattack": 0.43453056219634656}, "Tera Types": {"nothing": 0.43453056219634656}, "Happiness": {"255": 0.43453056219634656}, "Teammates": {"Qwilfish": 0.23462596219513587, "Kangaskhan": 0.23462596219513587, "Misdreavus": 0.23462596219513587, "Tentacruel": 0.23462596219513587, "Hitmonlee": 0.23462596219513587}, "Checks and Counters": {}, "usage": 0.5225607999999999}, "Misdreavus": {"Raw count": 3, "Viability Ceiling": [2, 61, 61, 61], "Abilities": {"levitate": 0.43453056219634656}, "Items": {"leftovers": 0.43453056219634656}, "Spreads": {"Calm:252/0/84/0/172/0": 0.43453056219634656}, "Moves": {"thunderbolt": 0.43453056219634656, "hiddenpowerice": 0.43453056219634656, "toxic": 0.43453056219634656, "painsplit": 0.43453056219634656}, "Tera Types": {"nothing": 0.43453056219634656}, "Happiness": {"255": 0.43453056219634656}, "Teammates": {"Qwilfish": 0.23462596219513587, "Electabuzz": 0.23462596219513587, "Kangaskhan": 0.23462596219513587, "Tentacruel": 0.23462596219513587, "Hitmonlee": 0.23462596219513587, "Hitmontop": 0.0, "Arcanine": 0.0, "Sandslash": 0.0, "Vileplume": 0.0}, "Checks and Counters": {}, "usage": 0.5225607999999999}, "Tentacruel": {"Raw count": 2, "Viability Ceiling": [1, 61, 61, 61], "Abilities": {"liquidooze": 0.43453056219634656}, "Items": {"leftovers": 0.43453056219634656}, "Spreads": {"Calm:252/0/0/0/120/136": 0.43453056219634656}, "Moves": {"surf": 0.43453056219634656, "rapidspin": 0.43453056219634656, "toxic": 0.43453056219634656, "icebeam": 0.43453056219634656}, "Tera Types": {"nothing": 0.43453056219634656}, "Happiness": {"255": 0.43453056219634656}, "Teammates": {"Qwilfish": 0.23462596219513587, "Electabuzz": 0.23462596219513587, "Kangaskhan": 0.23462596219513587, "Misdreavus": 0.23462596219513587, "Hitmonlee": 0.23462596219513587}, "Checks and Counters": {}, "usage": 0.5225607999999999}, "Hitmonlee": {"Raw count": 2, "Viability Ceiling": [1, 61, 61, 61], "Abilities": {"limber": 0.43453056219634656}, "Items": {"salacberry": 0.43453056219634656}, "Spreads": {"Jolly:0/252/0/0/4/252": 0.43453056219634656}, "Moves": {"highjumpkick": 0.43453056219634656, "hiddenpowerghost": 0.43453056219634656, "rockslide": 0.43453056219634656, "endure": 0.43453056219634656}, "Tera Types": {"nothing": 0.43453056219634656}, "Happiness": {"255": 0.43453056219634656}, "Teammates": {"Qwilfish": 0.23462596219513587, "Electabuzz": 0.23462596219513587, "Kangaskhan": 0.23462596219513587, "Misdreavus": 0.23462596219513587, "Tentacruel": 0.23462596219513587}, "Checks and Counters": {}, "usage": 0.5225607999999999}, "Scyther": {"Raw count": 5, "Viability Ceiling": [4, 55, 55, 55], "Abilities": {"swarm": 0.17877252349526085}, "Items": {"choiceband": 0.17877252349526085}, "Spreads": {"Jolly:0/252/0/0/4/252": 0.11843826407644792, "Jolly:0/252/4/0/0/252": 0.06033425941881293, "Jolly:0/208/0/0/48/252": 0.0}, "Moves": {"hiddenpowerground": 0.061090417035968736, "silverwind": 0.061090417035968736, "return": 0.061090417035968736, "aerialace": 0.11843826407644792, "hiddenpowerbug": 0.11768210645929211, "doubleedge": 0.11768210645929211, "quickattack": 0.11768210645929211, "reversal": 0.06033425941881293, "hiddenpowerflying": 0.0, "pursuit": 0.0}, "Tera Types": {"nothing": 0.17877252349526085}, "Happiness": {"255": 0.17877252349526085}, "Teammates": {"Sandslash": 0.061090417035968736, "Clefable": 0.061090417035968736, "Grumpig": 0.061090417035968736, "Primeape": 0.061090417035968736, "Ampharos": 0.061090417035968736, "Manectric": 0.06033425941881293, "Kangaskhan": 0.11768210645929211, "Omastar": 0.06033425941881293, "Walrein": 0.06033425941881293, "Nidoqueen": 0.11768210645929211, "Qwilfish": 0.05734784704047918, "Quagsire": 0.05734784704047918, "Feraligatr": 0.05734784704047918, "Nidoking": 0.0, "Gorebyss": 0.0, "Cradily": 0.0}, "Checks and Counters": {}, "usage": 0.3981635}, "Nidoqueen": {"Raw count": 3, "Viability Ceiling": [2, 50, 50, 50], "Abilities": {"poisonpoint": 0.11768210645929211}, "Items": {"leftovers": 0.11768210645929211}, "Spreads": {"Adamant:60/216/16/0/0/216": 0.06033425941881293, "Naughty:128/252/0/56/0/72": 0.05734784704047918}, "Moves": {"earthquake": 0.11768210645929211, "superpower": 0.06033425941881293, "shadowball": 0.11768210645929211, "icebeam": 0.11768210645929211, "sludgebomb": 0.05734784704047918}, "Tera Types": {"nothing": 0.11768210645929211}, "Happiness": {"255": 0.11768210645929211}, "Teammates": {"Manectric": 0.06033425941881293, "Kangaskhan": 0.11768210645929211, "Omastar": 0.06033425941881293, "Walrein": 0.06033425941881293, "Scyther": 0.11768210645929211, "Qwilfish": 0.05734784704047918, "Quagsire": 0.05734784704047918, "Feraligatr": 0.05734784704047918}, "Checks and Counters": {}, "usage": 0.26210249999999996}, "Omastar": {"Raw count": 4, "Viability Ceiling": [3, 50, 50, 50], "Abilities": {"swiftswim": 0.0959157202474103}, "Items": {"leftovers": 0.0959157202474103, "mysticwater": 0.0}, "Spreads": {"Calm:252/0/4/0/252/0": 0.03558146082859737, "Bold:252/0/176/72/0/8": 0.06033425941881293, "Modest:0/0/4/252/0/252": 0.0}, "Moves": {"spikes": 0.0959157202474103, "hydropump": 0.03558146082859737, "raindance": 0.03558146082859737, "icebeam": 0.03558146082859737, "surf": 0.06033425941881293, "protect": 0.06033425941881293,