{"info": {"metagame": "gen5zu", "cutoff": 1760.0, "cutoff deviation": 0, "team type": null, "number of battles": 11}, "data": {"Kingler": {"Raw count": 4, "Viability Ceiling": [3, 69, 69, 69], "Abilities": {"sheerforce": 0.06966422304162029}, "Items": {"choicescarf": 0.0011443780218960975, "choiceband": 0.06851984501972419, "rockgem": 0.0}, "Spreads": {"Jolly:0/252/4/0/0/252": 0.0011443780218960975, "Jolly:0/252/0/0/4/252": 0.06851984501972419, "Adamant:80/252/0/0/0/176": 0.0}, "Moves": {"crabhammer": 0.06966422304162029, "rockslide": 0.06966422304162029, "superpower": 0.0011443780218960975, "xscissor": 0.06966422304162029, "brickbreak": 0.06851984501972419, "swordsdance": 0.0, "agility": 0.0}, "Tera Types": {"nothing": 0.06966422304162029}, "Happiness": {"255": 0.06966422304162029}, "Teammates": {"Arbok": 0.0011443780218960975, "Sandshrew": 0.0011443780218960975, "Boldore": 0.0011443780218960975, "Meganium": 0.0011443780218960975, "Simisear": 0.0011443780218960975, "Vanilluxe": 0.06851984501972419, "Persian": 0.06851984501972419, "Muk": 0.06851984501972419, "Drilbur": 0.06851984501972419, "Frillish": 0.06851984501972419, "Solrock": 0.0, "Whiscash": 0.0, "Lairon": 0.0, "Leafeon": 0.0}, "Checks and Counters": {}, "usage": 0.4179853}, "Persian": {"Raw count": 8, "Viability Ceiling": [6, 69, 69, 63], "Abilities": {"technician": 0.0685202970989362}, "Items": {"silkscarf": 2.7388085799273654e-08, "choicespecs": 4.246911262106856e-07, "choiceband": 0.06851984501972419}, "Spreads": {"Jolly:0/252/0/0/4/252": 0.0685202970989362}, "Moves": {"fakeout": 2.7388085799273654e-08, "return": 4.246911262106856e-07, "uturn": 0.06852027686191359, "bite": 0.0685202697108504, "switcheroo": 0.0685202697108504, "taunt": 7.151063186050521e-09, "lastresort": 2.0237022613223132e-08, "": 4.0474045226446265e-08, "doubleedge": 0.06851985217078738, "knockoff": 0.0}, "Tera Types": {"nothing": 0.0685202970989362}, "Happiness": {"255": 0.0685202970989362}, "Teammates": {"Clefairy": 0.0, "Solrock": 0.0, "Grumpig": 0.0, "Emolga": 0.0, "Muk": 0.06851984501972419, "Leafeon": 4.246911262106856e-07, "Simisear": 4.246911262106856e-07, "Lunatone": 4.246911262106856e-07, "Walrein": 4.246911262106856e-07, "Slaking": 4.246911262106856e-07, "Kecleon": 0.0, "Mightyena": 0.0, "Octillery": 0.0, "Luxray": 0.0, "Lampent": 0.0, "Arbok": 2.7388085799273654e-08, "Raichu": 2.7388085799273654e-08, "Glaceon": 2.7388085799273654e-08, "Togetic": 2.7388085799273654e-08, "Lairon": 2.7388085799273654e-08, "Kingler": 0.06851984501972419, "Vanilluxe": 0.06851984501972419, "Drilbur": 0.06851984501972419, "Frillish": 0.06851984501972419, "Whiscash": 0.0}, "Checks and Counters": {}, "usage": 0.41112180000000004}, "Muk": {"Raw count": 5, "Viability Ceiling": [3, 69, 69, 69], "Abilities": {"stickyhold": 0.0, "poisontouch": 0.06851984501972419}, "Items": {"blacksludge": 0.0, "leftovers": 0.06851984501972419}, "Spreads": {"Adamant:252/252/0/0/4/0": 0.0, "Careful:240/16/0/0/252/0": 0.06851984501972419}, "Moves": {"substitute": 0.0, "poisonjab": 0.06851984501972419, "focuspunch": 0.0, "payback": 0.0, "brickbreak": 0.0, "firepunch": 0.0, "shadowsneak": 0.0, "curse": 0.06851984501972419, "rest": 0.06851984501972419, "sleeptalk": 0.06851984501972419}, "Tera Types": {"nothing": 0.06851984501972419}, "Happiness": {"255": 0.06851984501972419}, "Teammates": {"Shelgon": 0.0, "Staryu": 0.0, "Lairon": 0.0, "Emolga": 0.0, "Grumpig": 0.0, "Clefairy": 0.0, "Persian": 0.06851984501972419, "Solrock": 0.0, "Kingler": 0.06851984501972419, "Vanilluxe": 0.06851984501972419, "Drilbur": 0.06851984501972419, "Frillish": 0.06851984501972419}, "Checks and Counters": {}, "usage": 0.4111191}, "Vanilluxe": {"Raw count": 2, "Viability Ceiling": [2, 69, 69, 69], "Abilities": {"weakarmor": 0.06851984501972419}, "Items": {"sitrusberry": 0.0, "choicespecs": 0.06851984501972419}, "Spreads": {"Hardy:0/0/132/252/0/124": 0.0, "Modest:240/0/0/252/0/16": 0.06851984501972419}, "Moves": {"avalanche": 0.0, "explosion": 0.0, "icebeam": 0.06851984501972419, "flashcannon": 0.06851984501972419, "hiddenpowerfire": 0.06851984501972419, "toxic": 0.06851984501972419}, "Tera Types": {"nothing": 0.06851984501972419}, "Happiness": {"255": 0.06851984501972419}, "Teammates": {"Butterfree": 0.0, "Togetic": 0.0, "Sudowoodo": 0.0, "Shellder": 0.0, "Lunatone": 0.0, "Kingler": 0.06851984501972419, "Persian": 0.06851984501972419, "Muk": 0.06851984501972419, "Drilbur": 0.06851984501972419, "Frillish": 0.06851984501972419}, "Checks and Counters": {}, "usage": 0.4111191}, "Drilbur": {"Raw count": 1, "Viability Ceiling": [1, 69, 69, 69], "Abilities": {"moldbreaker": 0.06851984501972419}, "Items": {"eviolite": 0.06851984501972419}, "Spreads": {"Adamant:252/252/0/0/4/0": 0.06851984501972419}, "Moves": {"earthquake": 0.06851984501972419, "rapidspin": 0.06851984501972419, "stealthrock": 0.06851984501972419, "poisonjab": 0.06851984501972419}, "Tera Types": {"nothing": 0.06851984501972419}, "Happiness": {"255": 0.06851984501972419}, "Teammates": {"Kingler": 0.06851984501972419, "Vanilluxe": 0.06851984501972419, "Persian": 0.06851984501972419, "Muk": 0.06851984501972419, "Frillish": 0.06851984501972419}, "Checks and Counters": {}, "usage": 0.4111191}, "Frillish": {"Raw count": 1, "Viability Ceiling": [1, 69, 69, 69], "Abilities": {"waterabsorb": 0.06851984501972419}, "Items": {"eviolite": 0.06851984501972419}, "Spreads": {"Calm:240/0/0/16/252/0": 0.06851984501972419}, "Moves": {"scald": 0.06851984501972419, "hex": 0.06851984501972419, "recover": 0.06851984501972419, "willowisp": 0.06851984501972419}, "Tera Types": {"nothing": 0.06851984501972419}, "Happiness": {"255": 0.06851984501972419}, "Teammates": {"Kingler": 0.06851984501972419, "Vanilluxe": 0.06851984501972419, "Persian": 0.06851984501972419, "Muk": 0.06851984501972419, "Drilbur": 0.06851984501972419}, "Checks and Counters": {}, "usage": 0.4111191}, "Bibarel": {"Raw count": 4, "Viability Ceiling": [3, 68, 68, 68], "Abilities": {"unaware": 0.0, "simple": 0.008588966768442896}, "Items": {"choiceband": 0.0, "leftovers": 0.008588966768442896}, "Spreads": {"Adamant:0/252/0/0/4/252": 0.0, "Adamant:252/252/0/0/4/0": 0.008588966768442896}, "Moves": {"doubleedge": 0.0, "waterfall": 0.008588966768442896, "focuspunch": 0.0, "quickattack": 0.008588966768442896, "curse": 0.008588966768442896, "return": 0.008588966768442896}, "Tera Types": {"nothing": 0.008588966768442896}, "Happiness": {"255": 0.008588966768442896}, "Teammates": {"Slaking": 0.0, "Beautifly": 0.0, "Mightyena": 0.0, "Solrock": 0.0, "Glaceon": 0.0020404603600210347, "Vullaby": 0.0020404603600210347, "Kecleon": 0.008588966768442896, "Arbok": 0.0020404603600210347, "Emolga": 0.0020404603600210347, "Raticate": 0.006548506408421861, "Granbull": 0.006548506408421861, "Togetic": 0.006548506408421861, "Dunsparce": 0.006548506408421861}, "Checks and Counters": {}, "usage": 0.051533800000000005}, "Kecleon": {"Raw count": 4, "Viability Ceiling": [3, 68, 68, 68], "Abilities": {"colorchange": 0.008588966768442896}, "Items": {"leftovers": 0.008588966768442896}, "Spreads": {"Careful:252/4/0/0/252/0": 0.0020404603600210347, "Careful:252/0/4/0/252/0": 0.006548506408421861}, "Moves": {"recover": 0.008588966768442896, "stealthrock": 0.008588966768442896, "drainpunch": 0.0020404603600210347, "shadowclaw": 0.0020404603600210347, "return": 0.006548506408421861, "thunderwave": 0.006548506408421861}, "Tera Types": {"nothing": 0.008588966768442896}, "Happiness": {"255": 0.008588966768442896}, "Teammates": {"Vullaby": 0.0020404603600210347, "Glaceon": 0.0020404603600210347, "Bibarel": 0.008588966768442896, "Arbok": 0.0020404603600210347, "Emolga": 0.0020404603600210347, "Persian": 0.0, "Mightyena": 0.0, "Octillery": 0.0, "Luxray": 0.0, "Lampent": 0.0, "Raticate": 0.006548506408421861, "Granbull": 0.006548506408421861, "Togetic": 0.006548506408421861, "Dunsparce": 0.006548506408421861}, "Checks and Counters": {}, "usage": 0.051533800000000005}, "Togetic": {"Raw count": 5,