{"info": {"metagame": "gen1zu", "cutoff": 1760.0, "cutoff deviation": 0, "team type": null, "number of battles": 17}, "data": {"Sandslash": {"Raw count": 28, "Viability Ceiling": [10, 78, 78, 70], "Abilities": {"noability": 1.0791737268246795}, "Items": {"nothing": 1.0791737268246795}, "Spreads": {"Serious:252/252/252/252/252/252": 1.0791737268246795}, "Moves": {"earthquake": 1.0791737268246795, "rockslide": 1.0791737268246795, "swordsdance": 0.3626520456612056, "rest": 9.493128505511095e-12, "slash": 0.7179329735564685, "substitute": 1.0762572094450882, "hyperbeam": 0.001505224977103481, "bodyslam": 0.0}, "Tera Types": {"nothing": 1.0791737268246795}, "Happiness": {"255": 1.0791737268246795}, "Teammates": {"Magmar": 1.0708448652054061, "Primeape": 1.0777624344316847, "Drowzee": 0.3491257737880434, "Marowak": 9.493128505511095e-12, "Flareon": 0.0014112924024877738, "Dragonair": 0.012021046896058762, "Scyther": 1.0739763165612972, "Parasect": 0.001505224977103481, "Poliwag": 0.002916517370098126, "Ditto": 0.001505224977103481, "Hitmonlee": 0.0014112923929946453, "Charmeleon": 0.7165216811634738, "Butterfree": 1.0762572094450882, "Slowpoke": 0.003692185276785498, "Omanyte": 0.006917569226278619, "Muk": 0.0, "Tentacool": 0.0, "Weezing": 0.0, "Pidgeot": 0.0, "Lickitung": 0.0}, "Checks and Counters": {}, "usage": 0.9999998999999999}, "Primeape": {"Raw count": 24, "Viability Ceiling": [9, 78, 78, 70], "Abilities": {"noability": 1.0777625400276798}, "Items": {"nothing": 1.0777625400276798}, "Spreads": {"Serious:252/252/252/252/252/252": 1.0777625400276798}, "Moves": {"rockslide": 1.0777625400276798, "hyperbeam": 1.0708449708014012, "bodyslam": 0.7286367662396365, "lowkick": 1.0560548824312121e-07, "thunderbolt": 0.006917569235771748, "seismictoss": 1.0671526799191275, "submission": 0.010609754503064117, "counter": 0.34912577377855025}, "Tera Types": {"nothing": 1.0777625400276798}, "Happiness": {"255": 1.0777625400276798}, "Teammates": {"Butterfree": 1.0762573150410832, "Omanyte": 0.006917674822273734, "Scyther": 1.0725651297642977, "Drowzee": 0.3491258793840385, "Flareon": 1.0560548824312121e-07, "Magmar": 1.0708448652054061, "Marowak": 9.493128505511095e-12, "Sandslash": 1.0777624344316847, "Dragonair": 0.010609754503064117, "Parasect": 0.001505224977103481, "Poliwag": 0.001505224977103481, "Ditto": 0.001505224977103481, "Charmeleon": 0.7165216811634738, "Arbok": 0.0, "Onix": 0.0, "Slowpoke": 0.003692185276785498, "Golbat": 0.0, "Tentacool": 0.0}, "Checks and Counters": {}, "usage": 0.9986922}, "Butterfree": {"Raw count": 12, "Viability Ceiling": [5, 78, 78, 78], "Abilities": {"noability": 1.0762573150410832}, "Items": {"nothing": 1.0762573150410832}, "Spreads": {"Serious:252/252/252/252/252/252": 1.0762573150410832}, "Moves": {"sleeppowder": 1.0762573150410832, "psychic": 1.0762573150410832, "megadrain": 0.010609860099059232, "stunspore": 1.0762573150410832, "substitute": 1.065647454942024, "doubleedge": 0.0}, "Tera Types": {"nothing": 1.0762573150410832}, "Happiness": {"255": 1.0762573150410832}, "Teammates": {"Primeape": 1.0762573150410832, "Omanyte": 0.006917674822273734, "Scyther": 1.0725651297642977, "Drowzee": 0.34912587937454537, "Flareon": 1.055959951146157e-07, "Charmeleon": 0.7165216811634738, "Magmar": 1.0693396402188096, "Sandslash": 1.0762572094450882, "Slowpoke": 0.003692185276785498, "Dragonair": 0.010609754503064117, "Tentacool": 0.0, "Pidgeot": 0.0, "Muk": 0.0, "Lickitung": 0.0}, "Checks and Counters": {}, "usage": 0.9972975}, "Scyther": {"Raw count": 18, "Viability Ceiling": [8, 78, 78, 67], "Abilities": {"noability": 1.0739764221572925}, "Items": {"nothing": 1.0739764221572925}, "Spreads": {"Serious:252/252/252/252/252/252": 1.0739764221572925}, "Moves": {"hyperbeam": 1.0739764221572925, "slash": 1.0739764221572925, "substitute": 0.0014113979889897599, "swordsdance": 1.0739764221572925, "agility": 1.0725650241683027, "wingattack": 0.0, "doubleedge": 0.0}, "Tera Types": {"nothing": 1.0739764221572925}, "Happiness": {"255": 1.0739764221572925}, "Teammates": {"Butterfree": 1.0725651297642977, "Primeape": 1.0725651297642977, "Omanyte": 0.006917674822273734, "Drowzee": 0.34912587937454537, "Flareon": 0.0014113979889897599, "Dragonair": 0.008328861619273265, "Sandslash": 1.0739763165612972, "Magmar": 1.065647454942024, "Parasect": 0.0, "Hitmonlee": 0.0014112923929946453, "Poliwag": 0.0014112923929946453, "Charmeleon": 0.7165216811634738, "Arbok": 0.0, "Onix": 0.0, "Muk": 0.0, "Weezing": 0.0}, "Checks and Counters": {}, "usage": 0.9951839}, "Magmar": {"Raw count": 24, "Viability Ceiling": [9, 78, 78, 70], "Abilities": {"noability": 1.0708448652054061}, "Items": {"nothing": 1.0708448652054061}, "Spreads": {"Serious:252/252/252/252/252/252": 1.0708448652054061}, "Moves": {"psychic": 0.005197410263382107, "fireblast": 1.0693396402283026, "confuseray": 0.0036921852862786264, "hyperbeam": 1.0708448652054061, "bodyslam": 1.0671526799191275, "flamethrower": 0.001505224977103481, "seismictoss": 1.065647454942024, "counter": 0.0, "smokescreen": 0.0}, "Tera Types": {"nothing": 1.0708448652054061}, "Happiness": {"255": 1.0708448652054061}, "Teammates": {"Primeape": 1.0708448652054061, "Drowzee": 0.3491257737880434, "Marowak": 9.493128505511095e-12, "Sandslash": 1.0708448652054061, "Flareon": 9.493128505511095e-12, "Dragonair": 0.003692185276785498, "Scyther": 1.065647454942024, "Parasect": 0.001505224977103481, "Poliwag": 0.001505224977103481, "Ditto": 0.001505224977103481, "Arbok": 0.0, "Onix": 0.0, "Weezing": 0.0, "Slowpoke": 0.003692185276785498, "Charmeleon": 0.7165216811634738, "Butterfree": 1.0693396402188096, "Muk": 0.0, "Omanyte": 0.0, "Golbat": 0.0, "Tentacool": 0.0, "Hitmonlee": 0.0, "Doduo": 0.0}, "Checks and Counters": {}, "usage": 0.9922821000000001}, "Charmeleon": {"Raw count": 4, "Viability Ceiling": [2, 78, 78, 78], "Abilities": {"noability": 0.7165216811634738}, "Items": {"nothing": 0.7165216811634738}, "Spreads": {"Serious:252/252/252/252/252/252": 0.7165216811634738}, "Moves": {"fireblast": 0.7165216811634738, "slash": 0.7165216811634738, "seismictoss": 0.7165216811634738, "counter": 0.7165216811634738}, "Tera Types": {"nothing": 0.7165216811634738}, "Happiness": {"255": 0.7165216811634738}, "Teammates": {"Magmar": 0.7165216811634738, "Scyther": 0.7165216811634738, "Primeape": 0.7165216811634738, "Sandslash": 0.7165216811634738, "Butterfree": 0.7165216811634738}, "Checks and Counters": {}, "usage": 0.6639539000000001}, "Drowzee": {"Raw count": 8, "Viability Ceiling": [5, 77, 77, 77], "Abilities": {"noability": 0.3491258793840385}, "Items": {"nothing": 0.3491258793840385}, "Spreads": {"Serious:252/252/252/252/252/252": 0.3491258793840385}, "Moves": {"hypnosis": 0.3491258793840385, "thunderwave": 0.3491258793840385, "psychic": 0.3491258793840385, "seismictoss": 0.34912587937454537, "counter": 9.493128505511095e-12, "meditate": 0.0, "headbutt": 0.0, "rest": 0.0}, "Tera Types": {"nothing": 0.3491258793840385}, "Happiness": {"255": 0.3491258793840385}, "Teammates": {"Butterfree": 0.34912587937454537, "Primeape": 0.3491258793840385, "Omanyte": 1.055959951146157e-07, "Scyther": 0.34912587937454537, "Flareon": 1.0560548824312121e-07, "Magmar": 0.3491257737880434, "Marowak": 9.493128505511095e-12, "Sandslash": 0.3491257737880434, "Parasect": 0.0, "Hitmonlee": 0.0, "Doduo": 0.0, "Pidgeot": 0.0, "Muk": 0.0, "Lickitung": 0.0}, "Checks and Counters": {}, "usage": 0.32351219999999997}, "Dragonair": {"Raw count": 13, "Viability Ceiling": [6, 67, 67, 61], "Abilities": {"noability": 0.012021046896058762}, "Items": {"nothing": 0.012021046896058762}, "Spreads": {"Serious:252/252/252/252/252/252": 0.012021046896058762, "Serious:252/0/252/252/252/252": 0.0}, "Moves": {"thunderwave": 0.010609754503064117, "blizzard": 0.012021046896058762, "fireblast": 0.0, "hyperbeam": 0.0, "bodyslam": 0.005103477669780143, "surf": 0.008328861619273265, "thunderbolt": 0.012021046896058762, "agility": 0.0}, "Tera Types": {"nothing": 0.012021046896058762},