{"info": {"metagame": "gen1ubers", "cutoff": 1760.0, "cutoff deviation": 0, "team type": null, "number of battles": 33}, "data": {"Mewtwo": {"Raw count": 69, "Viability Ceiling": [28, 76, 76, 68], "Abilities": {"noability": 0.8306288144725815}, "Items": {"nothing": 0.8306288144725815}, "Spreads": {"Serious:252/252/252/252/252/252": 0.6405238625474845, "Serious:252/0/252/252/252/252": 0.1901049519250969}, "Moves": {"amnesia": 0.6275160373696399, "icebeam": 0.4849222348890222, "psychic": 0.11822163266436037, "recover": 0.6964617169440205, "selfdestruct": 0.16509660424414702, "blizzard": 0.2959168970221341, "thunderwave": 0.2959168970221341, "thunderbolt": 0.364260054734013, "barrier": 0.2730398515555975, "fireblast": 0.0, "bodyslam": 0.0, "substitute": 0.0005816657226285216, "rest": 0.0005816657226285216, "thunder": 0.0}, "Tera Types": {"nothing": 0.8306288144725815}, "Happiness": {"255": 0.8306288144725815}, "Teammates": {"Zapdos": 0.017435374693766048, "Exeggutor": 0.42495372316916813, "Mew": 0.7934665845939224, "Persian": 2.3484213772795304e-05, "Tauros": 0.7448441448453843, "Gengar": 0.049519255920264516, "Snorlax": 0.542986971630346, "Cloyster": 0.273040173375163, "Chansey": 0.17454696258561564, "Alakazam": 0.05723325545336261, "Slowbro": 0.157548306950969, "Jynx": 0.4662140964828711, "Articuno": 0.09280411991919263, "Rhydon": 0.09666686218806636, "Lapras": 0.0, "Dodrio": 0.0, "Electrode": 0.0788844302097571, "Starmie": 7.350535113281875e-05}, "Checks and Counters": {}, "usage": 1.0}, "Mew": {"Raw count": 66, "Viability Ceiling": [26, 76, 76, 68], "Abilities": {"noability": 0.830047148749953}, "Items": {"nothing": 0.830047148749953}, "Spreads": {"Serious:252/252/252/252/252/252": 0.830047148749953}, "Moves": {"thunderwave": 0.26165934310960787, "swordsdance": 0.7054468956655569, "earthquake": 0.5996655340810473, "explosion": 0.25711827624573524, "bodyslam": 0.21594984641466813, "softboiled": 0.5162015433814136, "hyperbeam": 0.062301367639184035, "psychic": 0.09280411991919263, "reflect": 0.30452083427170296, "transform": 0.031796133165203355, "selfdestruct": 0.2727247011064996}, "Tera Types": {"nothing": 0.830047148749953}, "Happiness": {"255": 0.830047148749953}, "Teammates": {"Zapdos": 0.017435374693766048, "Exeggutor": 0.42495372316916813, "Mewtwo": 0.7934665845939224, "Persian": 2.3484213772795304e-05, "Tauros": 0.7442624791227558, "Gengar": 0.049519255920264516, "Snorlax": 0.542986971630346, "Cloyster": 0.273040173375163, "Chansey": 0.17396529686298712, "Alakazam": 0.05723325545336261, "Slowbro": 0.157548306950969, "Jynx": 0.4656324307602426, "Articuno": 0.09280411991919263, "Rhydon": 0.09608519646543784, "Electrode": 0.07830276448712858, "Starmie": 7.350535113281875e-05}, "Checks and Counters": {}, "usage": 0.9992675}, "Tauros": {"Raw count": 47, "Viability Ceiling": [23, 76, 76, 67], "Abilities": {"noability": 0.7499135365632005}, "Items": {"nothing": 0.7499135365632005}, "Spreads": {"Serious:252/252/252/252/252/252": 0.7499135365632005}, "Moves": {"blizzard": 0.4294748112889952, "bodyslam": 0.7499135365632005, "earthquake": 0.5570793122605902, "hyperbeam": 0.7499135365632005, "stomp": 0.00575127081461585, "thunderbolt": 0.5072367248416106, "leer": 0.0002849539205888596, "icebeam": 0.0}, "Tera Types": {"nothing": 0.7499135365632005}, "Happiness": {"255": 0.7499135365632005}, "Teammates": {"Zapdos": 2.3484213772795304e-05, "Exeggutor": 0.3931615081779948, "Mew": 0.7442624791227558, "Mewtwo": 0.7448441448453843, "Persian": 2.3484213772795304e-05, "Chansey": 0.12534317893401453, "Snorlax": 0.4937828661591795, "Alakazam": 0.05723325545336261, "Slowbro": 0.157548306950969, "Jynx": 0.4662140964828711, "Articuno": 0.09280411991919263, "Rhydon": 0.09666686218806636, "Gengar": 0.0003151504490979118, "Cloyster": 0.2730398515555975, "Electrode": 0.0788844302097571, "Starmie": 7.350535113281875e-05}, "Checks and Counters": {}, "usage": 0.9380339}, "Snorlax": {"Raw count": 38, "Viability Ceiling": [19, 74, 74, 69], "Abilities": {"noability": 0.5744981440685606}, "Items": {"nothing": 0.5744981440685606}, "Spreads": {"Serious:252/252/252/252/252/252": 0.5744981440685606}, "Moves": {"hyperbeam": 0.36839179529551913, "earthquake": 0.2054767979271671, "bodyslam": 0.5744981440685606, "selfdestruct": 0.5744981440685606, "rest": 0.09601169111430502, "reflect": 0.3687363922208046, "rockslide": 0.0, "counter": 0.0002849539205888596, "surf": 0.0, "headbutt": 0.07830276448712858, "blizzard": 0.031791893171607855}, "Tera Types": {"nothing": 0.5744981440685606}, "Happiness": {"255": 0.5744981440685606}, "Teammates": {"Gengar": 0.049204105471166604, "Exeggutor": 0.17454761555672466, "Mew": 0.542986971630346, "Mewtwo": 0.542986971630346, "Cloyster": 0.2727250229260651, "Tauros": 0.4937828661591795, "Chansey": 0.17396529686298712, "Rhydon": 0.09601169111430502, "Jynx": 0.2727247079128996, "Lapras": 0.0, "Dodrio": 0.0, "Slowbro": 0.0002849539205888596, "Alakazam": 0.0, "Electrode": 0.07830276448712858, "Zapdos": 0.017411890479993253}, "Checks and Counters": {}, "usage": 0.6838211}, "Jynx": {"Raw count": 10, "Viability Ceiling": [6, 76, 76, 74], "Abilities": {"noability": 0.4662140964828711}, "Items": {"nothing": 0.4662140964828711}, "Spreads": {"Serious:252/252/196/252/252/252": 0.09280411991919263, "Serious:252/252/252/252/252/252": 0.37340997656367847}, "Moves": {"lovelykiss": 0.4662140964828711, "blizzard": 0.4662140964828711, "bodyslam": 0.09287762527032545, "counter": 0.4661405911317383, "psychic": 0.37333647121254565, "rest": 7.350535113281875e-05}, "Tera Types": {"nothing": 0.4662140964828711}, "Happiness": {"255": 0.4662140964828711}, "Teammates": {"Mewtwo": 0.4662140964828711, "Mew": 0.4656324307602426, "Tauros": 0.4662140964828711, "Exeggutor": 0.19283422430261016, "Articuno": 0.09280411991919263, "Snorlax": 0.2727247079128996, "Slowbro": 0.10003009757701753, "Cloyster": 0.2727247011064996, "Alakazam": 0.0, "Electrode": 0.0005816657226285216, "Chansey": 0.0005816657226285216, "Rhydon": 0.0006551710737613403, "Zapdos": 0.0, "Starmie": 7.350535113281875e-05}, "Checks and Counters": {}, "usage": 0.5871356999999999}, "Exeggutor": {"Raw count": 60, "Viability Ceiling": [21, 76, 76, 65], "Abilities": {"noability": 0.43002311488698414}, "Items": {"nothing": 0.43002311488698414}, "Spreads": {"Serious:252/252/252/252/252/252": 0.43002311488698414}, "Moves": {"psychic": 0.43002311488698414, "sleeppowder": 0.43002311488698414, "stunspore": 0.3982312217153763, "explosion": 0.43002311488698414, "megadrain": 0.0, "toxic": 0.0, "doubleedge": 0.031791893171607855}, "Tera Types": {"nothing": 0.43002311488698414}, "Happiness": {"255": 0.43002311488698414}, "Teammates": {"Zapdos": 2.3484213772795304e-05, "Mew": 0.42495372316916813, "Mewtwo": 0.42495372316916813, "Persian": 2.3484213772795304e-05, "Tauros": 0.3931615081779948, "Gengar": 0.03210736544027126, "Snorlax": 0.17454761555672466, "Cloyster": 0.00031547226866340816, "Chansey": 0.07825064189586528, "Alakazam": 0.05723325545336261, "Slowbro": 0.157548306950969, "Jynx": 0.19283422430261016, "Articuno": 0.09280411991919263, "Rhydon": 0.09601169111430502}, "Checks and Counters": {}, "usage": 0.5351737}, "Cloyster": {"Raw count": 19, "Viability Ceiling": [3, 74, 74, 74], "Abilities": {"noability": 0.273040173375163}, "Items": {"nothing": 0.273040173375163}, "Spreads": {"Serious:252/252/252/252/252/252": 0.273040173375163}, "Moves": {"blizzard": 0.00031547226866340816, "rest": 0.2727250229260651, "clamp": 0.273040173375163, "explosion": 0.273040173375163, "hyperbeam": 0.0003151504490979118, "icebeam": 0.2727247011064996}, "Tera Types": {"nothing": 0.273040173375163}, "Happiness": {"255": 0.273040173375163}, "Teammates": {"Gengar": 0.00031547226866340816, "Exeggutor": 0.00031547226866340816, "Mew": 0.273040173375163, "Mewtwo": 0.273040173375163, "Snorlax": 0.2727250229260651, "Tauros": 0.2730398515555975, "Jynx": 0.2727247011064996}, "Checks and Counters": {}, "usage": 0.3438584}, "Chansey": {"Raw count": 18,