{"info":{"metagame":"gen1nc1997","cutoff":1760,"cutoff deviation":0,"team type":null,"number of battles":3},"data":{"Tauros":{"Raw count":10,"Viability Ceiling":[6,64,64,60],"Abilities":{"noability":0.013377564060199632},"Items":{"nothing":0.013377564060199632},"Spreads":{"Hardy:248/248/248/248/248/248":0,"Hardy:248/252/248/252/252/252":0.002691146460928384,"Hardy:248/252/248/248/252/248":0.010686417599271247,"Hardy:184/188/192/184/184/192":0},"Moves":{"bodyslam":0.013377564060199632,"earthquake":0.010686417599271247,"substitute":0,"toxic":0,"hyperbeam":0.013377564060199632,"icebeam":0,"thunderbolt":0,"blizzard":0.013377564060199632,"doubleteam":0.002691146460928384},"Tera Types":{"nothing":0.013377564060199632},"Happiness":{"255":0.013377564060199632},"Teammates":{"Snorlax":0,"Gengar":0,"Starmie":0,"Rhydon":0,"Exeggutor":0.007364217252806782,"Alakazam":0.004673070791878398,"Jynx":0.007364217252806782,"Dugtrio":0,"Jolteon":0.002691146460928384,"Lapras":0.007364217252806782,"Electrode":0.004673070791878398,"Articuno":0.002691146460928384},"Checks and Counters":{},"usage":1},"Exeggutor":{"Raw count":4,"Viability Ceiling":[3,64,64,64],"Abilities":{"noability":0.013377564060199632},"Items":{"nothing":0.013377564060199632},"Spreads":{"Hardy:248/248/248/248/248/248":0.010686417599271247,"Hardy:248/0/248/248/248/248":0.002691146460928384},"Moves":{"explosion":0.010686417599271247,"psychic":0.013377564060199632,"megadrain":0,"sleeppowder":0.013377564060199632,"stunspore":0.010686417599271247,"rest":0.002691146460928384,"leechseed":0.002691146460928384},"Tera Types":{"nothing":0.013377564060199632},"Happiness":{"255":0.013377564060199632},"Teammates":{"Tauros":0.007364217252806782,"Snorlax":0,"Gengar":0,"Starmie":0,"Rhydon":0,"Jynx":0.007364217252806782,"Lapras":0.007364217252806782,"Electrode":0.004673070791878398,"Alakazam":0.004673070791878398,"Articuno":0.002691146460928384,"Jolteon":0.002691146460928384},"Checks and Counters":{},"usage":1},"Jynx":{"Raw count":8,"Viability Ceiling":[4,64,64,64],"Abilities":{"noability":0.013377564060199632},"Items":{"nothing":0.013377564060199632},"Spreads":{"Hardy:248/248/248/248/248/248":0.010686417599271247,"Hardy:176/176/176/176/176/176":0,"Hardy:248/0/248/248/248/248":0.002691146460928384},"Moves":{"seismictoss":0,"blizzard":0.010686417599271247,"lovelykiss":0.013377564060199632,"psychic":0.013377564060199632,"doubleteam":0.013377564060199632,"rest":0.002691146460928384},"Tera Types":{"nothing":0.013377564060199632},"Happiness":{"255":0.013377564060199632},"Teammates":{"Alakazam":0.004673070791878398,"Tauros":0.007364217252806782,"Dugtrio":0,"Jolteon":0.002691146460928384,"Starmie":0,"Lapras":0.007364217252806782,"Exeggutor":0.007364217252806782,"Electrode":0.004673070791878398,"Articuno":0.002691146460928384},"Checks and Counters":{},"usage":1},"Lapras":{"Raw count":3,"Viability Ceiling":[2,64,64,64],"Abilities":{"noability":0.013377564060199632},"Items":{"nothing":0.013377564060199632},"Spreads":{"Hardy:252/252/252/252/248/248":0.010686417599271247,"Hardy:248/0/248/248/248/248":0.002691146460928384},"Moves":{"blizzard":0.013377564060199632,"thunderbolt":0.013377564060199632,"doubleteam":0.013377564060199632,"rest":0.013377564060199632},"Tera Types":{"nothing":0.013377564060199632},"Happiness":{"255":0.013377564060199632},"Teammates":{"Jynx":0.007364217252806782,"Tauros":0.007364217252806782,"Exeggutor":0.007364217252806782,"Electrode":0.004673070791878398,"Alakazam":0.004673070791878398,"Articuno":0.002691146460928384,"Jolteon":0.002691146460928384},"Checks and Counters":{},"usage":1},"Alakazam":{"Raw count":7,"Viability Ceiling":[3,64,64,64],"Abilities":{"noability":0.010686417599271247},"Items":{"nothing":0.010686417599271247},"Spreads":{"Hardy:248/248/248/248/248/248":0,"Hardy:248/252/252/248/252/252":0.010686417599271247},"Moves":{"psychic":0.010686417599271247,"recover":0.010686417599271247,"thunderwave":0.010686417599271247,"seismictoss":0,"doubleteam":0.010686417599271247,"":0},"Tera Types":{"nothing":0.010686417599271247},"Happiness":{"255":0.010686417599271247},"Teammates":{"Jynx":0.004673070791878398,"Tauros":0.004673070791878398,"Dugtrio":0,"Jolteon":0,"Starmie":0,"Lapras":0.004673070791878398,"Exeggutor":0.004673070791878398,"Electrode":0.004673070791878398},"Checks and Counters":{},"usage":0.6345645},"Electrode":{"Raw count":3,"Viability Ceiling":[2,64,64,64],"Abilities":{"noability":0.010686417599271247},"Items":{"nothing":0.010686417599271247},"Spreads":{"Hardy:248/252/252/248/248/252":0.010686417599271247,"Hardy:176/176/176/176/176/176":0},"Moves":{"thunderbolt":0.010686417599271247,"thunderwave":0.010686417599271247,"doubleteam":0.010686417599271247,"explosion":0.010686417599271247,"lightscreen":0},"Tera Types":{"nothing":0.010686417599271247},"Happiness":{"255":0.010686417599271247},"Teammates":{"Jynx":0.004673070791878398,"Tauros":0.004673070791878398,"Lapras":0.004673070791878398,"Exeggutor":0.004673070791878398,"Alakazam":0.004673070791878398},"Checks and Counters":{},"usage":0.6345645},"Jolteon":{"Raw count":5,"Viability Ceiling":[2,60,60,60],"Abilities":{"noability":0.002691146460928384},"Items":{"nothing":0.002691146460928384},"Spreads":{"Hardy:248/248/248/248/248/248":0.002691146460928384},"Moves":{"thunderbolt":0.002691146460928384,"pinmissile":0.002691146460928384,"doubleteam":0.002691146460928384,"quickattack":0,"rest":0.002691146460928384},"Tera Types":{"nothing":0.002691146460928384},"Happiness":{"255":0.002691146460928384},"Teammates":{"Alakazam":0,"Jynx":0.002691146460928384,"Tauros":0.002691146460928384,"Dugtrio":0,"Starmie":0,"Lapras":0.002691146460928384,"Articuno":0.002691146460928384,"Exeggutor":0.002691146460928384},"Checks and Counters":{},"usage":0.3654355},"Articuno":{"Raw count":2,"Viability Ceiling":[2,50,50,50],"Abilities":{"noability":0.002691146460928384},"Items":{"nothing":0.002691146460928384},"Spreads":{"Hardy:160/160/160/160/160/160":0,"Hardy:252/0/252/248/248/248":0.002691146460928384},"Moves":{"fly":0,"icebeam":0,"blizzard":0.002691146460928384,"doubleteam":0.002691146460928384,"rest":0.002691146460928384,"peck":0.002691146460928384},"Tera Types":{"nothing":0.002691146460928384},"Happiness":{"255":0.002691146460928384},"Teammates":{"Tauros":0.002691146460928384,"Lapras":0.002691146460928384,"Jynx":0.002691146460928384,"Exeggutor":0.002691146460928384,"Jolteon":0.002691146460928384},"Checks and Counters":{},"usage":0.3654355}}}