{"info":{"metagame":"gen9ubersuu","cutoff":1760,"cutoff deviation":0,"team type":null,"number of battles":12},"data":{"Mewtwo":{"Raw count":17,"Viability Ceiling":[8,82,82,68],"Abilities":{"unnerve":0.0001605443305192078,"pressure":0.6769734466426216},"Items":{"lifeorb":0.00015597630918073868,"heavydutyboots":0.6725735102061465,"colburberry":0,"expertbelt":0.000004568021338469119,"choicespecs":0.004399936436475016},"Spreads":{"Timid:0/0/0/252/4/252":0.6758378020342948,"Timid:248/0/0/8/0/252":0.0012961889388458658},"Moves":{"psystrike":0.6771339909731406,"fireblast":0.6714378655978197,"nastyplot":0.6714378655978197,"recover":0.6727340545366656,"icebeam":0,"knockoff":0.0012961889388458658,"taunt":0.0012961889388458658,"aurasphere":0,"earthpower":0,"trick":0,"weatherball":0.004399936436475016,"thunder":0.004399936436475016,"focusblast":0.004399936436475016},"Tera Types":{"psychic":0.004560480766994224,"fire":0.6712773212673007,"ghost":0.0012961889388458658},"Happiness":{"255":0.6771339909731406},"Teammates":{"Araquanid":0.00002742790134441231,"Magearna":0.6726009381074909,"Regieleki":0.00002742790134441231,"Annihilape":0.0001605443305192078,"Arceus-Poison":0.6714378655978197,"Indeedee":0,"Deoxys":0,"Espathra":0,"Arceus-Psychic":0.0012961889388458658,"Solgaleo":0,"Zamazenta":0.0012961889388458658,"Gengar":0.0012961889388458658,"Great Tusk":0.6725735102061465,"Dragonite":0.6712773212673007,"Landorus":0.6712773212673007,"Galvantula":0.0001331164291747955,"Iron Treads":0.0001331164291747955,"Palkia-Origin":0.0001331164291747955,"Sneasler":0,"Roaring Moon":0,"Chi-Yu":0,"Volcarona":0,"Samurott-Hisui":0,"Scizor":0,"Urshifu":0,"Baxcalibur":0,"Alomomola":0,"Rillaboom":0,"Pelipper":0.004399936436475016,"Iron Bundle":0.004399936436475016,"Palafin":0.004399936436475016,"Urshifu-Rapid-Strike":0.004399936436475016,"Archaludon":0.004399936436475016},"Checks and Counters":{},"usage":0.9974240000000001},"Magearna":{"Raw count":7,"Viability Ceiling":[4,82,82,82],"Abilities":{"soulheart":0.6743375256317853},"Items":{"heavydutyboots":0.00002742790134441231,"leftovers":0.6743100977304409},"Spreads":{"Calm:252/0/4/0/252/0":0.6743375256317853,"Relaxed:248/0/252/8/0/0":0},"Moves":{"spikes":0.6743375256317853,"fleurcannon":0.6743375256317853,"thunderwave":0.00002742790134441231,"voltswitch":0.6743375256317853,"painsplit":0.003032776463140263,"encore":0.6712773212673007,"trickroom":0},"Tera Types":{"water":0.6743375256317853},"Happiness":{"255":0.6743375256317853},"Teammates":{"Araquanid":0.00002742790134441231,"Regieleki":0.0017640154256388096,"Annihilape":0.00002742790134441231,"Mewtwo":0.6726009381074909,"Arceus-Poison":0.6730413366929394,"Zamazenta":0.003032776463140263,"Arceus-Psychic":0.0012961889388458658,"Gengar":0.0012961889388458658,"Great Tusk":0.6725735102061465,"Dragonite":0.6712773212673007,"Landorus":0.6712773212673007,"Gouging Fire":0,"Chi-Yu":0,"Torkoal":0,"Ogerpon-Hearthflame":0,"Walking Wake":0,"Corviknight":0.0017365875242943973,"Palkia-Origin":0.0017365875242943973},"Checks and Counters":{},"usage":0.9933048},"Arceus-Poison":{"Raw count":14,"Viability Ceiling":[5,82,82,82],"Abilities":{"multitype":0.673174453122114},"Items":{"toxicplate":0.673174453122114},"Spreads":{"Adamant:0/252/4/0/0/252":0.000018184131486687072,"Adamant:156/252/0/0/0/100":0.00014236019903252073,"Adamant:0/252/0/0/4/252":0.6712773212673007,"Adamant:148/252/0/0/0/108":0.0017365875242943973,"Modest:252/0/0/252/4/0":0},"Moves":{"gunkshot":0.6714378655978197,"flareblitz":0.0017640154256388096,"earthquake":0.6714286218279621,"dragondance":0.6712955053987874,"swordsdance":0.001878947723326918,"extremespeed":0.001878947723326918,"recover":0.6730139087915951,"dracometeor":0,"surf":0,"sludgebomb":0,"judgment":0},"Tera Types":{"fire":0.00002742790134441231,"flying":0.6712773212673007,"ground":0.00003005800560867966,"poison":0.0017365875242943973,"stellar":0,"normal":0.00010305842356611583},"Happiness":{"255":0.673174453122114},"Teammates":{"Araquanid":0.00002742790134441231,"Magearna":0.6730413366929394,"Regieleki":0.0017640154256388096,"Annihilape":0.0001605443305192078,"Mewtwo":0.6714378655978197,"Great Tusk":0.6712773212673007,"Dragonite":0.6712773212673007,"Landorus":0.6712773212673007,"Galvantula":0.0001331164291747955,"Iron Treads":0.0001331164291747955,"Palkia-Origin":0.0018697039534691928,"Corviknight":0.0017365875242943973,"Zamazenta":0.0017365875242943973,"Samurott-Hisui":0,"Scizor":0,"Roaring Moon":0,"Urshifu":0,"Baxcalibur":0,"Alomomola":0,"Rillaboom":0},"Checks and Counters":{},"usage":0.9915916},"Great Tusk":{"Raw count":2,"Viability Ceiling":[2,82,82,82],"Abilities":{"protosynthesis":0.6725735102061465},"Items":{"leftovers":0.0012961889388458658,"choicescarf":0.6712773212673007},"Spreads":{"Jolly:252/4/0/0/0/252":0.0012961889388458658,"Jolly:0/252/0/0/4/252":0.6712773212673007},"Moves":{"earthquake":0.0012961889388458658,"knockoff":0.6725735102061465,"stealthrock":0.0012961889388458658,"rapidspin":0.6725735102061465,"headlongrush":0.6712773212673007,"closecombat":0.6712773212673007},"Tera Types":{"water":0.0012961889388458658,"steel":0.6712773212673007},"Happiness":{"255":0.6725735102061465},"Teammates":{"Zamazenta":0.0012961889388458658,"Arceus-Psychic":0.0012961889388458658,"Mewtwo":0.6725735102061465,"Magearna":0.6725735102061465,"Gengar":0.0012961889388458658,"Dragonite":0.6712773212673007,"Arceus-Poison":0.6712773212673007,"Landorus":0.6712773212673007},"Checks and Counters":{},"usage":0.9907064},"Dragonite":{"Raw count":3,"Viability Ceiling":[3,82,82,82],"Abilities":{"multiscale":0.6712773212673007},"Items":{"heavydutyboots":0.6712773212673007,"choiceband":0},"Spreads":{"Adamant:100/252/0/0/0/156":0.6712773212673007,"Adamant:0/252/0/0/4/252":0,"Adamant:152/252/0/0/0/104":0},"Moves":{"dragondance":0.6712773212673007,"extremespeed":0.6712773212673007,"earthquake":0.6712773212673007,"encore":0.6712773212673007,"outrage":0,"icespinner":0},"Tera Types":{"normal":0.6712773212673007},"Happiness":{"255":0.6712773212673007},"Teammates":{"Mewtwo":0.6712773212673007,"Great Tusk":0.6712773212673007,"Magearna":0.6712773212673007,"Arceus-Poison":0.6712773212673007,"Landorus":0.6712773212673007,"Samurott-Hisui":0,"Scizor":0,"Roaring Moon":0,"Arceus-Psychic":0,"Zamazenta":0,"Clefable":0,"Iron Treads":0,"Palafin":0},"Checks and Counters":{},"usage":0.9887971},"Landorus":{"Raw count":1,"Viability Ceiling":[1,82,82,82],"Abilities":{"sheerforce":0.6712773212673007},"Items":{"lifeorb":0.6712773212673007},"Spreads":{"Timid:0/0/4/252/0/252":0.6712773212673007},"Moves":{"stealthrock":0.6712773212673007,"earthpower":0.6712773212673007,"psychic":0.6712773212673007,"focusblast":0.6712773212673007},"Tera Types":{"steel":0.6712773212673007},"Happiness":{"255":0.6712773212673007},"Teammates":{"Mewtwo":0.6712773212673007,"Great Tusk":0.6712773212673007,"Magearna":0.6712773212673007,"Dragonite":0.6712773212673007,"Arceus-Poison":0.6712773212673007},"Checks and Counters":{},"usage":0.9887971},"Iron Bundle":{"Raw count":3,"Viability Ceiling":[2,58,58,58],"Abilities":{"quarkdrive":0.0044121241257139565},"Items":{"boosterenergy":0.0044121241257139565},"Spreads":{"Timid:4/0/0/252/0/252":0.000012187689238940536,"Timid:0/0/0/252/4/252":0.004399936436475016},"Moves":{"freezedry":0.0044121241257139565,"hydropump":0.0044121241257139565,"terablast":0.0044121241257139565,"icebeam":0.000012187689238940536,"flipturn":0.004399936436475016},"Tera Types":{"fairy":0.000012187689238940536,"electric":0.004399936436475016},"Happiness":{"255":0.0044121241257139565},"Teammates":{"Pecharunt":0.000012187689238940536,"Rillaboom":0.000012187689238940536,"Sneasler":0.000012187689238940536,"Palafin":0.0044121241257139565,"Lugia":0.000012187689238940536,"Pelipper":0.004399936436475016,"Urshifu-Rapid-Strike":0.004399936436475016,"Archaludon":0.004399936436475016,"Mewtwo":0.004399936436475016},"Checks and Counters":{},"usage":0.0064991},"Palafin":{"Raw count":4,"Viability Ceiling":[3,58,58,58],