{"info": {"metagame": "gen1ubers", "cutoff": 1630.0, "cutoff deviation": 0, "team type": null, "number of battles": 33}, "data": {"Mewtwo": {"Raw count": 69, "Viability Ceiling": [28, 76, 76, 68], "Abilities": {"noability": 11.032608715585376}, "Items": {"nothing": 11.032608715585376}, "Spreads": {"Serious:252/252/252/252/252/252": 8.775755322477611, "Serious:252/0/252/252/252/252": 2.256853393107764}, "Moves": {"amnesia": 7.2898750327175605, "icebeam": 4.758324414649688, "psychic": 3.8968571504261407, "recover": 8.129691877759774, "selfdestruct": 3.6192399728230535, "blizzard": 4.730663737471561, "thunderwave": 4.730663737471561, "thunderbolt": 4.753705367378225, "barrier": 2.1667763907394244, "fireblast": 0.0, "bodyslam": 0.0, "substitute": 0.027318590452258762, "rest": 0.027318590452258762, "thunder": 0.0}, "Tera Types": {"nothing": 11.032608715585376}, "Happiness": {"255": 11.032608715585376}, "Teammates": {"Zapdos": 0.8246087276386118, "Exeggutor": 6.702080975566374, "Mew": 10.053620248321181, "Persian": 0.12307422253727979, "Tauros": 8.087035945880686, "Gengar": 2.3944683298532565, "Snorlax": 6.575255098819152, "Cloyster": 2.7424734983135077, "Chansey": 3.4964406779774477, "Alakazam": 0.6659063179251764, "Slowbro": 1.7266068785334414, "Jynx": 4.100756482850733, "Articuno": 0.9879300546037457, "Rhydon": 1.0133243307197932, "Lapras": 0.0, "Dodrio": 0.0, "Electrode": 0.599798104998924, "Starmie": 0.311314299327888}, "Checks and Counters": {}, "usage": 1.0}, "Mew": {"Raw count": 66, "Viability Ceiling": [26, 76, 76, 68], "Abilities": {"noability": 11.005290125133117}, "Items": {"nothing": 11.005290125133117}, "Spreads": {"Serious:252/252/252/252/252/252": 11.005290125133117}, "Moves": {"thunderwave": 4.028536972696444, "swordsdance": 9.184184836078353, "earthquake": 7.716830851003671, "explosion": 5.000873086809682, "bodyslam": 3.643517021605639, "softboiled": 7.395024629324273, "hyperbeam": 0.8654906719507793, "psychic": 0.9879300546037457, "reflect": 2.599386188229941, "transform": 0.833175234451019, "selfdestruct": 1.7662109537789217}, "Tera Types": {"nothing": 11.005290125133117}, "Happiness": {"255": 11.005290125133117}, "Teammates": {"Zapdos": 0.8246087276386118, "Exeggutor": 6.702080975566374, "Mewtwo": 10.053620248321181, "Persian": 0.12307422253727979, "Tauros": 8.059717355428427, "Gengar": 2.3944683298532565, "Snorlax": 6.575255098819152, "Cloyster": 2.7424734983135077, "Chansey": 3.469122087525189, "Alakazam": 0.6659063179251764, "Slowbro": 1.7266068785334414, "Jynx": 4.073437892398474, "Articuno": 0.9879300546037457, "Rhydon": 0.9860057402675343, "Electrode": 0.5724795145466653, "Starmie": 0.311314299327888}, "Checks and Counters": {}, "usage": 0.9972901000000001}, "Tauros": {"Raw count": 47, "Viability Ceiling": [23, 76, 76, 67], "Abilities": {"noability": 8.295064097242914}, "Items": {"nothing": 8.295064097242914}, "Spreads": {"Serious:252/252/252/252/252/252": 8.295064097242914}, "Moves": {"blizzard": 4.240092286602661, "bodyslam": 8.295064097242914, "earthquake": 6.299151457951249, "hyperbeam": 8.295064097242914, "stomp": 0.4961877683327087, "thunderbolt": 5.483570939138382, "leer": 0.07112574246082803, "icebeam": 0.0}, "Tera Types": {"nothing": 8.295064097242914}, "Happiness": {"255": 8.295064097242914}, "Teammates": {"Zapdos": 0.12307422253727979, "Exeggutor": 5.409712587774952, "Mew": 8.059717355428427, "Mewtwo": 8.087035945880686, "Persian": 0.12307422253727979, "Chansey": 2.0782348926587773, "Snorlax": 4.581352205926397, "Alakazam": 0.6659063179251764, "Slowbro": 1.7266068785334414, "Jynx": 4.100756482850733, "Articuno": 0.9879300546037457, "Rhydon": 1.0133243307197932, "Gengar": 0.40056543696050245, "Cloyster": 2.1667763907394244, "Electrode": 0.599798104998924, "Starmie": 0.311314299327888}, "Checks and Counters": {}, "usage": 0.8022106}, "Exeggutor": {"Raw count": 60, "Viability Ceiling": [21, 76, 76, 65], "Abilities": {"noability": 6.910109126928602}, "Items": {"nothing": 6.910109126928602}, "Spreads": {"Serious:252/252/252/252/252/252": 6.910109126928602}, "Moves": {"psychic": 6.910109126928602, "sleeppowder": 6.910109126928602, "stunspore": 6.193437846711263, "explosion": 6.910109126928602, "megadrain": 0.0, "toxic": 0.0, "doubleedge": 0.7166712802173385}, "Tera Types": {"nothing": 6.910109126928602}, "Happiness": {"255": 6.910109126928602}, "Teammates": {"Zapdos": 0.12307422253727979, "Mew": 6.702080975566374, "Mewtwo": 6.702080975566374, "Persian": 0.12307422253727979, "Tauros": 5.409712587774952, "Gengar": 1.6929338247519246, "Snorlax": 3.5350301253922325, "Cloyster": 0.976262544534586, "Chansey": 2.1951080678771917, "Alakazam": 0.6659063179251764, "Slowbro": 1.7266068785334414, "Jynx": 1.995912639291665, "Articuno": 0.9879300546037457, "Rhydon": 0.6746914409396463}, "Checks and Counters": {}, "usage": 0.6648271}, "Snorlax": {"Raw count": 38, "Viability Ceiling": [19, 74, 74, 69], "Abilities": {"noability": 7.31889682426886}, "Items": {"nothing": 7.31889682426886}, "Spreads": {"Serious:252/252/252/252/252/252": 7.31889682426886}, "Moves": {"hyperbeam": 5.35505458856521, "earthquake": 4.806868687089465, "bodyslam": 7.31889682426886, "selfdestruct": 7.31889682426886, "rest": 0.6746914409396463, "reflect": 2.440902394718568, "rockslide": 0.0, "counter": 0.07112574246082803, "surf": 0.0, "headbutt": 0.5724795145466653, "blizzard": 0.7166712802173385}, "Tera Types": {"nothing": 7.31889682426886}, "Happiness": {"255": 7.31889682426886}, "Teammates": {"Gengar": 1.9939028928927542, "Exeggutor": 3.5350301253922325, "Mew": 6.575255098819152, "Mewtwo": 6.575255098819152, "Cloyster": 2.3419080613530054, "Tauros": 4.581352205926397, "Chansey": 3.469122087525189, "Rhydon": 0.6746914409396463, "Jynx": 1.7846187203194042, "Lapras": 0.0, "Dodrio": 0.0, "Slowbro": 0.07112574246082803, "Alakazam": 0.0, "Electrode": 0.5724795145466653, "Zapdos": 0.7015345051013321}, "Checks and Counters": {}, "usage": 0.6522463000000001}, "Jynx": {"Raw count": 10, "Viability Ceiling": [6, 76, 76, 74], "Abilities": {"noability": 4.100756482850733}, "Items": {"nothing": 4.100756482850733}, "Spreads": {"Serious:252/252/196/252/252/252": 0.9879300546037457, "Serious:252/252/252/252/252/252": 3.112826428246988}, "Moves": {"lovelykiss": 4.100756482850733, "blizzard": 4.100756482850733, "bodyslam": 1.2992443539316336, "counter": 3.7894421835228456, "psychic": 2.8015121289191, "rest": 0.311314299327888}, "Tera Types": {"nothing": 4.100756482850733}, "Happiness": {"255": 4.100756482850733}, "Teammates": {"Mewtwo": 4.100756482850733, "Mew": 4.073437892398474, "Tauros": 4.100756482850733, "Exeggutor": 1.995912639291665, "Articuno": 0.9879300546037457, "Snorlax": 1.7846187203194042, "Slowbro": 0.989574818147437, "Cloyster": 1.7662109537789217, "Alakazam": 0.0, "Electrode": 0.027318590452258762, "Chansey": 0.027318590452258762, "Rhydon": 0.3386328897801468, "Zapdos": 0.0, "Starmie": 0.311314299327888}, "Checks and Counters": {}, "usage": 0.4067832}, "Chansey": {"Raw count": 18, "Viability Ceiling": [14, 70, 70, 68], "Abilities": {"noability": 4.240082403427157}, "Items": {"nothing": 4.240082403427157}, "Spreads": {"Serious:252/252/252/252/252/48": 8.348649813694209e-07, "Serious:252/252/252/252/252/252": 2.8218757832435046, "Serious:252/0/252/252/252/252": 1.4182057853186707}, "Moves": {"lightscreen": 8.348649813694209e-07, "icebeam": 2.018004725182576, "thunderwave": 3.640284298428232, "hyperbeam": 8.348649813694209e-07, "sing": 3.496091697892578, "seismictoss": 2.794557192791246, "softboiled": 4.240081568562175, "counter": 0.027318590452258762, "psychic": 0.0, "reflect": 0.027318590452258762, "thunderbolt": 0.7166712802173385}, "Tera Types": {"nothing": 4.240082403427157}, "Happiness": {"255": 4.240082403427157}, "Teammates": {"Tauros": 2.0782348926587773, "Mewtwo": 3.4964406779774477, "Mew": 3.469122087525189, "Snorlax": 3.469122087525189, "Exeggutor": 2.1951080678771917, "Gengar": 1.4182057853186707, "Electrode": 0.599798104998924, "Jynx": 0.027318590452258762,