{"info": {"metagame": "gen3orrecolosseum", "cutoff": 1760.0, "cutoff deviation": 0, "team type": null, "number of battles": 13}, "data": {"Latias": {"Raw count": 16, "Viability Ceiling": [6, 79, 79, 74], "Abilities": {"levitate": 0.6489913894425451}, "Items": {"cheriberry": 0.6193627407719573, "brightpowder": 0.029628648670587787, "lumberry": 0.0}, "Spreads": {"Timid:240/0/0/16/0/252": 0.21771472232715572, "Timid:252/0/0/4/0/252": 0.401648023059755, "Timid:228/0/0/28/0/252": 0.029628644055634312, "Calm:248/0/0/0/228/32": 0.0}, "Moves": {"reflect": 0.23837790877931686, "dragonclaw": 0.6283282082545775, "thunderwave": 0.6193627401227173, "protect": 0.6193627453869108, "swagger": 0.4312766664661493, "lightscreen": 0.029628644704874307, "icebeam": 0.020663181187967672, "icywind": 0.00896546286766664, "dragonbreath": 0.0, "recover": 0.0}, "Tera Types": {"nothing": 0.6489913894425451}, "Happiness": {"255": 0.6489913894425451}, "Teammates": {"Zapdos": 0.14756795737006018, "Metagross": 0.15926567172464773, "Arcanine": 0.13860249450239354, "Snorlax": 0.13860249515163353, "Latios": 0.13860249053668006, "Regirock": 4.614953474924022e-09, "Tyranitar": 0.008965467482620115, "Aerodactyl": 0.020663181837207667, "Swampert": 6.492399950985828e-10, "Suicune": 0.020663181187967672, "Marowak": 0.020663181187967672, "Raikou": 0.020663181187967672, "Heracross": 0.00896546286766664, "Tauros": 0.00896546286766664, "Starmie": 0.00896546286766664, "Gengar": 0.0, "empty": 0.0}, "Checks and Counters": {}, "usage": 0.9994602}, "Metagross": {"Raw count": 23, "Viability Ceiling": [13, 79, 79, 68], "Abilities": {"clearbody": 0.6401410438144122}, "Items": {"lumberry": 0.6400285428576666, "brightpowder": 0.00011216944390107786, "chestoberry": 0.0, "quickclaw": 2.8528315265674564e-09, "salacberry": 3.286600128715733e-07, "choiceband": 0.0, "focusband": 0.0}, "Spreads": {"Adamant:252/96/52/0/80/28": 0.21771472232715572, "Adamant:252/252/0/0/0/4": 0.00011217009314107296, "Adamant:0/252/0/0/4/252": 0.0, "Jolly:0/252/0/0/4/252": 3.286600128715733e-07, "Jolly:4/252/0/0/0/252": 0.4016506393425432, "Adamant:252/0/4/0/252/0": 2.2035915314688737e-09, "Jolly:24/232/0/0/0/252": 0.020663181187967672, "Adamant:164/252/0/0/0/92": 0.0, "Sassy:0/0/0/252/0/252": 0.0, "Adamant:248/252/0/0/4/4": 0.0}, "Moves": {"meteormash": 0.6401410438144122, "earthquake": 0.6401410438144122, "protect": 0.6401384222674305, "explosion": 0.6401407151543992, "agility": 2.6215469816626147e-06, "rest": 0.0, "hiddenpowerrock": 3.286600128715733e-07, "shadowball": 0.0, "psychic": 0.0}, "Tera Types": {"nothing": 0.6401410438144122}, "Happiness": {"255": 0.6401410438144122}, "Teammates": {"Zapdos": 0.13869072090938517, "Latias": 0.15926567172464773, "Arcanine": 0.13860248988744006, "Snorlax": 0.13860249053668006, "Latios": 0.13860249053668006, "Ludicolo": 8.7902361932235e-05, "Kingdra": 8.7902361932235e-05, "Lapras": 8.7902361932235e-05, "Gengar": 9.052390891389761e-05, "Aerodactyl": 0.0206631840407992, "Swampert": 3.3151284439814077e-07, "Tauros": 3.308636044030422e-07, "Gyarados": 3.286600128715733e-07, "Marowak": 0.020663509847980543, "Exeggutor": 2.2035915314688737e-09, "Suicune": 0.020663183391559203, "Raikou": 0.020663181187967672, "Golem": 2.6215469816626147e-06, "Togetic": 2.6215469816626147e-06, "Moltres": 2.6215469816626147e-06, "Articuno": 2.6215469816626147e-06, "Salamence": 0.0, "Regirock": 0.0, "Tyranitar": 0.0, "Blaziken": 0.0, "empty": 0.0, "Starmie": 0.0}, "Checks and Counters": {}, "usage": 0.9467362}, "Zapdos": {"Raw count": 18, "Viability Ceiling": [9, 79, 79, 74], "Abilities": {"pressure": 0.6284407057092511}, "Items": {"magnet": 0.6194749095666183, "leftovers": 4.614953474924022e-09, "brightpowder": 3.286600128715733e-07, "cheriberry": 0.00896546286766664}, "Spreads": {"Timid:4/0/16/236/0/252": 0.21771472232715572, "Timid:252/0/0/4/0/252": 0.00011216944390107786, "Timid:44/0/0/212/0/252": 4.614953474924022e-09, "Modest:168/0/0/220/0/120": 3.286600128715733e-07, "Timid:4/0/0/252/0/252": 0.40164801779556153, "Timid:0/0/4/252/0/252": 0.00896546286766664, "Modest:144/0/0/252/0/112": 0.0}, "Moves": {"thunderbolt": 0.6283285362653502, "substitute": 0.6194752428415846, "detect": 0.2267923592536769, "hiddenpowergrass": 0.2177150509871686, "thunder": 0.00011216944390107786, "drillpeck": 0.00011216944390107786, "hiddenpowerice": 0.41061348527818164, "protect": 0.4016483464555744, "lightscreen": 0.0, "swagger": 0.00896546286766664, "thunderwave": 0.0}, "Tera Types": {"nothing": 0.6284407057092511}, "Happiness": {"255": 0.6284407057092511}, "Teammates": {"Metagross": 0.13869072090938517, "Latias": 0.14756795737006018, "Arcanine": 0.13860249450239354, "Snorlax": 0.13860249450239354, "Latios": 0.13860248988744006, "Ludicolo": 8.7902361932235e-05, "Kingdra": 8.7902361932235e-05, "Lapras": 8.7902361932235e-05, "Gengar": 8.7902361932235e-05, "Regirock": 4.614953474924022e-09, "Tyranitar": 0.008965467482620115, "Tauros": 0.008965791527679512, "Swampert": 3.286600128715733e-07, "Gyarados": 3.286600128715733e-07, "Marowak": 3.286600128715733e-07, "Salamence": 0.0, "Heracross": 0.00896546286766664, "Starmie": 0.00896546286766664, "empty": 0.0}, "Checks and Counters": {}, "usage": 0.8772246}, "Snorlax": {"Raw count": 13, "Viability Ceiling": [5, 79, 79, 79], "Abilities": {"thickfat": 0.6193627453869108}, "Items": {"choiceband": 0.6193627447376708, "silkscarf": 6.492399950985828e-10, "leftovers": 0.0}, "Spreads": {"Adamant:4/200/252/0/0/52": 0.21771472232715572, "Adamant:148/96/252/0/0/12": 4.614953474924022e-09, "Adamant:252/252/0/0/4/0": 6.492399950985828e-10, "Adamant:88/176/228/0/0/16": 0.40164801779556153, "Adamant:0/252/252/0/0/4": 0.0}, "Moves": {"doubleedge": 0.6193627453869108, "selfdestruct": 0.6193627453869108, "earthquake": 0.6193627453869108, "shadowball": 0.2177147269421092, "protect": 0.4016480184448015, "return": 0.0}, "Tera Types": {"nothing": 0.6193627453869108}, "Happiness": {"255": 0.6193627453869108}, "Teammates": {"Zapdos": 0.13860249450239354, "Metagross": 0.13860249053668006, "Latias": 0.13860249515163353, "Arcanine": 0.13860249450239354, "Latios": 0.13860249053668006, "Regirock": 4.614953474924022e-09, "Tyranitar": 4.614953474924022e-09, "Aerodactyl": 6.492399950985828e-10, "Swampert": 6.492399950985828e-10, "Starmie": 0.0, "Tauros": 0.0}, "Checks and Counters": {}, "usage": 0.8234366}, "Arcanine": {"Raw count": 10, "Viability Ceiling": [3, 74, 74, 74], "Abilities": {"intimidate": 0.2177147269421092}, "Items": {"whiteherb": 0.2177147269421092}, "Spreads": {"Modest:168/0/0/16/132/192": 0.21771472232715572, "Rash:96/148/0/12/0/252": 4.614953474924022e-09, "Mild:104/0/0/252/0/152": 0.0}, "Moves": {"overheat": 0.2177147269421092, "extremespeed": 0.2177147269421092, "protect": 0.2177147269421092, "charm": 0.2177147269421092, "crunch": 0.0, "hiddenpowergrass": 0.0}, "Tera Types": {"nothing": 0.2177147269421092}, "Happiness": {"255": 0.2177147269421092}, "Teammates": {"Zapdos": 0.13860249450239354, "Metagross": 0.13860248988744006, "Latias": 0.13860249450239354, "Snorlax": 0.13860249450239354, "Latios": 0.13860248988744006, "Regirock": 4.614953474924022e-09, "Tyranitar": 4.614953474924022e-09, "Gengar": 0.0, "empty": 0.0}, "Checks and Counters": {}, "usage": 0.8234366}, "Latios": {"Raw count": 10, "Viability Ceiling": [4, 74, 74, 74], "Abilities": {"levitate": 0.2177147229763957}, "Items": {"leftovers": 0.21771472232715572, "lumberry": 6.492399950985828e-10, "cheriberry": 0.0}, "Spreads": {"Timid:76/0/0/180/0/252": 0.21771472232715572, "Modest:124/0/40/244/60/40": 6.492399950985828e-10, "Timid:4/0/0/252/0/252": 0.0}, "Moves": {"calmmind": 0.2177147229763957, "protect": 0.2177147229763957, "dragonclaw": 0.2177147229763957, "substitute": 0.21771472232715572, "hiddenpowerfire": 6.492399950985828e-10, "psychic": 0.0, "icebeam": 0.0, "thunderbolt": 0.0}, "Tera Types": {"nothing": 0.2177147229763957}, "Happiness": {"255": 0.2177147229763957}, "Teammates": {"Zapdos": 0.13860248988744006,