{"info": {"metagame": "gen2ubers", "cutoff": 1760.0, "cutoff deviation": 0, "team type": null, "number of battles": 27}, "data": {"Snorlax": {"Raw count": 54, "Viability Ceiling": [23, 76, 76, 67], "Abilities": {"noability": 0.8733491586364934}, "Items": {"leftovers": 0.8733491586364934}, "Spreads": {"Serious:252/252/252/252/252/252": 0.8733491586364934}, "Moves": {"doubleedge": 0.5943175752161372, "curse": 0.8733491586364934, "rest": 0.8699847312220212, "sleeptalk": 0.00675499914316291, "lovelykiss": 0.7637569974193217, "selfdestruct": 0.0, "return": 0.2756031449690909, "bodyslam": 0.0034284384512654476, "earthquake": 6.401103679326559e-05, "surf": 0.003364427414472182, "toxic": 0.10277315103721596, "protect": 0.0, "icebeam": 0.0}, "Tera Types": {"nothing": 0.8733491586364934}, "Happiness": {"255": 0.8733491586364934}, "Teammates": {"Mew": 0.32484356792516683, "Mewtwo": 0.6478363820103357, "Ho-Oh": 0.006819729694677146, "Celebi": 0.010523102915453497, "Cloyster": 0.6036881521212971, "Suicune": 3.2859499426995953e-07, "Tyranitar": 0.272827032148787, "Heracross": 0.0004026492904303236, "Steelix": 6.989436796001058e-08, "Misdreavus": 0.0004025793960623636, "Raikou": 0.32595433350858444, "Lugia": 0.5575574896068529, "Golem": 0.3689463372888038, "Forretress": 0.04635643119469157, "Umbreon": 6.521628293248982e-05, "Nidoking": 0.0, "Zapdos": 0.0864221862571834, "Gengar": 0.0, "Blissey": 0.0, "Rhydon": 0.003364427414472182, "Dragonite": 2.5870062630994894e-07, "Miltank": 0.0, "Jolteon": 0.0}, "Checks and Counters": {}, "usage": 0.9999988999999999}, "Mewtwo": {"Raw count": 44, "Viability Ceiling": [21, 76, 76, 59], "Abilities": {"noability": 0.8699842212885267}, "Items": {"leftovers": 0.8699842212885267}, "Spreads": {"Serious:252/252/252/252/252/252": 0.8699205876987686, "Serious:252/0/252/252/252/252": 6.363358975819411e-05}, "Moves": {"psychic": 0.41699454166577793, "thunderbolt": 0.10277315103721596, "fireblast": 0.27526412926841876, "thunderwave": 0.0011578784290023902, "thunder": 0.765586978836488, "icebeam": 0.4526514693072862, "dynamicpunch": 0.10877343817570034, "selfdestruct": 0.4525871002266866, "recover": 0.0016235043865614474, "flamethrower": 0.00040338478127177613, "hiddenpowerbug": 0.0, "barrier": 0.0004026579642743555, "rest": 0.41693002412259833, "sleeptalk": 0.41692964667556326, "blizzard": 0.0, "substitute": 0.0, "shadowball": 0.0, "submission": 0.0678586028302271, "toxic": 0.0, "reflect": 3.774470350714765e-07}, "Tera Types": {"nothing": 0.8699842212885267}, "Happiness": {"255": 0.8699842212885267}, "Teammates": {"Celebi": 0.007158165567486774, "Ho-Oh": 0.006819219761182604, "Lugia": 0.5575574896068529, "Mew": 0.3214798760015361, "Tyranitar": 0.272827032148787, "Snorlax": 0.6478363820103357, "Cloyster": 0.6036881521212971, "Suicune": 3.2859499426995953e-07, "Heracross": 0.00040338478127177613, "Steelix": 6.989436796001058e-08, "Forretress": 0.042990758355883396, "Misdreavus": 0.0004025793960623636, "Raikou": 0.32595433350858444, "Golem": 0.36894509186446783, "Zapdos": 0.08305775884271122, "Umbreon": 6.470634943794851e-05, "Persian": 0.0, "Houndoom": 0.0, "Nidoqueen": 0.0, "Nidoking": 0.0, "Blissey": 0.0, "Dragonite": 2.5870062630994894e-07, "Jolteon": 0.0}, "Checks and Counters": {}, "usage": 0.9948315999999999}, "Cloyster": {"Raw count": 21, "Viability Ceiling": [10, 76, 76, 72], "Abilities": {"noability": 0.8009672926878943}, "Items": {"leftovers": 0.8009036590981362, "miracleberry": 0.0, "pinkbow": 6.363358975819411e-05}, "Spreads": {"Serious:252/252/252/252/252/252": 0.8009672926878943}, "Moves": {"spikes": 0.8009672926878943, "surf": 0.8009672141196824, "toxic": 0.5253641390449595, "explosion": 0.8009672926878943, "icywind": 0.0004025793960623636, "hiddenpowerelectric": 0.27520049567866056, "icebeam": 7.85682119919251e-08, "curse": 7.85682119919251e-08}, "Tera Types": {"nothing": 0.8009672926878943}, "Happiness": {"255": 0.8009672926878943}, "Teammates": {"Mew": 0.27848838215481125, "Mewtwo": 0.6036881521212971, "Snorlax": 0.6036881521212971, "Ho-Oh": 0.005661341332180214, "Celebi": 0.006000287138484384, "Misdreavus": 0.0004025793960623636, "Heracross": 0.0004025793960623636, "Raikou": 0.3247971905704235, "Lugia": 0.5575572309062267, "Golem": 0.3247971905704235, "Zapdos": 0.04006700048682782, "Steelix": 0.0, "Tyranitar": 0.27282696225441905, "Gengar": 0.0, "Umbreon": 6.371215797018603e-05}, "Checks and Counters": {}, "usage": 0.9270356}, "Lugia": {"Raw count": 21, "Viability Ceiling": [8, 76, 76, 72], "Abilities": {"noability": 0.692130598369471}, "Items": {"leftovers": 0.692130598369471}, "Spreads": {"Serious:252/252/252/252/252/252": 0.692130598369471}, "Moves": {"aeroblast": 0.6921305198012591, "psychic": 0.0, "whirlwind": 0.4149766188048922, "recover": 0.6921302209224358, "curse": 0.692130598369471, "whirlpool": 0.27715397956457866, "earthquake": 7.85682119919251e-08, "surf": 3.774470350714765e-07}, "Tera Types": {"nothing": 0.692130598369471}, "Happiness": {"255": 0.692130598369471}, "Teammates": {"Mewtwo": 0.5575574896068529, "Celebi": 0.0, "Ho-Oh": 0.0, "Mew": 0.23276004033580322, "Tyranitar": 0.23275996176759123, "Raikou": 0.3247971905704235, "Cloyster": 0.5575572309062267, "Snorlax": 0.5575574896068529, "Golem": 0.3247971905704235, "Forretress": 0.0, "Suicune": 2.5870062630994894e-07, "Nidoking": 0.0, "Dragonite": 2.5870062630994894e-07, "Umbreon": 3.3726883830187404e-07, "Jolteon": 0.0}, "Checks and Counters": {}, "usage": 0.8561964000000001}, "Golem": {"Raw count": 19, "Viability Ceiling": [7, 76, 76, 67], "Abilities": {"noability": 0.4859466378682873}, "Items": {"leftovers": 0.4859466378682873}, "Spreads": {"Serious:252/252/252/252/252/252": 0.4859466378682873}, "Moves": {"endure": 0.1123082204810103, "rapidspin": 0.4859466378682873, "roar": 0.4859466378682873, "explosion": 0.4859466378682873, "earthquake": 0.373638417387277}, "Tera Types": {"nothing": 0.4859466378682873}, "Happiness": {"255": 0.4859466378682873}, "Teammates": {"Mewtwo": 0.36894509186446783, "Raikou": 0.32595433350858444, "Cloyster": 0.3247971905704235, "Snorlax": 0.3689463372888038, "Lugia": 0.3247971905704235, "Celebi": 0.0011583883624969316, "Forretress": 0.04299200378021939, "Ho-Oh": 0.0011583883624969316, "Umbreon": 1.2454243359938388e-06, "Zapdos": 0.042990758355883396, "Mew": 0.042990758355883396, "Gengar": 0.0, "Steelix": 0.0}, "Checks and Counters": {}, "usage": 0.5665614}, "Raikou": {"Raw count": 6, "Viability Ceiling": [2, 76, 76, 76], "Abilities": {"noability": 0.4180867896137242}, "Items": {"leftovers": 0.4180867896137242}, "Spreads": {"Serious:252/252/252/252/252/252": 0.4180867896137242}, "Moves": {"thunder": 0.4180867896137242, "crunch": 0.41692964667556326, "rest": 0.4180867896137242, "sleeptalk": 0.4180867896137242, "roar": 0.0011571429381609377}, "Tera Types": {"nothing": 0.4180867896137242}, "Happiness": {"255": 0.4180867896137242}, "Teammates": {"Mewtwo": 0.32595433350858444, "Cloyster": 0.3247971905704235, "Snorlax": 0.32595433350858444, "Lugia": 0.3247971905704235, "Golem": 0.32595433350858444, "Celebi": 0.0011571429381609377, "Ho-Oh": 0.0011571429381609377}, "Checks and Counters": {}, "usage": 0.500542}, "Mew": {"Raw count": 41, "Viability Ceiling": [18, 72, 72, 67], "Abilities": {"noability": 0.45485883235228497}, "Items": {"leftovers": 0.44926112460986295, "miracleberry": 0.00559770774242202}, "Spreads": {"Serious:252/252/252/252/252/252": 0.45485883235228497}, "Moves": {"transform": 0.0, "toxic": 0.0, "softboiled": 0.10620129061013384, "thunderwave": 0.005598443233263473, "swordsdance": 0.45485883235228497, "fireblast": 0.00559770774242202, "explosion": 0.3486568062513097, "earthquake": 0.4458958831363373, "rockslide": 0.06785860283070261, "hiddenpowerghost": 0.0, "submission": 0.003364427414472182, "shadowball": 0.38133888818940215, "hiddenpowerfighting": 8.140590534444492e-07, "dynamicpunch": 6.363358975819411e-05, "flamethrower": 0.0}, "Tera Types": {"nothing": 0.45485883235228497}, "Happiness": {"255": 0.45485883235228497},