{"info":{"metagame":"gen1nc1997","cutoff":1500,"cutoff deviation":0,"team type":null,"number of battles":3},"data":{"Tauros":{"Raw count":10,"Viability Ceiling":[6,64,64,60],"Abilities":{"noability":6.374004688959039},"Items":{"nothing":6.374004688959039},"Spreads":{"Hardy:248/248/248/248/248/248":0.6281227330807808,"Hardy:248/252/248/252/252/252":3.429808833677094,"Hardy:248/252/248/248/252/248":1.9106532260434794,"Hardy:184/188/192/184/184/192":0.4054198961576852},"Moves":{"bodyslam":3.8238916422256777,"earthquake":5.866186168934526,"substitute":0.6281227330807808,"toxic":0.6281227330807808,"hyperbeam":5.745881955878258,"icebeam":2.5501130467333617,"thunderbolt":2.5501130467333617,"blizzard":2.8238916422256786,"doubleteam":0.879695786943733},"Tera Types":{"nothing":6.374004688959039},"Happiness":{"255":6.374004688959039},"Teammates":{"Snorlax":0.6281227330807808,"Gengar":0.6281227330807808,"Starmie":2.5501130467333617,"Rhydon":0.6281227330807808,"Exeggutor":2.08474748672134,"Alakazam":2.8707965472686263,"Jynx":3.37861506729314,"Dugtrio":1.9219903136525809,"Jolteon":2.429808833677095,"Lapras":1.456624753640559,"Electrode":0.9488062336160452,"Articuno":0.5078185200245138},"Checks and Counters":{},"usage":1},"Jynx":{"Raw count":8,"Viability Ceiling":[4,64,64,64],"Abilities":{"noability":5.374004688959039},"Items":{"nothing":5.374004688959039},"Spreads":{"Hardy:248/248/248/248/248/248":4.460766272776841,"Hardy:176/176/176/176/176/176":0.4054198961576852,"Hardy:248/0/248/248/248/248":0.5078185200245138},"Moves":{"seismictoss":2.5501130467333617,"blizzard":4.866186168934526,"lovelykiss":5.374004688959039,"psychic":5.374004688959039,"doubleteam":2.8238916422256786,"rest":0.5078185200245138},"Tera Types":{"nothing":5.374004688959039},"Happiness":{"255":5.374004688959039},"Teammates":{"Alakazam":2.8707965472686263,"Tauros":3.37861506729314,"Dugtrio":1.9219903136525809,"Jolteon":2.429808833677095,"Starmie":1.9219903136525809,"Lapras":1.456624753640559,"Exeggutor":1.456624753640559,"Electrode":0.9488062336160452,"Articuno":0.5078185200245138},"Checks and Counters":{},"usage":0.8432334},"Alakazam":{"Raw count":7,"Viability Ceiling":[3,64,64,64],"Abilities":{"noability":4.832643539696059},"Items":{"nothing":4.832643539696059},"Spreads":{"Hardy:248/248/248/248/248/248":2.9219903136525804,"Hardy:248/252/252/248/252/252":1.9106532260434794},"Moves":{"psychic":4.832643539696059,"recover":4.460766272776841,"thunderwave":4.460766272776841,"seismictoss":2.5501130467333617,"doubleteam":1.9106532260434794,"":1.1156318007576578},"Tera Types":{"nothing":4.832643539696059},"Happiness":{"255":4.832643539696059},"Teammates":{"Jynx":2.8707965472686263,"Tauros":2.8707965472686263,"Dugtrio":1.9219903136525809,"Jolteon":1.9219903136525809,"Starmie":1.9219903136525809,"Lapras":0.9488062336160452,"Exeggutor":0.9488062336160452,"Electrode":0.9488062336160452},"Checks and Counters":{},"usage":0.7164922},"Starmie":{"Raw count":7,"Viability Ceiling":[4,60,60,60],"Abilities":{"noability":3.955532942891047},"Items":{"nothing":3.955532942891047},"Spreads":{"Hardy:248/248/248/248/248/248":1,"Hardy:252/248/248/252/248/248":2.5501130467333617,"Hardy:160/160/160/160/160/164":0.4054198961576852},"Moves":{"blizzard":0.6281227330807808,"hydropump":0.6281227330807808,"reflect":0.6281227330807808,"thunderwave":0.6281227330807808,"recover":3.3274102098102656,"psychic":3.3274102098102656,"thunderbolt":2.5501130467333617,"minimize":2.955532942891047,"surf":0.7772971630769044,"icebeam":0.37187726691921924},"Tera Types":{"nothing":3.955532942891047},"Happiness":{"255":3.955532942891047},"Teammates":{"Tauros":2.5501130467333617,"Snorlax":0.6281227330807808,"Gengar":0.6281227330807808,"Rhydon":0.6281227330807808,"Exeggutor":0.6281227330807808,"Alakazam":1.9219903136525809,"Jynx":1.9219903136525809,"Dugtrio":1.9219903136525809,"Jolteon":1.9219903136525809},"Checks and Counters":{},"usage":0.6364562},"Jolteon":{"Raw count":5,"Viability Ceiling":[2,60,60,60],"Abilities":{"noability":3.0579315667578753},"Items":{"nothing":3.0579315667578753},"Spreads":{"Hardy:248/248/248/248/248/248":3.0579315667578753},"Moves":{"thunderbolt":3.0579315667578753,"pinmissile":3.0579315667578753,"doubleteam":3.0579315667578753,"quickattack":2.5501130467333617,"rest":0.5078185200245138},"Tera Types":{"nothing":3.0579315667578753},"Happiness":{"255":3.0579315667578753},"Teammates":{"Alakazam":1.9219903136525809,"Jynx":2.429808833677095,"Tauros":2.429808833677095,"Dugtrio":1.9219903136525809,"Starmie":1.9219903136525809,"Lapras":0.5078185200245138,"Articuno":0.5078185200245138,"Exeggutor":0.5078185200245138},"Checks and Counters":{},"usage":0.6064307},"Exeggutor":{"Raw count":4,"Viability Ceiling":[3,64,64,64],"Abilities":{"noability":3.046594479148774},"Items":{"nothing":3.046594479148774},"Spreads":{"Hardy:248/248/248/248/248/248":2.5387759591242602,"Hardy:248/0/248/248/248/248":0.5078185200245138},"Moves":{"explosion":2.5387759591242602,"psychic":3.046594479148774,"megadrain":0.6281227330807808,"sleeppowder":3.046594479148774,"stunspore":1.9106532260434794,"rest":0.5078185200245138,"leechseed":0.5078185200245138},"Tera Types":{"nothing":3.046594479148774},"Happiness":{"255":3.046594479148774},"Teammates":{"Tauros":2.08474748672134,"Snorlax":0.6281227330807808,"Gengar":0.6281227330807808,"Starmie":0.6281227330807808,"Rhydon":0.6281227330807808,"Jynx":1.456624753640559,"Lapras":1.456624753640559,"Electrode":0.9488062336160452,"Alakazam":0.9488062336160452,"Articuno":0.5078185200245138,"Jolteon":0.5078185200245138},"Checks and Counters":{},"usage":0.5203104},"Dugtrio":{"Raw count":4,"Viability Ceiling":[1,60,60,60],"Abilities":{"noability":2.5501130467333617},"Items":{"nothing":2.5501130467333617},"Spreads":{"Hardy:248/248/248/248/248/248":2.5501130467333617},"Moves":{"earthquake":2.5501130467333617,"hyperbeam":2.5501130467333617,"rockslide":2.5501130467333617,"bodyslam":2.5501130467333617},"Tera Types":{"nothing":2.5501130467333617},"Happiness":{"255":2.5501130467333617},"Teammates":{"Alakazam":1.9219903136525809,"Jynx":1.9219903136525809,"Tauros":1.9219903136525809,"Jolteon":1.9219903136525809,"Starmie":1.9219903136525809},"Checks and Counters":{},"usage":0.47968960000000005},"Lapras":{"Raw count":3,"Viability Ceiling":[2,64,64,64],"Abilities":{"noability":2.4184717460679934},"Items":{"nothing":2.4184717460679934},"Spreads":{"Hardy:252/252/252/252/248/248":1.9106532260434794,"Hardy:248/0/248/248/248/248":0.5078185200245138},"Moves":{"blizzard":2.4184717460679934,"thunderbolt":2.4184717460679934,"doubleteam":2.4184717460679934,"rest":2.4184717460679934},"Tera Types":{"nothing":2.4184717460679934},"Happiness":{"255":2.4184717460679934},"Teammates":{"Jynx":1.456624753640559,"Tauros":1.456624753640559,"Exeggutor":1.456624753640559,"Electrode":0.9488062336160452,"Alakazam":0.9488062336160452,"Articuno":0.5078185200245138,"Jolteon":0.5078185200245138},"Checks and Counters":{},"usage":0.3635438},"Electrode":{"Raw count":3,"Viability Ceiling":[2,64,64,64],"Abilities":{"noability":2.3160731222011646},"Items":{"nothing":2.3160731222011646},"Spreads":{"Hardy:248/252/252/248/248/252":1.9106532260434794,"Hardy:176/176/176/176/176/176":0.4054198961576852},"Moves":{"thunderbolt":2.3160731222011646,"thunderwave":2.3160731222011646,"doubleteam":1.9106532260434794,"explosion":2.3160731222011646,"lightscreen":0.4054198961576852},"Tera Types":{"nothing":2.3160731222011646},"Happiness":{"255":2.3160731222011646},"Teammates":{"Jynx":0.9488062336160452,"Tauros":0.9488062336160452,"Lapras":0.9488062336160452,"Exeggutor":0.9488062336160452,"Alakazam":0.9488062336160452},"Checks and Counters":{},"usage":0.2368027},"Snorlax":{"Raw count":2,"Viability Ceiling":[2,55,55,55],"Abilities":{"noability":1},"Items":{"nothing":1},"Spreads":{"Hardy:248/248/248/248/248/248":0.6281227330807808,"Hardy:252/252/248/248/252/252":0.37187726691921924},"Moves":{"bodyslam":0.6281227330807808,"blizzard":0.6281227330807808,"headbutt":0.6281227330807808,"toxic":1,