{"info": {"metagame": "gen2ubers", "cutoff": 1630.0, "cutoff deviation": 0, "team type": null, "number of battles": 27}, "data": {"Snorlax": {"Raw count": 54, "Viability Ceiling": [23, 76, 76, 67], "Abilities": {"noability": 16.40469411416047}, "Items": {"leftovers": 16.40469411416047}, "Spreads": {"Serious:252/252/252/252/252/252": 16.40469411416047}, "Moves": {"doubleedge": 7.685205181202098, "curse": 16.40469411416047, "rest": 12.286819859798365, "sleeptalk": 0.19545032440478044, "lovelykiss": 15.061112824036936, "selfdestruct": 0.0, "return": 4.59250984860728, "bodyslam": 4.126979084351097, "earthquake": 0.009104829988990037, "surf": 4.117874254362107, "toxic": 1.1390261357297653, "protect": 0.0, "icebeam": 0.0}, "Tera Types": {"nothing": 16.40469411416047}, "Happiness": {"255": 16.40469411416047}, "Teammates": {"Mew": 9.479558276354473, "Mewtwo": 9.411873935813245, "Ho-Oh": 0.3172727544421223, "Celebi": 4.455712549167168, "Cloyster": 8.489565364623402, "Suicune": 0.0010101402575330987, "Tyranitar": 4.338132846456345, "Heracross": 0.029246377638524057, "Steelix": 0.00046723529555542376, "Misdreavus": 0.028779142342968633, "Raikou": 4.020400631220377, "Lugia": 7.7748980468429325, "Golem": 5.006191234877152, "Forretress": 5.103664858018882, "Umbreon": 0.1241415002280577, "Nidoking": 0.0, "Zapdos": 5.523061539571231, "Gengar": 0.0, "Blissey": 0.0, "Rhydon": 4.117874254362107, "Dragonite": 0.0005429049619776749, "Miltank": 0.0, "Jolteon": 0.0}, "Checks and Counters": {}, "usage": 0.9995347}, "Mew": {"Raw count": 41, "Viability Ceiling": [18, 72, 72, 67], "Abilities": {"noability": 11.25186708413405}, "Items": {"leftovers": 11.10777681558641, "miracleberry": 0.14409026854763884}, "Spreads": {"Serious:252/252/252/252/252/252": 11.25186708413405}, "Moves": {"transform": 0.0, "toxic": 0.0, "softboiled": 5.2677297761434385, "thunderwave": 0.1484808557359794, "swordsdance": 11.25186708413405, "fireblast": 0.14409026854763884, "explosion": 5.979746720802271, "earthquake": 6.984857509069372, "rockslide": 1.274354300390822, "hiddenpowerghost": 0.0, "submission": 4.117874254362107, "shadowball": 9.825208913215558, "hiddenpowerfighting": 0.0050450521549319505, "dynamicpunch": 0.008213601980029683, "flamethrower": 0.0}, "Tera Types": {"nothing": 11.25186708413405}, "Happiness": {"255": 11.25186708413405}, "Teammates": {"Mewtwo": 5.366074609180707, "Celebi": 4.268316429203032, "Ho-Oh": 0.1586557768209545, "Lugia": 3.804192866255573, "Tyranitar": 4.3396269302657355, "Snorlax": 9.479558276354473, "Cloyster": 4.49062394665505, "Forretress": 4.988934329699422, "Zapdos": 5.523061539571231, "Steelix": 0.0, "Umbreon": 0.015219973239907036, "Heracross": 0.004390587188340567, "Golem": 0.8710600753373159, "Gengar": 0.0, "Blissey": 0.0, "Rhydon": 4.117874254362107, "Smeargle": 0.0019613191049454026, "Miltank": 0.0, "Nidoking": 0.0}, "Checks and Counters": {}, "usage": 0.6948962000000001}, "Mewtwo": {"Raw count": 44, "Viability Ceiling": [21, 76, 76, 59], "Abilities": {"noability": 12.176479918667246}, "Items": {"leftovers": 12.176479918667246}, "Spreads": {"Serious:252/252/252/252/252/252": 12.168266316687218, "Serious:252/0/252/252/252/252": 0.008213601980029683}, "Moves": {"psychic": 4.97868956419725, "thunderbolt": 1.1390261357297653, "fireblast": 4.571477072948785, "thunderwave": 0.054628942783335355, "thunder": 10.945832095831149, "icebeam": 7.181615401295401, "dynamicpunch": 1.3118955466203728, "selfdestruct": 7.16901121212703, "recover": 0.08835280018013991, "flamethrower": 0.033636964826864624, "hiddenpowerbug": 0.0, "barrier": 0.029433607309560017, "rest": 4.964963674766732, "sleeptalk": 4.964072446757772, "blizzard": 0.0, "substitute": 0.0, "shadowball": 0.0, "submission": 1.2723929812858765, "toxic": 0.0, "reflect": 0.0008912280089603541}, "Tera Types": {"nothing": 12.176479918667246}, "Happiness": {"255": 12.176479918667246}, "Teammates": {"Celebi": 0.22749835367394283, "Ho-Oh": 0.20693281331100388, "Lugia": 7.7748980468429325, "Mew": 5.366074609180707, "Tyranitar": 4.338132846456345, "Snorlax": 9.411873935813245, "Cloyster": 8.489565364623402, "Suicune": 0.0010101402575330987, "Heracross": 0.033636964826864624, "Steelix": 0.00046723529555542376, "Forretress": 0.8710600753373159, "Misdreavus": 0.028779142342968633, "Raikou": 4.020400631220377, "Golem": 4.891460706557693, "Zapdos": 1.4051872852091245, "Umbreon": 0.013801559096939309, "Persian": 0.0, "Houndoom": 0.0, "Nidoqueen": 0.0, "Nidoking": 0.0, "Blissey": 0.0, "Dragonite": 0.0005429049619776749, "Jolteon": 0.0}, "Checks and Counters": {}, "usage": 0.6897943}, "Cloyster": {"Raw count": 21, "Viability Ceiling": [10, 76, 76, 72], "Abilities": {"noability": 10.84809953129352}, "Items": {"leftovers": 10.839885929313489, "miracleberry": 0.0, "pinkbow": 0.008213601980029683}, "Spreads": {"Serious:252/252/252/252/252/252": 10.84809953129352}, "Moves": {"spikes": 10.84809953129352, "surf": 10.847445066326928, "toxic": 6.255402453015206, "explosion": 10.84809953129352, "icywind": 0.028779142342968633, "hiddenpowerelectric": 4.563263470968755, "icebeam": 0.0006544649665913838, "curse": 0.0006544649665913838}, "Tera Types": {"nothing": 10.84809953129352}, "Happiness": {"255": 10.84809953129352}, "Teammates": {"Mew": 4.49062394665505, "Mewtwo": 8.489565364623402, "Snorlax": 8.489565364623402, "Ho-Oh": 0.15230387052766853, "Celebi": 0.17286941089060748, "Misdreavus": 0.028779142342968633, "Heracross": 0.028779142342968633, "Raikou": 3.9701622756253823, "Lugia": 7.774355141880954, "Golem": 3.9701622756253823, "Zapdos": 0.5341272098718086, "Steelix": 0.0, "Tyranitar": 4.337665611160791, "Gengar": 0.0, "Umbreon": 0.008868066946621067}, "Checks and Counters": {}, "usage": 0.6219083}, "Lugia": {"Raw count": 21, "Viability Ceiling": [8, 76, 76, 72], "Abilities": {"noability": 9.52888161070208}, "Items": {"leftovers": 9.52888161070208}, "Spreads": {"Serious:252/252/252/252/252/252": 9.52888161070208}, "Moves": {"aeroblast": 9.528227145735487, "psychic": 0.0, "whirlwind": 6.5478405071526025, "recover": 9.527990382693119, "curse": 9.52888161070208, "whirlpool": 2.9810411035494755, "earthquake": 0.0006544649665913838, "surf": 0.0008912280089603541}, "Tera Types": {"nothing": 9.52888161070208}, "Happiness": {"255": 9.52888161070208}, "Teammates": {"Mewtwo": 7.7748980468429325, "Celebi": 0.0, "Ho-Oh": 0.0, "Mew": 3.804192866255573, "Tyranitar": 3.8035384012889817, "Raikou": 3.9701622756253823, "Cloyster": 7.774355141880954, "Snorlax": 7.7748980468429325, "Golem": 3.9701622756253823, "Forretress": 0.0, "Suicune": 0.0005429049619776749, "Nidoking": 0.0, "Dragonite": 0.0005429049619776749, "Umbreon": 0.0011973699285690587, "Jolteon": 0.0}, "Checks and Counters": {}, "usage": 0.5695549}, "Zapdos": {"Raw count": 24, "Viability Ceiling": [8, 68, 68, 68], "Abilities": {"noability": 6.529293371377748}, "Items": {"leftovers": 6.529293371377748}, "Spreads": {"Serious:252/252/252/252/252/252": 6.529293371377748, "Serious:252/0/252/252/252/252": 0.0}, "Moves": {"thunder": 6.529293371377748, "hiddenpowerwater": 1.9599073123129098, "rest": 6.529293371377748, "sleeptalk": 2.411419117015642, "hiddenpowerice": 3.4303599233350734, "whirlwind": 4.117874254362107, "drillpeck": 1.1390261357297653}, "Tera Types": {"nothing": 6.529293371377748}, "Happiness": {"255": 6.529293371377748}, "Teammates": {"Mewtwo": 1.4051872852091245, "Mew": 5.523061539571231, "Snorlax": 5.523061539571231, "Steelix": 0.0, "Cloyster": 0.5341272098718086, "Forretress": 4.988934329699422, "Golem": 0.8710600753373159, "Tyranitar": 0.5341272098718086, "Blissey": 0.0, "Rhydon": 4.117874254362107, "Celebi": 4.117874254362107}, "Checks and Counters": {}, "usage": 0.4045953}, "Forretress": {"Raw count": 24, "Viability Ceiling": [7, 68, 68, 59], "Abilities": {"noability": 5.504997763967442}, "Items": {"leftovers": 5.504997763967442}, "Spreads": {"Serious:252/252/252/252/252/252": 5.504997763967442}, "Moves": {"toxic": 0.11473052831945896, "spikes": 5.504997763967442,